_site_id,_site_sequence,label,class_name,split,source_dataset,urs,pos
P072255,AACCACCAAGAUCGCUGAUGC,1,positive,train,GSE308686,URS000052FCE0_9606,64
P062934,GAGUUCCCAGAGAACGGGGCU,1,positive,train,GSE136967,URS000013F331_9606,147
N004135,GCCUUGUUCCGACAAGGCUNN,0,negative,train,GSE136967,URS00006E1BD2_9606,108
P072939,UGCCAUCACCGCAGCGCUCUG,1,positive,train,GSE308686,URS00002E0EE8_9606,50
N006630,GCAGGGGAGAUAACGUGACCA,0,negative,train,GSE279647,URS000012964C_9606,22
P071551,AACCUUUUCACUGCUGUUCAC,1,positive,train,GSE308686,URS0000A76DCB_9606,29
P062486,CAUGGCCCCUGCGCAAGGAUG,1,positive,train,GSE136967,URS000035C796_9606,65
N002621,NNNNNNUGGGAAGUGAUGACA,0,negative,train,GSE136967,URS0000185C0B_9606,5
N007629,UCUUUGUAUCUAGCACCAUUU,0,negative,train,GSE279647,URS00001E96DA_9606,52
N083369,AUAGAAUGGGUAAAAAUGAUU,0,negative,train,GSE136967,URS00023473A4_9606,561
N004798,GGCACACGAUGACAAAAUAUC,0,negative,train,GSE136967,URS0000633321_9606,75
P058404,NGUGCACAUUUCAUUGACCUG,1,positive,train,GSE136967,URS000033A30E_9606,10
N009119,NNNNNNNNNAUAUUUACUUGG,0,negative,train,GSE279647,URS0000308A28_9606,2
N019373,GAUAAUAUAAUAAAUAGAUUU,0,negative,train,GSE279647,URS00006D8741_9606,92
N000152,AGCAAAUUUUUUGAAGCCCUA,0,negative,train,GSE136967,URS00006729B1_9606,93
P073472,AUUUAGGUACUGAGAAGGNNN,1,positive,train,GSE308686,URS00004BEE5E_9606,68
P068048,UGUUUCCAAGGGCUGUGGCUG,1,positive,train,GSE308686,URS000002FDBC_9606,16
P059846,GAUGACUUCCAUAUAUACAUU,1,positive,train,GSE136967,URS00006BC7F5_9606,19
N008304,NNNNNNNNNNUCAAAGUGCUU,0,negative,train,GSE279647,URS0000259C2E_9606,1
N014310,NGACAGUUACAGCUCUUUUAG,0,negative,train,GSE279647,URS0000653075_9606,10
N024345,CUCACCGCUGCUGCCUGCGUU,0,negative,train,GSE279647,URS0000C8E9D0_9606,45
P067309,UGACUGAAGACCAGCAGUUGU,1,positive,train,GSE308686,URS0000552BBC_9606,18
P060595,CAAUGAUGACUUCCAUACAUG,1,positive,train,GSE136967,URS000063EF58_9606,15
P077412,ACUUUUUCCCAUAGGGCGGAG,1,positive,train,GSE279647,URS000061A549_9606,275
P058889,CAGCGACAGUUGCCUGCUGUC,1,positive,train,GSE136967,URS0000679E95_9606,47
N000198,UGAUUAUUACUACUUUAGCUC,0,negative,train,GSE136967,URS0000668E0B_9606,49
N002751,NNNNNNNNNNCCACAAUGAUG,0,negative,train,GSE136967,URS0000434604_9606,1
N045783,UUUUAGCAGGGCUUNNNNNNN,0,negative,train,GSE308686,URS000075DD00_9606,116
N003493,GGUAGAGCAUGAGACUCUUAA,0,negative,train,GSE136967,URS00001AD596_9606,28
P071164,AAUGAUGAGAUAUAACCUUGA,1,positive,train,GSE308686,URS000075EC44_9606,26
P058113,UGAACUUUCAAGUGAUGUCAU,1,positive,train,GSE136967,URS000041615F_9606,46
P066799,NNNNNNNNCUUCCCAUUUAUU,1,positive,train,GSE308686,URS00005682D3_9606,3
P057849,AUAUAGCUGCUAAGUGCUGUG,1,positive,train,GSE136967,URS00006623A0_9606,30
P072449,NNNNNNNNGGCCGGUGAUGAG,1,positive,train,GSE308686,URS000008DC88_9606,3
N056206,UGGCUGCCCACAUGGNNNNNN,0,negative,train,GSE308686,URS00004C8BD1_9606,133
P062199,NNNNNNNGGACCAUGAUGAUG,1,positive,train,GSE136967,URS0000ABD890_9606,4
P072549,UGGGCACUGCUGAGAAAGCCA,1,positive,train,GSE308686,URS00005F7BA1_9606,55
N012843,AAGCUAAGCAGGGUCAAGCCU,0,negative,train,GSE279647,URS0000632BBF_9606,58
P062284,ACGAUGGUCUGCGGAUGUCCC,1,positive,train,GSE136967,URS000026935A_9606,32
P077256,CUUAAAACUCAAAGGACCUGG,1,positive,train,GSE279647,URS000044DFF6_9606,519
P064720,GGUGUCCCCUUCCUCCCUCAC,1,positive,train,GSE308686,URS0000734D8F_9606,92
P080879,UCCAUGCAUCGACCUGGUAUU,1,positive,train,GSE279647,URS00006BD63C_9606,152
N013375,GACUUUUAGUGGUGGAUCACU,0,negative,train,GSE279647,URS000063E55A_9606,11
N008230,UUUAAAGGAUAACAGCUAUCC,0,negative,train,GSE279647,URS0000245BF4_9606,15
P063649,UUUUUGCAAUAAUGCUAGCAG,1,positive,train,GSE308686,URS000075EAF7_9606,68
P062523,CGGCAGCACAUAUACUAAAAU,1,positive,train,GSE136967,URS000035C796_9606,21
P064049,CUGAUUUGUGACUUAAGAUUA,1,positive,train,GSE308686,URS0000283D0A_9606,45
N083453,CUGCUACAAGGACGGAGGUGG,0,negative,train,GSE136967,URS00023473A4_9606,747
N015154,NNNNNUUCAAUGUUGUCAAUG,0,negative,train,GSE279647,URS0000666DC3_9606,6
P059304,UCUGACACCUCGUAUGAAAAC,1,positive,train,GSE136967,URS000053336F_9606,35
P063898,AUUUAGGUAGUUUCCUGUUGU,1,positive,train,GSE308686,URS000075D019_9606,22
P067708,GUUGGCAUCCUUGCCCUGGGA,1,positive,train,GSE308686,URS000037D7AE_9606,83
P076975,CGUCCUCUAUCCGAGGACAAU,1,positive,train,GSE279647,URS00006D1C46_9606,77
N036843,UGACUUGUGCCAUUCUGCUGU,0,negative,train,GSE308686,URS0000018549_9606,100
P059326,GUCCUUGUCAGUGCCAUGUUC,1,positive,train,GSE136967,URS000043549A_9606,60
P079529,GCCUGACAACACGCAUACGGU,1,positive,train,GSE279647,URS00006C0FA0_9606,72
P070204,AAAGGGAGGGAAAGCAAGCCU,1,positive,train,GSE308686,URS00003852FE_9606,61
N013185,UCCCCCUUUCACUACUGCACU,0,negative,train,GSE279647,URS000063860F_9606,85
P071467,UAAGUCCCUCUCAGUGAAGGG,1,positive,train,GSE308686,URS00008E3A5F_9606,182
P062754,NAAAAAGGGCUUCUGUCGUGA,1,positive,train,GSE136967,URS000000A142_9606,10
N010721,UGUUAACACAAACACCUCUUU,0,negative,train,GSE279647,URS0000488BFE_9606,79
N004813,GAAUUACUCUGAGACCUGNNN,0,negative,train,GSE136967,URS0000668E0B_9606,72
N047621,AGCAGGAUCGAUGCCUGCAUU,0,negative,train,GSE308686,URS0000674B10_9606,58
N004771,UGUACUACUCANNNNNNNNNN,0,negative,train,GSE136967,URS000075C2C2_9606,79
P060779,GAUGAGUAAUACUGGCUGGAG,1,positive,train,GSE136967,URS00008E3964_9606,20
N023349,NNNAGAAAGCUCACAAGAACU,0,negative,train,GSE279647,URS0000761EC9_9606,8
P064105,CUGCUGGGGGUUGUAGUCNNN,1,positive,train,GSE308686,URS000075CFD7_9606,76
P058604,AUUUCCGUGGAGAGAAACGAG,1,positive,train,GSE136967,URS0000673862_9606,61
N021294,GCCUCCUUAGUGCAGUAGGUA,0,negative,train,GSE279647,URS00007142C3_9606,11
N024824,NNNNNNNNAGCACCCAACUUA,0,negative,train,GSE279647,URS0000E2CD46_9606,3
P074065,ACUCAAACUGCUGACAGCACA,1,positive,train,GSE308686,URS00006A38AA_9606,74
P062169,UAUCGUAGCCAAUGAGGUCUA,1,positive,train,GSE136967,URS00003F07BD_9606,29
N003397,AUUUUUUGAAGCCCUAUGUUG,0,negative,train,GSE136967,URS00006729B1_9606,98
N020519,CAAUUUUUUGAGGCCUCUUAU,0,negative,train,GSE279647,URS00006F88C8_9606,94
P082126,CCUCAUGUUCAUACACCUAUC,1,positive,train,GSE279647,URS00000B09B7_9606,24
P060268,UUCACUUUGGAAACUAGUGAA,1,positive,train,GSE136967,URS00001BD443_9606,28
N023146,UGUGAGUGUGUGUCGCUCCGG,0,negative,train,GSE279647,URS000075BE91_9606,47
P061056,GACACCAUCCUUGCUCCCCGU,1,positive,train,GSE136967,URS00006D051B_9606,22
N016928,AAAUUGGUACAAUACAGAGAA,0,negative,train,GSE279647,URS000069C4A6_9606,38
P068201,UUCAUGCCUUGGACACAUAGN,1,positive,train,GSE308686,URS0000438819_9606,126
P078369,CACCCUCCUCAAGUAUACUUC,1,positive,train,GSE279647,URS000044DFF6_9606,854
P060183,GGAAGUGCCGUCAGAAGCGAU,1,positive,train,GSE136967,URS0000660E95_9606,33
P062329,GUUCAGUGAUGAGGCCUGGAA,1,positive,train,GSE136967,URS000027315D_9606,14
P059604,AUUGGUCAUUCAAGUGGGGCA,1,positive,train,GSE136967,URS00005F1DD0_9606,49
P072159,AUAUGAUGCGAUAAUUGUUUC,1,positive,train,GSE308686,URS00002E0A2C_9606,65
P081750,CUCACCUGAGUUGUAAAAAAC,1,positive,train,GSE279647,URS000044DFF6_9606,342
P071181,CUGAUGGCAAUGAUGAUUUUU,1,positive,train,GSE308686,URS000075ED7D_9606,25
N017710,GCAUGAAAUGUGACUAAUGUC,0,negative,train,GSE279647,URS00006B483D_9606,79
N037496,GAUAAAUAACUCUGAGGAGAN,0,negative,train,GSE308686,URS0000454FD5_9606,58
P075795,UGGGUUCGAAUCCCACCGCUG,1,positive,train,GSE308686,URS0000120E41_9606,69
P059472,CCAAGUGGCGUAGGGGAGCAU,1,positive,train,GSE136967,URS00004A4D73_9606,54
P081220,CCAGGCUCUGUCCAAGUGGCA,1,positive,train,GSE279647,URS00006422E6_9606,43
P077097,CGAGCGCAUCGCUUCUCGGCC,1,positive,train,GSE279647,URS00021ED9AF_9606,262
P058728,CUUAUAGCGGUGGUUUAAACA,1,positive,train,GSE136967,URS00005357F7_9606,40
P063176,GUCCUGGACCUGUUGGCACCA,1,positive,train,GSE136967,URS00006CC68C_9606,14
N023290,GUGAUGGAUGUUUUCCUCCGG,0,negative,train,GSE279647,URS000075DC96_9606,62
N020654,AUCUCGUCUGAUCUCGAAAGC,0,negative,train,GSE279647,URS00006FD937_9606,42
P063741,CACAGUGAACCGGUCUCUUUC,1,positive,train,GSE308686,URS000046FA49_9606,63
N023215,AGGGACCUGUACUAGCCAUGG,0,negative,train,GSE279647,URS000075C53F_9606,39
N011775,CGGCCAAUGCACNNNNNNNNN,0,negative,train,GSE279647,URS00005AFD62_9606,71
P078393,CCUCUUGCUCAGCCUAUAUAC,1,positive,train,GSE279647,URS000044DFF6_9606,604
N017707,CAGAUAGAACAUGAUGACUGG,0,negative,train,GSE279647,URS00006B483D_9606,54
N012976,NGUCUAAGGGCAUAACACCCU,0,negative,train,GSE279647,URS00006359EA_9606,10
P076668,CGUGGCGCAACGGUAGCGCGU,1,positive,train,GSE308686,URS00001618FC_9606,16
P068431,GUCCAUCUGUGGCCUGCCAGG,1,positive,train,GSE308686,URS00003E7565_9606,33
P082600,GUUACUAUCAGGACUCGACUC,1,positive,train,GSE279647,URS000075B5A7_9606,227
P069376,UCCCUCUCCAAGGGGACAUCA,1,positive,train,GSE308686,URS00004C8BD1_9606,23
P060568,UCUGAUCAAUGUGUGACUGAA,1,positive,train,GSE136967,URS0000130A5F_9606,40
P080340,CCCACGUAAAGACGUUAGGUC,1,positive,train,GSE279647,URS000044DFF6_9606,673
P062662,GUCUGUUGGCUGUUCUGGGAC,1,positive,train,GSE136967,URS0000552BBC_9606,88
N009269,CCAAAACAUCAGAUUGUGAAU,0,negative,train,GSE279647,URS00003361F9_9606,25
N053616,GAUGCCAGCAUAGUUNNNNNN,0,negative,train,GSE308686,URS0000ABD80F_9606,140
N056283,UCUGGGUGCAAACAAUUNNNN,0,negative,train,GSE308686,URS0000148398_9606,194
N017470,ACCUGAUACUGUCUGUUCUCA,0,negative,train,GSE279647,URS00006AC3C1_9606,37
P071962,AACCACAUGAUUUUCUCGGAU,1,positive,train,GSE308686,URS00004DF250_9606,51
N009531,CCCCGGGUUCGACCCCCGGCU,0,negative,train,GSE279647,URS000038D768_9606,56
P058381,CAGUAUAACUAUAAAUAGUAA,1,positive,train,GSE136967,URS000033A30E_9606,93
N003468,UUUUGAGCUACCUCUUUUUAA,0,negative,train,GSE136967,URS0000569A4A_9606,159
P060991,CCCGAACCUGAACUUCUGUUG,1,positive,train,GSE136967,URS00002524EE_9606,29
N023541,GGAAUUUUGUGGUCACAAAUU,0,negative,train,GSE279647,URS00007E4D54_9606,37
P068303,CUUCCUCGUGGCGCCGGGGGU,1,positive,train,GSE308686,URS0000726F61_9606,36
P066213,GCGUGUUUUCAGGGAGGCAGA,1,positive,train,GSE308686,URS0000034D55_9606,55
P070232,GAGGCACCCAUUCCAUUCCCA,1,positive,train,GSE308686,URS00003852FE_9606,86
P060664,AUAACGCCAAGGUCGCGGGUU,1,positive,train,GSE136967,URS0000626F0F_9606,46
P082406,GAAAAGAAAGUUAAAAAAAAA,1,positive,train,GSE279647,URS00033B08A1_9606,255
P070226,GAGUGCCUAGUAUUCUGCCAG,1,positive,train,GSE308686,URS00003852FE_9606,34
P060687,GUUCUGGUCUCCGGAUGGAGG,1,positive,train,GSE136967,URS0000735371_9606,48
P079137,UAAGCGCAAGUACCCACGUAA,1,positive,train,GSE279647,URS000044DFF6_9606,661
N024031,AUUGUAGUAGGUUAUCAGAAC,0,negative,train,GSE279647,URS0000A9958A_9606,21
N018381,AAUAUUUUAAAUGGAUUUUGU,0,negative,train,GSE279647,URS00006C3578_9606,94
P063150,CAGUGGGCACUGAGAAUGGUU,1,positive,train,GSE136967,URS00006CC68C_9606,111
P071494,AGGGAUGUAGUUCUGAUCAUU,1,positive,train,GSE308686,URS00008E3A6E_9606,135
N047048,UAAUCUAUUCUGAGGCUUAAG,0,negative,train,GSE308686,URS00002EC433_9606,64
P061763,CCACCGCCGCAGCCCGGGUUC,1,positive,train,GSE136967,URS0000C8E9E9_9606,39
N023030,CCUCGCCCUGCUUGGGCCCUC,0,negative,train,GSE279647,URS000075AFFE_9606,41
N011447,GCCUUGUUGCAUAUGGAUCAA,0,negative,train,GSE279647,URS0000561D92_9606,38
P059869,CUCCAGAUCAGAAGGUUGCGU,1,positive,train,GSE136967,URS00001A72CE_9606,41
N006880,UUCAGGAAGCUGGUUUCAUAU,0,negative,train,GSE279647,URS0000150A7D_9606,12
P071544,AGUGAUUAAACCUUUUCACUG,1,positive,train,GSE308686,URS0000A76DCB_9606,21
N002699,NNNNNNNNNNGGGCCUCCAUG,0,negative,train,GSE136967,URS00006DA236_9606,1
P073548,CGUUCUGACUUUCGUUCUUCU,1,positive,train,GSE308686,URS000075A693_9606,30
N010620,UAAGUAUUGCAACUUACUGAG,0,negative,train,GSE279647,URS000047C095_9606,18
P059325,CUUGGUCCUUGUCAGUGCCAU,1,positive,train,GSE136967,URS000043549A_9606,56
P060665,GUGGUGCUAAUAACGCCAAGG,1,positive,train,GSE136967,URS0000626F0F_9606,37
N016150,AGAAGAAAUGUUAUGAUCACG,0,negative,train,GSE279647,URS0000681820_9606,24
P059057,AAAGUUAGCUUUUUGGGGGGC,1,positive,train,GSE136967,URS000063EA00_9606,17
N024110,GCGCACACGCCACUCCAGGCU,0,negative,train,GSE279647,URS0000AA83E0_9606,642
P071823,UUCCUUUGGCAGAAGUGUCCU,1,positive,train,GSE308686,URS000043549A_9606,99
P070546,GCAAUCCUGUGAUUUAUGCAU,1,positive,train,GSE308686,URS000064B135_9606,73
N018310,UAUAGCCCCCCACUGCUAAAU,0,negative,train,GSE279647,URS00006C2A6C_9606,72
N015688,GAGUAUUCUGGGGUGUCUGAA,0,negative,train,GSE279647,URS00006762EA_9606,23
P060640,ACCUCUCAUAGUGCCCCAUGC,1,positive,train,GSE136967,URS0000656163_9606,47
P064023,ACAAAUCACAUUGCCAGGGAU,1,positive,train,GSE308686,URS00001CC864_9606,51
P075526,CGGGUUCAAUUCCCGGUCAAG,1,positive,train,GSE308686,URS0000644222_9606,58
N050490,ACUUAAAUGAGGAUAUGUAAG,0,negative,train,GSE308686,URS0000A76DCB_9606,76
P076756,CUGUCUGGGUUGUUCGAGACC,1,positive,train,GSE308686,URS00005CCF67_9606,65
P062045,UGUUAACCGAAAGAUUGGUGG,1,positive,train,GSE136967,URS00006AACBE_9606,44
N023117,GCGGGGGCGGCCGGUGGGAAC,0,negative,train,GSE279647,URS000075B9C6_9606,32
P062707,GCUACUGACAGUAAGUGAAGA,1,positive,train,GSE136967,URS0000A98AD5_9606,40
N009967,UGGAAAAUAGAAAAGUCUCGC,0,negative,train,GSE279647,URS00003DAB6F_9606,55
N010657,UGUACGAGGUCCCGGGUUCAA,0,negative,train,GSE279647,URS000047C79B_9606,47
N011575,CAAGAACUGCUAACUCAUGCC,0,negative,train,GSE279647,URS0000595B38_9606,23
N005704,AGAACCAACACCUCUUUACAG,0,negative,train,GSE279647,URS000007A90A_9606,57
N020243,ACAGAGAAGAUUAGUAUGACC,0,negative,train,GSE279647,URS00006F16DA_9606,51
P058539,UCCAUGAUGUCCAGCACUGGG,1,positive,train,GSE136967,URS00006DA236_9606,16
P069362,AUCUGGCAUGCCUAAGGCCUU,1,positive,train,GSE308686,URS00004C8BD1_9606,77
P059588,UUUGUGCAGACAUACUUUAAA,1,positive,train,GSE136967,URS00006F5B60_9606,44
P061023,UCAACAGCAGUUCACCUAGUG,1,positive,train,GSE136967,URS0000434604_9606,35
N022876,GAGGUCUGCGCAGGCCCCAAC,0,negative,train,GSE279647,URS0000759B0C_9606,12
N021898,NNNNNNNGGUUGGUCCAAAAG,0,negative,train,GSE279647,URS0000724F47_9606,4
N001574,CAAAGGUUGUGGGUUCGAGUC,0,negative,train,GSE136967,URS0000225EE1_9606,51
N008678,UGAUGUUUACCGUUUAAAUCC,0,negative,train,GSE279647,URS00002A66E1_9606,44
P073298,GGCAAUAUUUUUCGUCAACAG,1,positive,train,GSE308686,URS0000434604_9606,21
P061039,GUCUGGCUUAGGACAGCUGGC,1,positive,train,GSE136967,URS0000648DBA_9606,105
P058635,AAACCAAUUUUUUGAGGCCUU,1,positive,train,GSE136967,URS0000673862_9606,92
N031897,GUGCCCGUCCCGGGGCUGCGC,0,negative,train,GSE308686,URS000075B0DE_9606,44
N004781,CUGGCACAAUGAUGACUUAAA,0,negative,train,GSE136967,URS000062C5D9_9606,12
P074550,UUUUGCCGUUUACCCAGCUGA,1,positive,train,GSE308686,URS000075BEB6_9606,32
P065925,AUGACCGGGACGAAUUGAGUG,1,positive,train,GSE308686,URS0000608804_9606,88
P073019,AUAUGUUAGCGACCAAAGCCU,1,positive,train,GSE308686,URS0000456F03_9606,26
N009326,CUCCUUUUAUGAGUGAAACAU,0,negative,train,GSE279647,URS000034C57A_9606,48
N013410,GUCAUACAUGAUGAAUAUGUG,0,negative,train,GSE279647,URS000063F2D8_9606,42
N016135,NNNNNNNNAGGACUGUACUUU,0,negative,train,GSE279647,URS000068123A_9606,3
N045249,GGUCGAAACCGAGCGGAAACA,0,negative,train,GSE308686,URS0000753215_9606,63
P065387,GACACACAGCAAUUCCCUCUC,1,positive,train,GSE308686,URS00001B2620_9606,69
N020353,UCCGAAUGUAGUGAGUUAUCU,0,negative,train,GSE279647,URS00006F4E76_9606,17
P073180,NUUGCUGUGAUGACUAUCAUU,1,positive,train,GSE308686,URS00006C2FB0_9606,10
N015983,GAUUAGCAUGAGGAUGACACG,0,negative,train,GSE279647,URS000067D376_9606,59
N022688,CUAUAGUGGUGAGUAUCUCUG,0,negative,train,GSE279647,URS00007501FD_9606,20
P061730,GUGGACACAGGACACCACGGU,1,positive,train,GSE136967,URS00003B6A48_9606,102
P072988,GAUAACUGACGANNNNNNNNN,1,positive,train,GSE308686,URS000075B39E_9606,47
N021586,CCCUGUCCAGGCGNNNNNNNN,0,negative,train,GSE279647,URS000071C635_9606,71
P065068,GUGGGGCCACGAGCUGAGUGC,1,positive,train,GSE308686,URS000013F331_9606,34
P063404,UUGAUGUGAGUUCUAAAAUUA,1,positive,train,GSE136967,URS0000725609_9606,50
P058847,GUUGUAAUCUGGUAUAUGGCA,1,positive,train,GSE136967,URS00005D459D_9606,98
P078259,NNNNNNNNNNUCGGCUAAGGA,1,positive,train,GSE279647,URS000075D8EE_9606,1
P065193,AGGGCUCUCCCUGAGCUUCGG,1,positive,train,GSE308686,URS000013F331_9606,120
P066353,CAAAAAAGGCGUAAAUUAAAC,1,positive,train,GSE308686,URS00001BD443_9606,57
N023373,NNNNNNNNNCUUAGCAUUAAC,0,negative,train,GSE279647,URS0000768772_9606,2
N025477,CAGGGCUCGUGAUGGCUGGUG,0,negative,train,GSE279647,URS0002330DF9_9606,41
P065674,UUGGAGCGUGUUAGGCGAGUG,1,positive,train,GSE308686,URS000023DE4C_9606,128
P062471,AUGACACGCAAAUUCGUGAAG,1,positive,train,GSE136967,URS000035C796_9606,83
N005197,UAAAGCUAACUUAGCAUUAAC,0,negative,train,GSE279647,URS000000EE2E_9606,16
N016998,CCAAGCAGGGUGGUGCCUGGU,0,negative,train,GSE279647,URS000069DFF8_9606,62
P069055,CGUGUUUGGAGGGUUCACACC,1,positive,train,GSE308686,URS0000468B49_9606,94
P075595,GCCACGCAGGAGGCCCAGGUU,1,positive,train,GSE308686,URS00006D4584_9606,43
N005379,NNNNNNNNNUGUUCUUGUAGU,0,negative,train,GSE279647,URS0000028D1E_9606,2
N003693,CUAGAUAGUCAAGUUCUGAUC,0,negative,train,GSE136967,URS000053D4AB_9606,67
N013247,CCCUGAAAACACGCAAUCUUG,0,negative,train,GSE279647,URS000063A357_9606,27
N001727,GCCUAAUCAUUUCUGGGCAAU,0,negative,train,GSE136967,URS00002E82E5_9606,281
P062127,UUCCCAAUACCCCGCCGUGAC,1,positive,train,GSE136967,URS00003F07BD_9606,82
P064064,ACACAGUUGGUUUGUGUACAC,1,positive,train,GSE308686,URS00000FFC8B_9606,39
N001299,CGGAGUCGGGAAAAGCUGGGU,0,negative,train,GSE136967,URS00006FED78_9606,48
P069605,CCAAUUAAGCCGACUGAGUUC,1,positive,train,GSE308686,URS00000D55EA_9606,17
N021545,AAGCAAGGUCGGGCCUGGCUA,0,negative,train,GSE279647,URS000071AD91_9606,64
N005366,NNNNNNNNNNAGAAAUUUAGG,0,negative,train,GSE279647,URS000002491F_9606,1
N011780,GACUUAAACCCACAAACACUU,0,negative,train,GSE279647,URS00005B0FBE_9606,23
N015378,AUGAGAACUGAUUAACAUUAG,0,negative,train,GSE279647,URS0000670DF5_9606,34
P068388,CAGAGCACCCUAGAAGCCUCA,1,positive,train,GSE308686,URS00003E7565_9606,68
N019351,AAAAUACAGAGAUUAGCAUGG,0,negative,train,GSE279647,URS00006D8531_9606,46
P065859,GGUCCCUUUGUUGCCCUCAAC,1,positive,train,GSE308686,URS000075D68F_9606,56
P067307,CUGAAGACCAGCAGUUGUACU,1,positive,train,GSE308686,URS0000552BBC_9606,21
P060552,AGCACUUCCCCGUGUUUGGAG,1,positive,train,GSE136967,URS00006BEDDC_9606,83
P079871,GAGAGAGAGAGAGAGAGAGAG,1,positive,train,GSE279647,URS0002A56FDB_9606,169
P079237,GGUCAAUUUCGUGCCAGCCAC,1,positive,train,GSE279647,URS000044DFF6_9606,240
P063005,AAAGGUGAACCCACUGGGACU,1,positive,train,GSE136967,URS000066FABB_9606,66
P064086,CUGGAAGCUGGUUUCACAUGG,1,positive,train,GSE308686,URS00001E96DA_9606,14
N015761,AUUAGCAUGGCCCGUGCGCUU,0,negative,train,GSE279647,URS0000677707_9606,49
N026063,UACUUGGAUGGGAGAAUAGGA,0,negative,train,GSE279647,URS000313FDA5_9606,83
N019837,CAGUGUCUCUUCUUAUCAGUU,0,negative,train,GSE279647,URS00006E3DE1_9606,44
N005530,NNNNNNNNCAGUGUUACAGCC,0,negative,train,GSE279647,URS000004AC26_9606,3
N055560,UUAAGCCCAGUGUGUAAAGAU,0,negative,train,GSE308686,URS000021BC29_9606,125
P057850,GCUAAGUGCUGUGUUGUCGUU,1,positive,train,GSE136967,URS00006623A0_9606,38
P075659,GCUCCAGUGGCGCAAUCGGUU,1,positive,train,GSE308686,URS0000757938_9606,11
N056297,GUGCAAGACAGAGCUGUGCUU,0,negative,train,GSE308686,URS000000D517_9606,133
P061500,AUUUUUUGAGGCCUUGUUCCG,1,positive,train,GSE136967,URS00006E1BD2_9606,98
P072390,AAUAGCAUGUUAGAGUUCUGA,1,positive,train,GSE308686,URS000015A7CF_9606,60
P058541,NNNNGGGCCUCCAUGAUGUCC,1,positive,train,GSE136967,URS00006DA236_9606,7
N026153,UGCCUAUCUUGUCUAGUCUUA,0,negative,train,GSE279647,URS0003171B48_9606,36
N003537,AAUCCGAGUCACGGCANNNNN,0,negative,train,GSE136967,URS000044BAE3_9606,67
N022880,CCCAACCUAUCCAUGGUUUGG,0,negative,train,GSE279647,URS0000759B0C_9606,27
P063126,ACUGUGCUGAGUCUGUUCAAU,1,positive,train,GSE136967,URS00006292A1_9606,47
P070581,AGCCUCCAGCGUGCUUGGGUC,1,positive,train,GSE308686,URS000033FC0E_9606,16
P058763,GUACCUUUGGGCAGUGUUUUG,1,positive,train,GSE136967,URS00007136D1_9606,131
P070634,UCUUUGUACUCUGAGAGCNNN,1,positive,train,GSE308686,URS0000706530_9606,135
P074026,NNNUUCGUUGUUGUCAAUGAU,1,positive,train,GSE308686,URS0000679D94_9606,8
N001624,ACAUGUCUUACUCUCUGUCCU,0,negative,train,GSE136967,URS000066FABB_9606,30
P066822,UCUCACAGUGAUACGAGCAGU,1,positive,train,GSE308686,URS00005682D3_9606,36
P057791,UAACGAUUCGGGGUGACGCCC,1,positive,train,GSE136967,URS00006ECA78_9606,38
P080150,CGCCAGACUCAAGCUUACUGC,1,positive,train,GSE279647,URS0000572B72_9606,36
P070323,CUAUAGAAAUUCAGUAUCUGG,1,positive,train,GSE308686,URS00003A960A_9606,71
P067517,GCGCUUUCCGUCUGUCUAAUU,1,positive,train,GSE308686,URS0000721537_9606,91
P065640,UCAUAACAUGCUACAUUAACA,1,positive,train,GSE308686,URS00005A2612_9606,59
N014714,GUUUCAUAAUCUGAAAGUCCU,0,negative,train,GSE279647,URS000065DEBF_9606,40
P077952,AGGGUUGGUCAAUUUCGUGCC,1,positive,train,GSE279647,URS000044DFF6_9606,234
N023164,UGCUGGGGAUGUUGCAGCUGC,0,negative,train,GSE279647,URS000075BFF2_9606,47
P080805,CAUUUUCUACCCCAGAAAACU,1,positive,train,GSE279647,URS000044DFF6_9606,729
N025409,UUGGCCAUGUAAAAGUGCUUA,0,negative,train,GSE279647,URS0002323F7A_9606,12
N002867,CUGGCAGCCCCUCCUGAUGAU,0,negative,train,GSE136967,URS000068C891_9606,15
P064883,GACCACCAGGUUGCCUAAGGA,1,positive,train,GSE308686,URS00003ACFC1_9606,166
N022302,GUCUGGCCUGGUUAGUACUAG,0,negative,train,GSE279647,URS000072D430_9606,61
N020642,GUCCUCCAUCCAAGGGGGGAA,0,negative,train,GSE279647,URS00006FC9A4_9606,78
N011933,GACAGUUCUUUAAUUGAAACA,0,negative,train,GSE279647,URS00005CCF67_9606,38
P077741,NNNNNNNNAUCCUUACCUGGC,1,positive,train,GSE279647,URS0002314685_9606,3
P065702,CUGGUUUGGGGGUGUCCUGUC,1,positive,train,GSE308686,URS00003B6A48_9606,78
N019868,AAGCGGCUGAUCUCGUCUGAU,0,negative,train,GSE279647,URS00006E687A_9606,33
P070491,UUAUGGUGGGUCCUUCUCUGU,1,positive,train,GSE308686,URS00003D5684_9606,22
P060383,CUGUUGAUGUGGAACUGAUUU,1,positive,train,GSE136967,URS0000185C0B_9606,33
P061467,AUGAUGACUUCCUUAUAUACA,1,positive,train,GSE136967,URS00006D1413_9606,17
P065827,CAUGUGGACAAAUGAAAAAAU,1,positive,train,GSE308686,URS000075E781_9606,33
N020745,CAAUCUUGUGUGAUCUCAGAA,0,negative,train,GSE279647,URS0000700638_9606,40
N040670,AUCAAGUGCACAGGGGCCAUC,0,negative,train,GSE308686,URS00006A5FBC_9606,92
N024890,NNNNNGACAGAGAGAGAGAGA,0,negative,train,GSE279647,URS0000EF2D06_9606,6
P082370,AGAGCUUUUGCUUUAUUUUGG,1,positive,train,GSE279647,URS000075ADBA_9606,102
N083293,CUUCAUUCCGUAGUAAGACAG,0,negative,train,GSE136967,URS00006FE7CD_9606,93
P059700,UUCCCCAAAUGUGGGAAACUC,1,positive,train,GSE136967,URS000032B6B6_9606,106
N020840,CUUGAAGCCUUAGGCAGUGGG,0,negative,train,GSE279647,URS0000704142_9606,32
P063419,AACUGAACUCUCUCUUUCUGA,1,positive,train,GSE136967,URS0000197BB5_9606,30
N008442,AAUCCCCGGCACCUCCANNNN,0,negative,train,GSE279647,URS0000282AB2_9606,66
P064060,CUCAGUUCAGCAGGAACAGGG,1,positive,train,GSE308686,URS00000FFC8B_9606,63
P071499,CUUUCUGAUGUANNNNNNNNN,1,positive,train,GSE308686,URS000062539F_9606,62
N014719,UCUGAAAGUCCUGAGUUCAAG,0,negative,train,GSE279647,URS000065DEBF_9606,49
P070206,AGCCUGGCAGAGGCACCCAUU,1,positive,train,GSE308686,URS00003852FE_9606,77
P070326,GCUAGGGUGUUCAAAGGUCAG,1,positive,train,GSE308686,URS00003A960A_9606,48
N026554,GAACGCGCCGAUCUCUUCUGA,0,negative,train,GSE279647,URS0003362FD7_9606,31
P059508,GCUGGGCCUCGUGUCUGCGCC,1,positive,train,GSE136967,URS00004A4D73_9606,126
P070314,GUAUUUCUACUGAUACAGUAN,1,positive,train,GSE308686,URS00003A960A_9606,130
P074726,CUGUGUGAUACUGAGGCUUUU,1,positive,train,GSE308686,URS0000269B1D_9606,76
N011724,UACGGACCUCAGCUGAGUCAU,0,negative,train,GSE279647,URS00005ACA64_9606,36
P069219,NNNNNNAAAGCAGGAUUCAGA,1,positive,train,GSE308686,URS00004B4AC7_9606,5
N012336,UUGGAAGCUAAGCAGGUUGGG,0,negative,train,GSE279647,URS0000624BAB_9606,55
N018126,GCAGGGAGAUAGAAUAGGCUC,0,negative,train,GSE279647,URS00006BFA75_9606,118
N019852,AUCUUUCACCUUUUGCUAAAG,0,negative,train,GSE279647,URS00006E439A_9606,40
P075011,CUUGCUUAGCACGCAAGAGGU,1,positive,train,GSE308686,URS0000652AB1_9606,37
N021210,NNUUGCAAUGAUGUGAAUCUC,0,negative,train,GSE279647,URS00007131DA_9606,9
P068057,CAACUGCAUGCAAGAGCAACC,1,positive,train,GSE308686,URS000002FDBC_9606,56
P058776,UCAGACUUUUAAUCUGAGGGU,1,positive,train,GSE136967,URS000022DD4A_9606,37
N020736,NNNNNNNNNNGUCUGUGGCCA,0,negative,train,GSE279647,URS0000700638_9606,1
N005399,NNNGCAUCCGGGUUGAGGUAG,0,negative,train,GSE279647,URS0000031E12_9606,8
P058773,UCCAGGGUUCAAGUCCCUGUU,1,positive,train,GSE136967,URS000022DD4A_9606,57
P074501,CAGGCCUCUGCUAUGGGGGUG,1,positive,train,GSE308686,URS00003D103A_9606,49
N008077,NNNNNNAACUUUUAAAGGAUA,0,negative,train,GSE279647,URS00002273FD_9606,5
N047505,GAAAUAAUUUUAAGACUGAGA,0,negative,train,GSE308686,URS000075BEB6_9606,66
N024471,GAGGUCUCUGUCUGGCUUAGG,0,negative,train,GSE279647,URS0000D5073B_9606,35
P069358,CAUGCCUAAGGCCUUUGGGGA,1,positive,train,GSE308686,URS00004C8BD1_9606,83
N019307,UUGAGGGUUCGAAUCCCUCCG,0,negative,train,GSE279647,URS00006D69C0_9606,57
N015104,AACGCACCCGAUCUUGUCUGA,0,negative,train,GSE279647,URS0000664D60_9606,32
N001081,AAUCCGAGUUCAAAUCUCGGU,0,negative,train,GSE136967,URS00006DA515_9606,55
P074263,NNNNNNNNCUGUUAGUGAUGA,1,positive,train,GSE308686,URS00001FCA45_9606,3
N003117,UUAUUGGCAAAGCUGUCACCA,0,negative,train,GSE136967,URS000029D639_9606,81
P066743,CUUUUCCUGUAGCCUGCACAU,1,positive,train,GSE308686,URS0000202A89_9606,33
P062787,CGUGCGGAAUCGACAUCAAGA,1,positive,train,GSE136967,URS000000A142_9606,62
P060520,CCAUGAUGAAAUGCAUGUUAA,1,positive,train,GSE136967,URS00006DE18B_9606,17
P070188,CUGAUUUUUGCGGAGUCAAAC,1,positive,train,GSE308686,URS0000704142_9606,134
N003559,CCCUGUAAAUGCUUCCAAGAU,0,negative,train,GSE136967,URS00006C8B95_9606,39
N018790,GAAUGCACCUGAUCUUGUCUG,0,negative,train,GSE279647,URS00006CB247_9606,31
N004938,CCCCUGUGAUGAGUUGCCAUG,0,negative,train,GSE136967,URS000071BC75_9606,11
P066940,UUUAUCCUUUUAAAUGUAUUC,1,positive,train,GSE308686,URS000028CE2F_9606,107
N013441,GACCGCCUGGGAAUACCGGGU,0,negative,train,GSE279647,URS000064027A_9606,99
N053493,AGGGUAAAAUCAUGACAGAUU,0,negative,train,GSE308686,URS00002982D8_9606,109
N024483,NUGCUCUGACGAGGUUGCACU,0,negative,train,GSE279647,URS0000D51B3E_9606,10
N007036,UGCAGAGUGGGGUUUUGCAGU,0,negative,train,GSE279647,URS0000162BC0_9606,56
N052990,GAAAGAAACAUGANNNNNNNN,0,negative,train,GSE308686,URS0000599BEA_9606,135
P061068,UAGUGCCUUCUGAUUUUUGCG,1,positive,train,GSE136967,URS0000704142_9606,125
N000733,UGGAUAACGCGUCUGACUACG,0,negative,train,GSE136967,URS00002DDD59_9606,26
N004204,CCUCGUUAGCGCAGUAGGCAG,0,negative,train,GSE136967,URS000072890F_9606,12
P076778,CUUCGCGUGUCAUCAAACCAC,1,positive,train,GSE308686,URS000058CD99_9606,34
N020685,GUUCUUCCCGGAGUCGGGAAA,0,negative,train,GSE279647,URS00006FED78_9606,40
P059487,CCAUGAUGUACAAGUCCCUUU,1,positive,train,GSE136967,URS00004A4D73_9606,86
P062876,ACAGCACUUCUGCUGAGACGC,1,positive,train,GSE136967,URS000064B8EB_9606,27
N017511,GUCCAAUGGUAGUGGGUUAUC,0,negative,train,GSE279647,URS00006AF1EF_9606,16
P065216,CAAAGGCUUGUGAUGUGUUGU,1,positive,train,GSE308686,URS000021BC29_9606,55
N006799,UUGUGGACAUCCUUAGGUCGC,0,negative,train,GSE279647,URS000013D1D5_9606,61
P060626,UUCAAAAUUUGAGCUUAAAAA,1,positive,train,GSE136967,URS000061A08C_9606,50
P070112,CUGGCCCUGGUUCAUGCCAAC,1,positive,train,GSE308686,URS0000ABD80F_9606,99
N023167,GUAGGUACCCUCAAUGGCUCA,0,negative,train,GSE279647,URS000075C381_9606,24
P070270,GAUCGCAUCUGGAGACUGCCU,1,positive,train,GSE308686,URS00006F6999_9606,21
N055418,UGGGAUCCACCUUUCUCUCGA,0,negative,train,GSE308686,URS000075D019_9606,43
N029536,AUUGCUCCUGUCUGAUUCNNN,0,negative,train,GSE308686,URS00021EDA78_9606,130
N014434,CUGGCUUCUGUACCCGUGGGC,0,negative,train,GSE279647,URS0000656163_9606,97
P072147,UGAUGCGAUAAUUGUUUCAAG,1,positive,train,GSE308686,URS00002E0A2C_9606,68
P070327,GUUCAAAGGUCAGUGCUAUAG,1,positive,train,GSE308686,URS00003A960A_9606,56
P063847,UUUUGGGAAGUUUGAGCUNNN,1,positive,train,GSE308686,URS000059EAAC_9606,79
N024040,GUCAUUAAAGUGGUAUACAAA,0,negative,train,GSE279647,URS0000A9958A_9606,56
P060003,CCGUUCUGUUUGUUGUAACUG,1,positive,train,GSE136967,URS00006D2F8D_9606,97
P067237,AGACCAAUGGUUUGCUGUAGC,1,positive,train,GSE308686,URS00002E5E66_9606,25
P076438,AGCGCCUGUCUCGUAAACAGG,1,positive,train,GSE308686,URS000071D869_9606,34
N024324,GUUCAUGUCCCUGUUCCUUAA,0,negative,train,GSE279647,URS0000C8E9CE_9606,69
P081795,GUAGGUCUACAAGACGCUACU,1,positive,train,GSE279647,URS00002EDD4B_9606,97
P062454,CCAGCACUGGGCUCUGAUCAC,1,positive,train,GSE136967,URS00006611EB_9606,26
N003003,GGUGUGACAAGGNNNNNNNNN,0,negative,train,GSE136967,URS0000634EB5_9606,131
P058510,CCGCUCCCCGUAAUGUACGGA,1,positive,train,GSE136967,URS00000CC074_9606,45
P064253,UAGUAAGUUGUAUUGUUGUGG,1,positive,train,GSE308686,URS000075BF40_9606,37
N014375,CUGGGUUCGAAUCCCAGUAGA,0,negative,train,GSE279647,URS000065464E_9606,60
P081838,GGCCGGCCGCCGAGGGGCUAC,1,positive,train,GSE279647,URS0000EF4B94_9606,72
P072591,UGCAUCUGAGGCAAANNNNNN,1,positive,train,GSE308686,URS0000215639_9606,64
P079160,UUCUUUCUUCAUUCUUUCUCU,1,positive,train,GSE279647,URS00008E3A5F_9606,139
N003300,GACUGAAGACCAGCAGUNNNN,0,negative,train,GSE136967,URS000047E28E_9606,18
N016926,AGAGGCACAAAGCUUGUGGCC,0,negative,train,GSE279647,URS000069B54D_9606,93
N013272,CUAAGCAGGGUCGGUCCUGGU,0,negative,train,GSE279647,URS000063A525_9606,62
N023143,GUGCGGGCGUGUGAGUGUGUG,0,negative,train,GSE279647,URS000075BE91_9606,24
N024387,GUUGGUGAGCGCGUGGUGCUG,0,negative,train,GSE279647,URS0000C8E9E2_9606,25
P059009,GCAUAGGGGAGCUUAGGGCUC,1,positive,train,GSE136967,URS00006422E6_9606,60
P058463,UGCGACUCCGUGCUCUCUGGC,1,positive,train,GSE136967,URS000014FF3E_9606,34
N017026,AUGGGAGACUAUGGCGAGGCU,0,negative,train,GSE279647,URS000069FA52_9606,94
N015119,GCACAUAUAUUAAAACUUCAA,0,negative,train,GSE279647,URS0000664E3D_9606,26
N003229,AAAAAACAUUCCUUGGAAAAG,0,negative,train,GSE136967,URS000070C400_9606,32
P063875,GCAACGGAAUCCCAAAAGCAG,1,positive,train,GSE308686,URS000075BBD9_9606,25
P067312,GCAGUUGUACUGUGGCUGUUG,1,positive,train,GSE308686,URS0000552BBC_9606,31
N022899,UCUCUGGUUUCUCUUCAUAAC,0,negative,train,GSE279647,URS0000759ECB_9606,12
P062255,UCCGGAAUCGCUGUACGGCCU,1,positive,train,GSE136967,URS0000714052_9606,22
P060372,AAUACAUGAUGAUCUCAAUCC,1,positive,train,GSE136967,URS000069573D_9606,14
P063996,UAUCAGACUGAUGUUGACUGU,1,positive,train,GSE308686,URS00000AF93C_9606,23
N021342,ACUGGAACUAUUCAGAGGUUA,0,negative,train,GSE279647,URS0000715073_9606,40
P060212,CGCAAAUUCGUGAAGCGUUCC,1,positive,train,GSE136967,URS00001EC8D7_9606,89
P079409,UGUGAGUUUUUAUUCAAUUUU,1,positive,train,GSE279647,URS00006F88C8_9606,80
N036413,GGAACGGUGCACCCCCUNNNN,0,negative,train,GSE308686,URS00006A3E7F_9606,185
N009538,ACCCCCGGCUCCUCCANNNNN,0,negative,train,GSE279647,URS000038D768_9606,67
N046066,UCUGUAUCCUGUCAGAGGAAA,0,negative,train,GSE308686,URS00005F1DD0_9606,111
P066448,UGAUGGUAUGCUAAGGUUUUU,1,positive,train,GSE308686,URS000031F86D_9606,90
P075216,NNNNNNNNGGGGAUAUAGCUC,1,positive,train,GSE308686,URS00004728AA_9606,3
N025158,UCUGCCCUGCUAUGGGAUAAC,0,negative,train,GSE279647,URS000230EBA5_9606,40
N026670,AUGCGUCCAAUCUCUUCUGAU,0,negative,train,GSE279647,URS00033D96C8_9606,33
N041432,AGACCACCCAAGGACGNNNNN,0,negative,train,GSE308686,URS0000666B9C_9606,69
N012828,NNAUCUACAGCCAUACCAUCC,0,negative,train,GSE279647,URS0000632BBF_9606,9
N001992,NNNNNNAGUUUGCCAUGAUGA,0,negative,train,GSE136967,URS00006DE18B_9606,5
N016136,GGGAUUAGCUCAAGCGGUAGG,0,negative,train,GSE279647,URS0000681553_9606,13
P058676,UCGUAGCCAAUGAGGUUUAUC,1,positive,train,GSE136967,URS0000149178_9606,31
N023217,AUGGUUCUGAUCACAUAUGUC,0,negative,train,GSE279647,URS000075C53F_9606,56
P063605,AUCAAGCAGCAUUGUACAGGG,1,positive,train,GSE308686,URS0000561D92_9606,54
P060071,GAGUUUGGUAGUACUCGCUGC,1,positive,train,GSE136967,URS0000714944_9606,134
N016018,UGAAAGCACCCAGUCUCAUCU,0,negative,train,GSE279647,URS000067D6F9_9606,30
P075085,UGUAGCUCAGUGGUAGAGCGC,1,positive,train,GSE308686,URS00005B30A9_9606,16
N020520,UUUCCUGAGGCUNNNNNNNNN,0,negative,train,GSE279647,URS00006F88C8_9606,114
N016194,GCAGUGUCGGGCCUGGUUAGC,0,negative,train,GSE279647,URS000068483A_9606,66
P082392,UUGCUACUUCCCAGGUUUGGG,1,positive,train,GSE279647,URS0000753A37_9606,49
N005672,UCAUGGAGGCCAUGGGGUUGG,0,negative,train,GSE279647,URS000005DB15_9606,19
P063203,AUGAGAACUCUAAUCUGAUUU,1,positive,train,GSE136967,URS0000708227_9606,20
P079811,UUUGUAGGAGAACGUAGGGUA,1,positive,train,GSE279647,URS0000D56E44_9606,262
N010241,CCCUGGAGGCGUGGGUUCGAA,0,negative,train,GSE279647,URS000042F13F_9606,59
P075233,GGAUAUAGCUCAGGGGUAGAG,1,positive,train,GSE308686,URS00004728AA_9606,13
P064924,UGCUGUAGGCUUUNNNNNNNN,1,positive,train,GSE308686,URS000075B93F_9606,119
P058223,UUGCAAUAAUGCUAGCAGAGU,1,positive,train,GSE136967,URS000075EAF7_9606,71
P081055,UUUGGUCUCCCUGGGAGUGGG,1,positive,train,GSE279647,URS0000ABD8D1_9606,70
P079471,CGCAUUGGACUUCUAGUGACG,1,positive,train,GSE279647,URS0000738059_9606,33
N012770,GUGUAGUGUGUGUUCUUAUCA,0,negative,train,GSE279647,URS0000630BCD_9606,42
P062218,AUACAGCUUCUUUCCCCAUCA,1,positive,train,GSE136967,URS00006B5455_9606,27
N022375,NNNGGUAGCAUGGCUGAGUGG,0,negative,train,GSE279647,URS00007317AF_9606,8
N021855,UGGACGAUGAAUACUACGUGU,0,negative,train,GSE279647,URS00007234FC_9606,46
P061832,ACUUUAUACUGUCAUCCUCUU,1,positive,train,GSE136967,URS000067E73A_9606,69
P073600,AGUCUGAUUAUUUAGCAAGAC,1,positive,train,GSE308686,URS000053336F_9606,65
N024377,NUCUUUGAGAGAUCAGCUGAU,0,negative,train,GSE279647,URS0000C8E9DD_9606,10
P077564,CCAGAACUCCUGGGCUCNNNN,1,positive,train,GSE279647,URS000233AD7D_9606,474
N005724,GCUGGACUUCUAAUCCAGAGG,0,negative,train,GSE279647,URS000007E37F_9606,37
N021827,AGGGCUGCCCAGGCAGAGGAU,0,negative,train,GSE279647,URS0000723018_9606,80
P057822,GAGUUGCGAUCUGCCCGNNNN,1,positive,train,GSE136967,URS00006ECA78_9606,144
P070220,CGCAUCUGGAGAGUGCCUAGU,1,positive,train,GSE308686,URS00003852FE_9606,24
N014485,UUGGCAAGACCAAGUGUAGUA,0,negative,train,GSE279647,URS0000657BB5_9606,27
N001557,NNNNNNNNNUGUGAGAGUGAU,0,negative,train,GSE136967,URS00006A5FBC_9606,2
P065936,GGUUUUACUACUGAUCUUUGU,1,positive,train,GSE308686,URS000075AAF7_9606,309
N036032,NGGCGCCGUGGCUUAGUUGGU,0,negative,train,GSE308686,URS00000A1A88_9606,10
N009528,GAGGCCCCGGGUUCGACCCCC,0,negative,train,GSE279647,URS000038D768_9606,52
N019592,AAAAUUGGAAUGACACAUAGA,0,negative,train,GSE279647,URS00006DE9C5_9606,37
P069181,GGCCCAAUGAGUGGAGUUUGA,1,positive,train,GSE308686,URS00001696A6_9606,123
P059058,GUUAGCUUUUUGGGGGGCAGG,1,positive,train,GSE136967,URS000063EA00_9606,20
N026348,UUUUUUUUUUUUUUACUAGAG,0,negative,train,GSE279647,URS00032524E1_9606,44
N014462,CUGAAUGCUCCCGAUGUCUUC,0,negative,train,GSE279647,URS000065782C_9606,29
P064607,CAUCUGUCACCCCAUUGAUCG,1,positive,train,GSE308686,URS0000734D8F_9606,36
P059616,CAGCGUUCUGCCCCGUGAACG,1,positive,train,GSE136967,URS000008230A_9606,97
N002620,AUGUGGAACUGAUUUAUCGCG,0,negative,train,GSE136967,URS0000185C0B_9606,39
P058891,UCGUAAUUUGCGUCUUACUCU,1,positive,train,GSE136967,URS0000679E95_9606,21
P064088,GAAAUCAGUGUUUUAGGAGNN,1,positive,train,GSE308686,URS00001E96DA_9606,73
P062997,GAGGAAGAUUUGUUCCAGAAG,1,positive,train,GSE136967,URS000066FABB_9606,100
P059653,ACUGGCCAGCCUCCAAAUUCC,1,positive,train,GSE136967,URS000064AE5E_9606,163
N018591,UCACUAUGCACCUGACUGUAC,0,negative,train,GSE279647,URS00006C8370_9606,17
P062335,UUGGGUAUCGGCUAUUGCCUG,1,positive,train,GSE136967,URS00002BF97D_9606,30
P071111,UAUCUAUCACCCAUGACUGAU,1,positive,train,GSE308686,URS00002F13BD_9606,62
P075098,GGGUUCGACCCCCGGCUCCUC,1,positive,train,GSE308686,URS000038D768_9606,60
N056381,CCCAUCCCCCUGGACCUCUCA,0,negative,train,GSE308686,URS0000656163_9606,34
N003876,ACAUUUGAACCCUUUUCCAUC,0,negative,train,GSE136967,URS0000714052_9606,53
P059179,UGUGCACAUUGUUAGAGCUUG,1,positive,train,GSE136967,URS0000716F59_9606,11
N004671,CUGGAGCUUUCCCACANNNNN,0,negative,train,GSE136967,URS00006BEDDC_9606,129
N016711,ACAUCUUCUAUCCAAGGACAA,0,negative,train,GSE279647,URS0000691F44_9606,76
N023946,CUUGCUCUCAUGUGAUCUCAG,0,negative,train,GSE279647,URS0000A7CD39_9606,38
P058688,CUCGCUGUUCUGAUUUUGUAA,1,positive,train,GSE136967,URS00002C6D40_9606,22
P058021,AUGUAAUGAUUCUGCCAAAUG,1,positive,train,GSE136967,URS0000507EBE_9606,19
P061220,GAAGGUCCUGGGUUCAAGCCC,1,positive,train,GSE136967,URS000064D54F_9606,52
N007669,GAAGCGUUCCAUAUUUUUNNN,0,negative,train,GSE279647,URS00001EC8D7_9606,100
P077277,GGAGAGAAGGUUAGCACUCCC,1,positive,train,GSE279647,URS00006C0FA0_9606,24
N024662,NNNNNNCCUUGUAGUAUAAAC,0,negative,train,GSE279647,URS0000DCFBC3_9606,5
P066077,UGUGGCUCCGGCCGGUUGCGC,1,positive,train,GSE308686,URS000002A4F1_9606,21
P076484,NNNNNNNNNNGUUUCCGUAGU,1,positive,train,GSE308686,URS000061D582_9606,1
P069583,NCCGCAGCCAAUUAAGCCGAC,1,positive,train,GSE308686,URS00000D55EA_9606,10
N052424,UAACUCAGAGGCACAACUNNN,0,negative,train,GSE308686,URS000021BC29_9606,159
N024666,UUCAAACCUGCNNNNNNNNNN,0,negative,train,GSE279647,URS0000DD1881_9606,58
P057604,UAGUGUGUUACUAGAGAAGUU,1,positive,train,GSE136967,URS0000650B1E_9606,39
P076553,CGGGCAGAAGCANNNNNNNNN,1,positive,train,GSE308686,URS000009DDCA_9606,72
N024555,NNNNUUUGGAUUCUCAGGGAU,0,negative,train,GSE279647,URS0000DBCB96_9606,7
N015954,AGAGAAGAUUAGCGUGGCUCC,0,negative,train,GSE279647,URS000067CBCB_9606,53
N016374,GGCUGGGCCUGGUAAGUGCUU,0,negative,train,GSE279647,URS0000688F51_9606,69
N022626,CUGAAUCCAGCAACCAGAGUU,0,negative,train,GSE279647,URS000074C9DF_9606,44
N024459,CCUGAACUCAGAAGCUAAGCA,0,negative,train,GSE279647,URS0000CC5DF1_9606,38
P074156,AUUAUCUUAACUGAGGCNNNN,1,positive,train,GSE308686,URS0000361A8E_9606,75
P070520,UGCUGUUGUGCAUGGACAGCU,1,positive,train,GSE308686,URS000064B135_9606,28
P079080,CUAGCCUUUCUAUUAGCUCUU,1,positive,train,GSE279647,URS000044DFF6_9606,24
N045938,AUGUUUGAUAGUCUCACACUC,0,negative,train,GSE308686,URS000008230A_9606,123
P073727,GUAAUUCCAAUAGAUCCUUCU,1,positive,train,GSE308686,URS00004D7B5D_9606,21
N024735,UAUAUCUUAAUGGNNNNNNNN,0,negative,train,GSE279647,URS0000DDC656_9606,66
P082099,UAGCCCUAAACCUCAACAGUU,1,positive,train,GSE279647,URS000044DFF6_9606,458
P068570,GAUGGUGCUACAGAAUGAGCA,1,positive,train,GSE308686,URS000027BAE7_9606,62
P062567,UCCCGACCAUGAGAUGACUCC,1,positive,train,GSE136967,URS00006F4F8C_9606,51
N023288,CCAGGAAGAGGAGGAAGCCCU,0,negative,train,GSE279647,URS000075DC96_9606,28
N013403,NNUGGAUCGAUGAUGACCACU,0,negative,train,GSE279647,URS000063F2D8_9606,9
P071391,GCUGGCAUAUAUGAUGACUUA,1,positive,train,GSE308686,URS000075BC17_9606,17
P062326,CAGUGAUGAGGCCUGGAAUGU,1,positive,train,GSE136967,URS000027315D_9606,17
P063160,GCAAAGAGAAAGUGGCGAUUU,1,positive,train,GSE136967,URS00006CC68C_9606,69
P062349,AGUAACUGCUGACCUUAUUCA,1,positive,train,GSE136967,URS00002BF97D_9606,72
P065391,GUAGUCUGGCAGGACACACAG,1,positive,train,GSE308686,URS00001B2620_9606,57
N019676,NGUCUGUGCCAUACCAUCCUG,0,negative,train,GSE279647,URS00006E06F0_9606,10
P072595,AUGGUUAAGAAUUUCUUCACC,1,positive,train,GSE308686,URS0000215639_9606,20
P059563,UCCACCAGAAAGGUUUUCCUU,1,positive,train,GSE136967,URS000062548B_9606,45
N025978,GAUGGGAGACAAUUAUAUUUU,0,negative,train,GSE279647,URS0003103663_9606,92
N008787,NNNNNNNNNNGAGAAAGCUCA,0,negative,train,GSE279647,URS00002C130C_9606,1
P062935,GACUAGGGCCAGAGGCGGCCC,1,positive,train,GSE136967,URS000013F331_9606,95
P058910,ACCCAGAGGUCGAUGGAUCGA,1,positive,train,GSE136967,URS000030BAD5_9606,47
N025380,NNNNGGCCAGGAAGAGGAGGA,0,negative,train,GSE279647,URS000231DA3F_9606,7
N023145,UGUGUGUGUGUGAGUGUGUGU,0,negative,train,GSE279647,URS000075BE91_9606,39
N011701,GCCACUCCAGGCUUUUUUUUU,0,negative,train,GSE279647,URS00005A4CE1_9606,649
N006632,GGGAGAUAACGUGACCACGAA,0,negative,train,GSE279647,URS000012964C_9606,26
P059115,GGGUGUUCAUACGCUUGUGUG,1,positive,train,GSE136967,URS000064F355_9606,41
N036803,GCCCAGAUCAGAAACAUACNN,0,negative,train,GSE308686,URS0000451E99_9606,123
N024335,NNUCCCCUGGUGGUCUAGUGC,0,negative,train,GSE279647,URS0000C8E9D0_9606,9
P065536,UACCAGGCAGCCCAACCCUGA,1,positive,train,GSE308686,URS000015F227_9606,69
P073784,ACACAUCACUCUGAAGAAAAG,1,positive,train,GSE308686,URS0000ABD834_9606,33
N005290,AAGCUAAGAUUCUAAUUUAAA,0,negative,train,GSE279647,URS0000019953_9606,48
P075481,GCGUUGGUGGUUUAGUGGUAG,1,positive,train,GSE308686,URS00006B479B_9606,11
N041662,CCCCGGUGGCCUAAUGGAUAA,0,negative,train,GSE308686,URS000005A7A9_9606,12
P072227,NNNNUGCCCAGUGAUGACACC,1,positive,train,GSE308686,URS00006D051B_9606,7
N013560,CAGGCGGUAGAGCGCUCGCUU,0,negative,train,GSE279647,URS0000643F30_9606,23
P077125,CACUCCACGCAUCGACCUGGU,1,positive,train,GSE279647,URS00021ED9AF_9606,407
N005498,NNNNNNNNNAUCAGAGAAAAA,0,negative,train,GSE279647,URS0000047107_9606,2
P064372,GGAGGUUGUAUAGUUGAGGAG,1,positive,train,GSE308686,URS000075DE48_9606,25
N010846,ACUUAAAACUUUACAGUCAGA,0,negative,train,GSE279647,URS00004B69C6_9606,42
N004483,AUUCUGAUCUGGNNNNNNNNN,0,negative,train,GSE136967,URS000023DE4C_9606,419
P081365,NNNNNNNNNNGAGCGCACGUC,1,positive,train,GSE279647,URS00008B6CA4_9606,1
P059834,NNNCUGCCUCUGAUGAAGCCU,1,positive,train,GSE136967,URS0000830239_9606,8
P072492,NNNNCGUCCAUGAUGUUCCGC,1,positive,train,GSE308686,URS00005B985B_9606,7
P060064,AACUUCUGAGUGUCGGAAGUG,1,positive,train,GSE136967,URS0000714944_9606,57
N016152,AUUGAUAACAACCAGUUAACA,0,negative,train,GSE279647,URS0000682E4D_9606,43
P064191,UGUAUGGUAUUGCACUUGUCC,1,positive,train,GSE308686,URS00002B6637_9606,51
P072608,AAACCAUGUGGUCAGCAUUGC,1,positive,train,GSE308686,URS0000215639_9606,46
N019540,GCAGGGUCGGGCCUGCUUAGU,0,negative,train,GSE279647,URS00006DC6C9_9606,66
P077771,NNNNNNNNNNGGCAGAGUGGU,1,positive,train,GSE279647,URS00006708BB_9606,1
N036973,GAUAAGUUUGGCUGUGGACAG,0,negative,train,GSE308686,URS000072157F_9606,125
N056686,GAGCUUUUUAACACUGAGUNN,0,negative,train,GSE308686,URS00003BC8C2_9606,63
P065558,CAGGCAGCCCAACCCUGACCU,1,positive,train,GSE308686,URS000015F227_9606,72
N014893,AGCAAGAUAAAGCCUGGUUAG,0,negative,train,GSE279647,URS0000661164_9606,65
P076410,CGUAGCUUAGUUGGUUAAAGC,1,positive,train,GSE308686,URS00006F6EA6_9606,16
P064466,CCUAGGCUACACACUGAGGAC,1,positive,train,GSE308686,URS00026A2211_9606,34
P059345,UCCCUUCGUGGUCGNNNNNNN,1,positive,train,GSE136967,URS00001D909A_9606,70
N014699,GCCCUCUUAGUGCAGCUGGCA,0,negative,train,GSE279647,URS000065DEBF_9606,11
N000219,AAUGUGUUAGCCUCAGACACU,0,negative,train,GSE136967,URS0000656AFD_9606,91
P081883,ACAGCUUAAAACUCAAAGGAC,1,positive,train,GSE279647,URS000044DFF6_9606,515
N011249,CCCCACGUUGGGCGAUNNNNN,0,negative,train,GSE279647,URS0000527A9F_9606,68
P065939,CUGGGCAAUGAUGAAAAGGUU,1,positive,train,GSE308686,URS000075AAF7_9606,292
P064567,CCCGCUUCCCACUCCAAAGUC,1,positive,train,GSE308686,URS00026A2211_9606,136
P071564,AUUAAACCUUUUCACUGCUGU,1,positive,train,GSE308686,URS0000A76DCB_9606,25
N083603,GGUGCAGUGGUUCACACCUGU,0,negative,train,GSE136967,URS0000A92109_9606,204
P075871,CAUAUCCGCGUGGGUUCGAAC,1,positive,train,GSE308686,URS00006F940C_9606,60
N022377,GUGGUCUAAGAUUCUGAAUUA,0,negative,train,GSE279647,URS00007317AF_9606,25
P070334,GUCAGUGCUAUAGAAAUUCAG,1,positive,train,GSE308686,URS00003A960A_9606,64
P059020,UGUGGACAAUGACUGGGGAGA,1,positive,train,GSE136967,URS00006422E6_9606,173
P059896,AAGCACUGUGCUAAANNNNNN,1,positive,train,GSE136967,URS0000057A7C_9606,23
N017746,AAUGAUGAGUAUGCGUGGGGC,0,negative,train,GSE279647,URS00006B57E0_9606,17
P072559,NNNNNUUGCAAUGAUGUGAAU,1,positive,train,GSE308686,URS000061A537_9606,6
P072844,NNNNNNGUAGGGUGAUGAAAA,1,positive,train,GSE308686,URS0000010A7C_9606,5
P057669,CUCCUGAGCGUGAAGCCGGCU,1,positive,train,GSE136967,URS0000650B1E_9606,111
N023065,UUUAGGGCAGGGAUUUUGCCC,0,negative,train,GSE279647,URS000075B243_9606,39
P066629,UGGACCUGUUGGCACCACAGA,1,positive,train,GSE308686,URS000075A77B_9606,16
P072140,UAGUCAAGUUCUGAUCCAGNN,1,positive,train,GSE308686,URS000053D4AB_9606,72
N018621,GCCUCACCUAUCCAGGGCGAU,0,negative,train,GSE279647,URS00006C8370_9606,93
N004078,NGGGGAUGUAGCUCAGUGGUA,0,negative,train,GSE136967,URS000061F57C_9606,10
P058638,CCAAUUUUUUGAGGCCUUGCG,1,positive,train,GSE136967,URS0000673862_9606,95
P060313,NNNNNNUGAUGGCAAUGAUGA,1,positive,train,GSE136967,URS0000653FA4_9606,5
P079846,ACAGCUUCCCAGAGUCCUGUC,1,positive,train,GSE279647,URS00004A4D73_9606,159
N015236,ACUCCUGGUUCUAUUUUUUCU,0,negative,train,GSE279647,URS0000668F7D_9606,70
N025328,GCGCAGCUGGAAUGCUCUGGA,0,negative,train,GSE279647,URS0002312A7A_9606,38
P061036,CGGGGCGCUGUGCAGCGAGGC,1,positive,train,GSE136967,URS000023DE4C_9606,268
N040106,UGAGGCCUUGCCCUGCUCCAU,0,negative,train,GSE308686,URS000033FC0E_9606,91
P067035,CUUGCUAUCCACACAAACAUC,1,positive,train,GSE308686,URS0000818C5D_9606,85
P067135,AAAGUCUAACCUAUUCCGGUG,1,positive,train,GSE308686,URS00000F8A5F_9606,73
N006005,GGUUAGCAUAGCUGCCUUCCA,0,negative,train,GSE279647,URS00000AED6F_9606,27
P065713,AAGGUGAAGAUAACUCUUUGU,1,positive,train,GSE308686,URS0000466492_9606,41
N009046,GCAUUCAGGUCAAGCAGCAUU,0,negative,train,GSE279647,URS0000302909_9606,46
P074388,NNNNNCAGAAUACAUGAUGAU,1,positive,train,GSE308686,URS000069573D_9606,6
P072755,AAGGAACCACUGAUGCACNNN,1,positive,train,GSE308686,URS000020C605_9606,60
P058987,GGUAGGGCAGUGUUGCCCUGG,1,positive,train,GSE136967,URS00000E9A93_9606,49
P059416,GGUAAAGUAAGUCUCCAUAAA,1,positive,train,GSE136967,URS00006810EA_9606,58
P060787,AUGUCUGGGAGUACAAAUGGG,1,positive,train,GSE136967,URS00008E3964_9606,105
N019162,CUUCCGCAUAGCUGCUGUGGU,0,negative,train,GSE279647,URS00006D2F8D_9606,37
P078195,GAUCAACCUCACCACCUCUUG,1,positive,train,GSE279647,URS000044DFF6_9606,590
P061390,NNNNNNNUGCUCUGAUGAAAU,1,positive,train,GSE136967,URS00003B08B2_9606,4
P059347,UCCGUCUGUCUAAUUGUGGCA,1,positive,train,GSE136967,URS0000721537_9606,97
P073249,GGGAAGCCAACCUUGGAGAGC,1,positive,train,GSE308686,URS000029360B_9606,59
P059295,GGAAGAGCAUAUCCUUGUUUA,1,positive,train,GSE136967,URS000029D639_9606,63
N017523,GUGAUGACCACUGGUGGCAUA,0,negative,train,GSE279647,URS00006AF21F_9606,18
P064742,CCAUGUGCGUCCCUCCCGAAG,1,positive,train,GSE308686,URS0000734D8F_9606,117
N025553,NNNNNNAAUAGUUUAAAUUAG,0,negative,train,GSE279647,URS00026C576F_9606,5
N017693,GGGCUUUGAAUCCAGCAAUCC,0,negative,train,GSE279647,URS00006B4735_9606,39
N012678,CACAUACACUAAAAUUGAAAU,0,negative,train,GSE279647,URS000062E4CF_9606,22
P059836,UAGAUCUGUGGGAAGGAAUUA,1,positive,train,GSE136967,URS0000202A89_9606,112
N017385,CGGGCCUGCUUAGGACUUGGG,0,negative,train,GSE279647,URS00006AA0BB_9606,73
N024409,CCUAACACGCGAAAUGUCCCC,0,negative,train,GSE279647,URS0000C8E9E5_9606,41
P077878,GACAUGCAUUUAUGCUGCCAU,1,positive,train,GSE279647,URS000075B5A7_9606,204
P070714,AACUGCCAUGUCACCCUUCUG,1,positive,train,GSE308686,URS000065DEBC_9606,58
N003737,AAAUUACACUGAGACCUUNNN,0,negative,train,GSE136967,URS0000725609_9606,65
P076536,CUGGGUUCGAUCCCCAGCACU,1,positive,train,GSE308686,URS000071ED2F_9606,58
N055427,UUCCUGGCAUGCUGAUUUGUG,0,negative,train,GSE308686,URS0000283D0A_9606,34
P061734,AAUUUCAUAGGGCAGAUUCUG,1,positive,train,GSE136967,URS00006BB86E_9606,39
P058524,GGUGCUGGCGGCUUCCCAUCC,1,positive,train,GSE136967,URS00000CC074_9606,108
P075006,UUGCGGAGGGUGGGCCUGGGA,1,positive,train,GSE308686,URS00004A7003_9606,14
P061169,CGAUGAUGACUUCCAUAUGUA,1,positive,train,GSE136967,URS0000513BE0_9606,15
P058818,UUUGCUGUGGACAUGACCAUA,1,positive,train,GSE136967,URS00004AEC70_9606,47
N050279,CACUCUGCGACAGUGNNNNNN,0,negative,train,GSE308686,URS00003852FE_9606,135
P073535,NUAUUCCUCACUGAUGAGUAC,1,positive,train,GSE308686,URS000075A693_9606,10
P060466,UCUGUGGCACAGUUUAAAGAG,1,positive,train,GSE136967,URS00003A9200_9606,85
P065294,NGCCACAUGAUGAUAUCAAGG,1,positive,train,GSE308686,URS0000569A4A_9606,10
P065856,UGCAUGAUCUCAAGUUUUCAA,1,positive,train,GSE308686,URS000075D68F_9606,258
P064757,CAAGGUCCAUUUGUAGGAGAA,1,positive,train,GSE308686,URS0000734D8F_9606,247
P069071,GAUCUGAACACUGGUCUUGGU,1,positive,train,GSE308686,URS00005D459D_9606,35
P057962,CUGCGAUGAUGGCAUUUCUUA,1,positive,train,GSE136967,URS00004BB247_9606,11
N026255,UGGGAGAAAAUACUUAACUCU,0,negative,train,GSE279647,URS00031B6F04_9606,94
P066170,AAAAUAGUUAAUGUGGCUAAA,1,positive,train,GSE308686,URS00004ACFCF_9606,53
N013774,GAUCUAGUUACAUUGUAGCUG,0,negative,train,GSE279647,URS000064930D_9606,17
N040007,UUUGCACCUCUGAGAGUGGAA,0,negative,train,GSE308686,URS0000148398_9606,149
N023685,AAGUAGAUUGAAGCCAGUUGA,0,negative,train,GSE279647,URS0000832EA8_9606,25
N002894,CGGGCGGACAGAAACUGUGUG,0,negative,train,GSE136967,URS000063F175_9606,32
N004472,AAAGGAUUUACCUGAGGCCAN,0,negative,train,GSE136967,URS0000708227_9606,65
P067820,UAAGAAUUGGAGGCAAAGAAA,1,positive,train,GSE308686,URS000075B384_9606,54
N013043,GCUAAGCAGGUUUGGGCUUGG,0,negative,train,GSE279647,URS00006367D8_9606,61
P077666,GGUCGCCCUCAAGGUGACCCG,1,positive,train,GSE279647,URS0002A398C5_9606,710
N010685,UAGAGGCUGAAGGCAUUCAAA,0,negative,train,GSE279647,URS000047CD44_9606,46
N023278,CAUUUUUUCCCUCCCGUCACA,0,negative,train,GSE279647,URS000075D68F_9606,89
N022252,AUCUAUUCUGAGGCUUAANNN,0,negative,train,GSE279647,URS000072C309_9606,65
N013083,GGCGUGGCAAUCCUUAGGUCG,0,negative,train,GSE279647,URS0000636E2A_9606,55
P061362,UGUCUGAACCUGUCUGAAGCA,1,positive,train,GSE136967,URS0000A92109_9606,65
P065285,GUCUGUAAUCUUGGUGGGCGA,1,positive,train,GSE308686,URS0000569A4A_9606,84
N002633,NNCUGAGGAGCAGGGCUUAGC,0,negative,train,GSE136967,URS0000233054_9606,9
N016666,UUAAUAUCUGCUAUCUGAGGA,0,negative,train,GSE279647,URS0000690F87_9606,59
P061215,CCACCAGAAUUCAAGGUGUUG,1,positive,train,GSE136967,URS000081501D_9606,46
N020091,UUAGACCGAAGAUCUUAAAGG,0,negative,train,GSE279647,URS00006EEBD6_9606,37
P059623,CAGCUGUGGCUGCCGUGUCAC,1,positive,train,GSE136967,URS000008230A_9606,30
P060788,GGUGCGACUGGUUGUAGGGAA,1,positive,train,GSE136967,URS00008E3964_9606,124
N024350,NNNNNNNNNCCCCUGGUGAUC,0,negative,train,GSE279647,URS0000C8E9D3_9606,2
P064277,CAAUCUACUGUCUUUCCUANN,1,positive,train,GSE308686,URS00005EB5B7_9606,72
P066547,UGUAACUGAUCUGCAACAUUU,1,positive,train,GSE308686,URS00006020BE_9606,109
N026071,GAAUGCGCCUGAUCUUGCCUG,0,negative,train,GSE279647,URS000314429C_9606,31
N056149,UUUGGCUGUGGACAGUGNNNN,0,negative,train,GSE308686,URS000072157F_9606,131
N003733,GUGCGCCCACCCCUGCGCCCC,0,negative,train,GSE136967,URS0000EB4911_9606,189
N003224,NNGGCUCGUUGGUCUAGUGGU,0,negative,train,GSE136967,URS0000493225_9606,9
P076882,GGACACAUUGAUCAUCGACAC,1,positive,train,GSE279647,URS0000005270_9606,88
P067542,UCAUUUGCUGUGGACAUGACC,1,positive,train,GSE308686,URS00004AEC70_9606,44
P067834,ACCUUAUUCACUGGCUGUGGG,1,positive,train,GSE308686,URS00002BF97D_9606,83
N024070,CUUGGCAGUGUAGCGAGAAAG,0,negative,train,GSE279647,URS0000A9F9BD_9606,301
P078351,GUAAAGGUCGCCCUCAAGGUG,1,positive,train,GSE279647,URS0002A398C5_9606,705
N025078,NNNNNNNNNCCUUUUAAGUUA,0,negative,train,GSE279647,URS000220D3EF_9606,2
N083229,UUGAACUGAGGUCCNNNNNNN,0,negative,train,GSE136967,URS000063EF58_9606,89
N011700,CUUAAAGGCGCACACGCCACU,0,negative,train,GSE279647,URS00005A4CE1_9606,634
P061015,CGGACUUCCGCUGUUUUAGGG,1,positive,train,GSE136967,URS0000EB4911_9606,38
P079729,UUUUUUUUUUUAAAGNNNNNN,1,positive,train,GSE279647,URS000069B08B_9606,151
P072267,AAAGAAUAUUUGCUAUCUGAG,1,positive,train,GSE308686,URS000052FCE0_9606,24
P071123,GACUGAAGCUGAUGAUGAGUU,1,positive,train,GSE308686,URS000075EC44_9606,45
P062674,CAAGCAGAGGCCUAAAGGACU,1,positive,train,GSE136967,URS0000552BBC_9606,56
P068547,CUGGCUGUAGCUAAUGGGUUC,1,positive,train,GSE308686,URS00003CCCBE_9606,35
P071730,UUCCUUCCUUGGAUGUUUGAG,1,positive,train,GSE308686,URS000071EB91_9606,74
N025938,UUCUUGGCCUUUUGGCCAAGA,0,negative,train,GSE279647,URS000309C2AE_9606,16
P064804,CACCAGGUUGCCUAAGGAGGG,1,positive,train,GSE308686,URS00000478B7_9606,169
N050975,GGAAAACUAAUGACUGAGCAC,0,negative,train,GSE308686,URS00005BBB0D_9606,57
P065700,UGUUCUCCUUAGCCAAGGCUG,1,positive,train,GSE308686,URS000075C168_9606,41
P061042,UUUUGUCUACAGAUUGCAGCG,1,positive,train,GSE136967,URS0000648DBA_9606,57
N017337,GCCUCUGUGUAAGGAUGACAC,0,negative,train,GSE279647,URS00006A9CAD_9606,68
N035089,AAAAUCAAAUCACCAUCUUUC,0,negative,train,GSE308686,URS000004E6C0_9606,25
P058594,UUUACUAAAGAUUUCCGUGGA,1,positive,train,GSE136967,URS0000673862_9606,51
N000020,CCAUGAGUCUUUUAAGCCCAG,0,negative,train,GSE136967,URS000021BC29_9606,114
P075035,AUGCCCGCAUUCUCCANNNNN,1,positive,train,GSE308686,URS000052A1C9_9606,68
N020258,UUGAUCACACCAGGUACAGAU,0,negative,train,GSE279647,URS00006F2B3E_9606,44
N026106,GCGCCCAGUCUCGUCCGUUCU,0,negative,train,GSE279647,URS000314E1A9_9606,35
P075957,ACCGCAAGGUUGGUGGUUCCA,1,positive,train,GSE308686,URS00006ABBAC_9606,49
P057607,UGUGUUACUAGAGAAGUUUCU,1,positive,train,GSE136967,URS0000650B1E_9606,42
P072593,UUUCUUCACCUGAAUAAACCA,1,positive,train,GSE308686,URS0000215639_9606,31
P070046,AACACUGUCUUUAUUGAGGUU,1,positive,train,GSE308686,URS0000148398_9606,78
P058764,ACCUCUGAGAGUGGAAUGACU,1,positive,train,GSE136967,URS00007136D1_9606,153
N025489,CAGUGGCCCCAUCAUAGUCAG,0,negative,train,GSE279647,URS0002332C55_9606,20
P060945,CUUUUUAAACUAAUUUUUUGA,1,positive,train,GSE136967,URS000071EA53_9606,87
P071278,AAGGAAGGGAUGAUGUUCCAG,1,positive,train,GSE308686,URS000062A15C_9606,18
P082550,UUCAUACACCUAUCCCCCAUU,1,positive,train,GSE279647,URS00000B09B7_9606,31
N025758,CUUCGGCCGCUAGGGAGCGAC,0,negative,train,GSE279647,URS0002A398C5_9606,283
N004270,CUAGCUAUGUGCCUUCUAUUA,0,negative,train,GSE136967,URS00008E3964_9606,145
P071566,UUGUGAUUAUUGAAUACUUAA,1,positive,train,GSE308686,URS0000A76DCB_9606,61
N005142,AUCCCGGACGAGCCCGGNNNN,0,negative,train,GSE279647,URS0000009B16_9606,66
P063601,AAGCAGCAUUGUACAGGGCUA,1,positive,train,GSE308686,URS0000561D92_9606,57
P077132,UUUGGCUAAGAUCAAGUGUAG,1,positive,train,GSE279647,URS0000713C07_9606,26
N002210,GAUUCCCAUUCUUGCGACCCG,0,negative,train,GSE136967,URS0000502C74_9606,39
P068804,UUGGAAAUGGUUCUAAUUGAA,1,positive,train,GSE308686,URS000075E772_9606,174
P076795,NNNNNNNNNNAGCUUUGCGCA,1,positive,train,GSE279647,URS000065101D_9606,1
P060253,UUCACGAUGGUCUUCAGAUGC,1,positive,train,GSE136967,URS00006561BE_9606,28
N017970,NNUUAUAAGUUUUCUAAGUGU,0,negative,train,GSE279647,URS00006BB86E_9606,9
N005242,AGCCAUCCGUUGGUCUUAGGC,0,negative,train,GSE279647,URS00000177BE_9606,27
N010060,GAAGAUAAAGUGUGUCUGAGG,0,negative,train,GSE279647,URS000040478E_9606,56
P076214,NNNGGCCGCGUGGCCUAAUGG,1,positive,train,GSE308686,URS00000CC06A_9606,8
P067289,AGGACUGUCUUCCUGUGGUCU,1,positive,train,GSE308686,URS0000552BBC_9606,71
P065692,UCUCCUUAGCCAAGGCUGGAG,1,positive,train,GSE308686,URS000075C168_9606,44
P080264,GUAAAGAGUGUUUUAGAUCAC,1,positive,train,GSE279647,URS000044DFF6_9606,299
P071112,CACCUCAGUGCAAGGACGACU,1,positive,train,GSE308686,URS00002F13BD_9606,39
N024447,UAGGAUUCAGCGCUCCCACCG,0,negative,train,GSE279647,URS0000C8E9E9_9606,24
N011561,CUGGGUUGUUCGAGACCCGCG,0,negative,train,GSE279647,URS000058CD99_9606,59
P067395,GGGAUUAUACCAGUGGCAACU,1,positive,train,GSE308686,URS000022C1CA_9606,100
N005026,CCCCUCAUCCCUCUGCCCUNN,0,negative,train,GSE279647,URS0000001A7A_9606,77
N004285,GGGUAUAGCUCAGGUGGUAGA,0,negative,train,GSE136967,URS00006509A6_9606,13
N004481,UUCUAAAAUUACACUGAGACC,0,negative,train,GSE136967,URS0000725609_9606,60
N013885,CUGAGGAGGAGNNNNNNNNNN,0,negative,train,GSE279647,URS000064A807_9606,72
N016065,UAGAGCAUAAGACUCUUAAUC,0,negative,train,GSE279647,URS000067F671_9606,30
P075056,GGGGUGUAGCUCAGUGGUAGA,1,positive,train,GSE308686,URS000047C79B_9606,12
N019006,CUAAGCCAGGUCAGGCCUGGU,0,negative,train,GSE279647,URS00006CE795_9606,62
N011677,UGUGGAAAUGUCUGCUUCUCA,0,negative,train,GSE279647,URS00005A2612_9606,16
N041489,AUGUUGGUUAUACCCUUCCCG,0,negative,train,GSE308686,URS000006E464_9606,53
N015070,CAGGGUCGGGCCUAGUUAAUA,0,negative,train,GSE279647,URS00006633F5_9606,68
N018443,GGCAUCCUCCCGUAUGGGAGA,0,negative,train,GSE279647,URS00006C4777_9606,83
P078707,GCUAAGCUUCCUCCGCGGUGG,1,positive,train,GSE279647,URS0000747665_9606,48
P069447,AACCCAAGAAUCACUGUUUCU,1,positive,train,GSE308686,URS00005357F7_9606,21
P065015,NNNNNNNGUGUUGUAUGAAAG,1,positive,train,GSE308686,URS0000443498_9606,4
N008176,GGAAACGUUUGUGGACAUCCU,0,negative,train,GSE279647,URS0000233681_9606,53
P063430,UACGGGGAUGAUUUUACGAAC,1,positive,train,GSE136967,URS0000197BB5_9606,12
P061869,AAUGAUGGCAACACCUUCCUU,1,positive,train,GSE136967,URS000066E3F5_9606,64
P071958,UGAGGCUAUGUAGCCUGAAAA,1,positive,train,GSE308686,URS00006BA413_9606,93
P057796,GGGUGACGCCCGAAUCCUCAC,1,positive,train,GSE136967,URS00006ECA78_9606,48
P059030,UGUCUGAAAUGGUAUCUUUUG,1,positive,train,GSE136967,URS0000686085_9606,40
N004594,CAUUAUCUAUCCGCCAACAGU,0,negative,train,GSE136967,URS000026BDF0_9606,190
P070506,AUAGCAAUCCUGUGAUUUAUG,1,positive,train,GSE308686,URS000064B135_9606,70
P068826,UGGUAGGCACUGGCCCAGAAG,1,positive,train,GSE308686,URS00001FC3CF_9606,46
P082385,CUGGGAGUACAAAUGGGUGCG,1,positive,train,GSE279647,URS00008E3964_9606,109
N026285,ACUUGAAUGGGAGACAUUUAC,0,negative,train,GSE279647,URS00031F5700_9606,87
P075870,UCCAAUGGAUUCAUAUCCGCG,1,positive,train,GSE308686,URS00006F940C_9606,49
N028755,UGAUGGAUUUGCUUUUUUCUG,0,negative,train,GSE308686,URS000004E6C0_9606,57
N021194,GUUAACUGAAAGGUUAGUGGU,0,negative,train,GSE279647,URS0000712B90_9606,45
N017915,AGGGUUCAAGUCCUCGUUCGG,0,negative,train,GSE279647,URS00006B98D7_9606,60
N015746,CAAAGCAUGAGACUCUUAAUC,0,negative,train,GSE279647,URS0000677265_9606,30
P059556,CAAGGGUCCUAAAGGACUUAG,1,positive,train,GSE136967,URS0000569A4A_9606,266
P058035,GUUAUCAGAACUUAUUAACAU,1,positive,train,GSE136967,URS0000007D24_9606,31
P059905,AAAGAAUCCUUAGGCGUGGUU,1,positive,train,GSE136967,URS0000650132_9606,26
N001230,NGUUUGAAUGAUGACUUUAAU,0,negative,train,GSE136967,URS000034C57A_9606,10
N056190,CCAGGGACGCUUGGUCUCAUA,0,negative,train,GSE308686,URS00004B4AC7_9606,120
N025932,UAAUAGAGUAAAUGGAUUUCU,0,negative,train,GSE279647,URS000307E196_9606,30
N005466,UUAAAUACAGACCAAGAGCCU,0,negative,train,GSE279647,URS00000428DF_9606,23
P061655,UGCUGCUUGUAGUCUCACAGU,1,positive,train,GSE136967,URS00005682D3_9606,24
P061492,CUCUGAGUCUUAAGCUAAUUU,1,positive,train,GSE136967,URS00006E1BD2_9606,81
N026580,ACGUGCCCGGUCUCCUCUGAU,0,negative,train,GSE279647,URS000338C3E2_9606,33
P073433,UUAGGACACCUUUGGAUUAAU,1,positive,train,GSE308686,URS00004BB247_9606,29
P070486,UAGUGUACCCAUGCCAUAGCA,1,positive,train,GSE308686,URS00003D5684_9606,53
N023027,GGGCCUCGCCCUGCUUGGGCC,0,negative,train,GSE279647,URS000075AFFE_9606,38
P059975,UAAUGAAGGCAUCUUUAGUCA,1,positive,train,GSE136967,URS000063A91D_9606,56
N010474,UUAGCCUAUAAUUUAACUUUG,0,negative,train,GSE279647,URS000045E9A2_9606,26
N003196,CGAGUGGUUAAGGCGAUGGAC,0,negative,train,GSE136967,URS0000664EAD_9606,22
N023246,CAUUGUAGGCCUCAUUAAAUG,0,negative,train,GSE279647,URS000075D018_9606,14
N024318,AGGCUGGUGGUCCGAGCCCAA,0,negative,train,GSE279647,URS0000C8E9CB_9606,51
P071940,GUGCGCUGCACUGACCUUCUU,1,positive,train,GSE308686,URS00006BA413_9606,44
N008738,UGCUGUGUUUCUGUAUGGUAU,0,negative,train,GSE279647,URS00002B6637_9606,40
N015740,NGCCUGGCUAGCUCAGUCGGC,0,negative,train,GSE279647,URS0000677265_9606,10
N023845,NNNNNNNNNNAAGGUAUUAGA,0,negative,train,GSE279647,URS00009DAF29_9606,1
N005188,UAACCAAAACAUCAGAUUGUG,0,negative,train,GSE279647,URS000000EB00_9606,23
P071981,GAAACACAUGAUAUUUGUGGA,1,positive,train,GSE308686,URS0000069864_9606,50
N003875,UUCCAGUCUACCUGAUGCAUG,0,negative,train,GSE136967,URS00002E82E5_9606,81
N023367,ACUUAAUUUCUNNNNNNNNNN,0,negative,train,GSE279647,URS00007629E8_9606,67
N011887,NNNUAUGUAGCUUACCUCCUC,0,negative,train,GSE279647,URS00005BDA4E_9606,8
N018777,UUGGAAGUGAAGCAGGGUUGG,0,negative,train,GSE279647,URS00006CAA05_9606,52
P072378,CUGAUGUUCUGUGAGGUACAA,1,positive,train,GSE308686,URS000015A7CF_9606,34
P069538,GGAAGUACUGCCAUUAUCCUG,1,positive,train,GSE308686,URS00002982D8_9606,44
P059977,CUGGUGGUCUAGUGGUUAGGA,1,positive,train,GSE136967,URS00004F0321_9606,14
N022547,CCACAGGGACAAGCCCGGGAG,0,negative,train,GSE279647,URS0000744456_9606,48
P063293,UUAAAAUUAAAGCAGAUGGGA,1,positive,train,GSE136967,URS0002869D46_9606,26
N003269,UGGAAAUUCUGACUUGGNNNN,0,negative,train,GSE136967,URS0000A9FA53_9606,65
P068151,GCCCAUCUCAUAUCAGCCAGG,1,positive,train,GSE308686,URS0000438819_9606,49
N014807,CAUCUGAUCUUGUCUGAUCUU,0,negative,train,GSE279647,URS000065F6B5_9606,35
P072479,UGCACUACCAUCUGAGGCCAC,1,positive,train,GSE308686,URS000008DC88_9606,73
P070340,UUACACCUGCUAGGGUGUUCA,1,positive,train,GSE308686,URS00003A960A_9606,40
P059385,UUCAGCAGACUAACGCUGAUG,1,positive,train,GSE136967,URS000050BD61_9606,29
N014622,NNNNNNNNNGUUGCUUCAUGG,0,negative,train,GSE279647,URS0000659FDF_9606,2
P069319,GUCUCUGUUGGCUGGUGCAAU,1,positive,train,GSE308686,URS000075B118_9606,39
P075639,AGUUGGUCAGAGCGUGGUGCU,1,positive,train,GSE308686,URS00007063CB_9606,24
P066878,GGCUAAUGACCUAUUGAGCCG,1,positive,train,GSE308686,URS00004EA987_9606,41
N003899,UGGUGCCUGUGAUGGUGUUAC,0,negative,train,GSE136967,URS00007136D1_9606,41
P078172,AAACUAAGAGUAGAGUGCUUA,1,positive,train,GSE279647,URS000044DFF6_9606,796
P063903,AGAAUGUAGUUGUGCAAAUCU,1,positive,train,GSE308686,URS0000539083_9606,49
N021199,GGUUAGUGGUUCGAGCCCACC,0,negative,train,GSE279647,URS0000712B90_9606,56
P073720,AGAUGAAGAGGACAGUGACUG,1,positive,train,GSE308686,URS00004D7B5D_9606,71
P062355,UCACUGGCUGUGGGCCUUAUG,1,positive,train,GSE136967,URS00002BF97D_9606,90
N009793,GAGAUAUGAGGGCAANNNNNN,0,negative,train,GSE279647,URS00003B57B1_9606,138
P058471,NGCUGGUGUAAAUGAUGACUU,1,positive,train,GSE136967,URS000071403B_9606,10
P061818,NNNNNNNUUGUUAUGAUGAGA,1,positive,train,GSE136967,URS000062F4C6_9606,4
N004474,GUCUUGUAAACAGGAGAUCCU,0,negative,train,GSE136967,URS000065464E_9606,41
P065002,NNAUCUCUGGUUUCUCUUCAU,1,positive,train,GSE308686,URS0000759ECB_9606,9
P068145,UCCUUGUUCAUCCCAGCUUGG,1,positive,train,GSE308686,URS0000438819_9606,81
P068384,UCCUAAUCCCUGCCGGUCCAU,1,positive,train,GSE308686,URS00003E7565_9606,18
N048740,GGAGUUAGCUCAAGCGGUUAC,0,negative,train,GSE308686,URS0000A76E3A_9606,17
N013110,UAUCAUCUGAUCUCAGAAGCU,0,negative,train,GSE279647,URS0000637B22_9606,43
N003180,AAACUGAAACAGNNNNNNNNN,0,negative,train,GSE136967,URS0002869D46_9606,80
P062281,UAUCUCACGAUGGUCUGCGGA,1,positive,train,GSE136967,URS000026935A_9606,26
P077208,NNNNNNNNNNCCCCUUUUAAA,1,positive,train,GSE279647,URS0000634EB5_9606,1
N001367,NGUCCAGAAAACAAUGAUGUG,0,negative,train,GSE136967,URS00006457BC_9606,10
P072610,AUGUGGUCAGCAUUGCAUCUG,1,positive,train,GSE308686,URS0000215639_9606,51
N013104,CUCAGGGUCAUGGGUUUGAGC,0,negative,train,GSE279647,URS0000637361_9606,50
N018974,NNNNNNNNNGGCUUGUCGGAU,0,negative,train,GSE279647,URS00006CE6B7_9606,2
P069068,AAUAGUGAAGCUGGCCUAAAU,1,positive,train,GSE308686,URS00005D459D_9606,77
P064195,UAUUGCACUUGUCCCGGCCUG,1,positive,train,GSE308686,URS00002B6637_9606,58
P080478,GCGAAGGCGAGCGCAUCGCUU,1,positive,train,GSE279647,URS00021ED9AF_9606,255
N003740,CCUCCUGCGAAGCCCCCUCGG,0,negative,train,GSE136967,URS000023DE4C_9606,250
P061706,UUCACCAUCUUUCGUUUGAGU,1,positive,train,GSE136967,URS00006D7506_9606,31
P073252,GGAGAGCUGAGCNNNNNNNNN,1,positive,train,GSE308686,URS000029360B_9606,73
P070428,GUACCCCAUGCCAGAGCAAAC,1,positive,train,GSE308686,URS0000647500_9606,58
P068984,GCUUGCCUCUAUGACUGGAGU,1,positive,train,GSE308686,URS00004C6257_9606,115
N001803,AAUUCAAGGUGUUGGCAACUA,0,negative,train,GSE136967,URS000081501D_9606,53
N022834,UGUGAGCAAUGCCGAGGUUGU,0,negative,train,GSE279647,URS0000758A62_9606,61
P068767,UCAGUGGCUGGAUAAAUUGCA,1,positive,train,GSE308686,URS000075E772_9606,112
P064388,GAGUGAGGUAGUAGAUUGUAU,1,positive,train,GSE308686,URS00004BFD1E_9606,14
N014493,CUAUGGCCAUACCACCUUAAA,0,negative,train,GSE279647,URS0000657EE8_9606,13
N009505,CGAGCCCCAGUGGAACCANNN,0,negative,train,GSE279647,URS000038803E_9606,66
P061265,AAUGAUGAAUAACAAAGGGAC,1,positive,train,GSE136967,URS0000626A32_9606,17
P062930,CGAGGUCAGACUGGGCAGGAG,1,positive,train,GSE136967,URS000013F331_9606,173
N015754,NACCUACAUUAGGUAUAAAAU,0,negative,train,GSE279647,URS0000677707_9606,10
P070253,AGCUUGCUCCGUAGCUGGCGA,1,positive,train,GSE308686,URS00003852FE_9606,106
N016316,UAAUGCAGUGAGCACUGGCAA,0,negative,train,GSE279647,URS0000688011_9606,109
N008421,AGCGCGUGCUUAGCAUGCACG,0,negative,train,GSE279647,URS0000282AB2_9606,32
P069189,AGUUGUUUCUUAACUAUACCU,1,positive,train,GSE308686,URS00004B4AC7_9606,77
P076131,AAUGGCUGAGUGAAGCAUUGG,1,positive,train,GSE308686,URS0000093479_9606,16
P075338,GAGACCGGGGUUCGAUUCCCC,1,positive,train,GSE308686,URS00006174C2_9606,53
P069551,NAAAGCAGGUUGCAAUUACAG,1,positive,train,GSE308686,URS00002982D8_9606,10
N006467,GUAGUAUAAACUAAUACACCA,0,negative,train,GSE279647,URS00000FCDE9_9606,17
P072347,AAGUGAUGUCAUCUUACUACU,1,positive,train,GSE308686,URS000041615F_9606,55
P068782,GCAAGAAUAAUUUGGAGUUCC,1,positive,train,GSE308686,URS000075E772_9606,70
N006661,AGAGGUCCCCAGUUCAAAUCU,0,negative,train,GSE279647,URS000012AE66_9606,51
N011529,UAUUGGCGUUAAGAUUCUAAA,0,negative,train,GSE279647,URS0000584589_9606,34
P057916,UGGCGGUUCGAACCCACCCAG,1,positive,train,GSE136967,URS000068D6AF_9606,59
P075707,NNNNGCCCGGCUAGCUCAGUC,1,positive,train,GSE308686,URS00006C0A49_9606,7
N037816,AUUUUAAGACUGAGANNNNNN,0,negative,train,GSE308686,URS000075BEB6_9606,72
P063796,GCUUACAGUGCAGGUAGUGAU,1,positive,train,GSE308686,URS000032AA22_9606,30
P079514,GGUCCUUCUCUGUGGGCCUCU,1,positive,train,GSE279647,URS000072D77E_9606,33
P067343,NNNNNNCUGGCACUUUCACAG,1,positive,train,GSE308686,URS000022C1CA_9606,5
N034491,GUUCCUGUGUCCCAGGCUCAG,0,negative,train,GSE308686,URS00001FC3CF_9606,100
N040169,NNAUCGUCAGGUGGGAUAAUC,0,negative,train,GSE308686,URS00021EDA78_9606,9
P082527,UGCAGCCUGUUUGUUGUAUGG,1,positive,train,GSE279647,URS00006625E3_9606,97
N013983,GGUAUCUGAAACAGGAUUUUU,0,negative,train,GSE279647,URS000064C51A_9606,34
P066139,GAGCUAUUGUGGCUCCGGCCG,1,positive,train,GSE308686,URS0000268556_9606,14
N019850,AUAUAUCUUUCACCUUUUGCU,0,negative,train,GSE279647,URS00006E439A_9606,36
P075569,GCCUGCCACGCGGGAGGCCCG,1,positive,train,GSE308686,URS000009AC8B_9606,39
N020103,AGACAAUGAAUACGUGUCUGG,0,negative,train,GSE279647,URS00006EEEE6_9606,47
P071963,GUCCGUGUUUCUGAACCACAU,1,positive,train,GSE308686,URS00004DF250_9606,38
N019447,CCGGUAAUCCGAGUUCAAAUC,0,negative,train,GSE279647,URS00006DA515_9606,50
N015500,UUGUUGCCAUUGCUUUGGAAC,0,negative,train,GSE279647,URS0000673DB0_9606,23
N010389,UGGCCGCAGCAACCUCGGUUC,0,negative,train,GSE279647,URS000044BAE3_9606,45
N022386,GAGGACUGUAGGUUCAUUAAA,0,negative,train,GSE279647,URS0000732902_9606,37
P057800,ACUGCUAAUGUGAGACGAAUU,1,positive,train,GSE136967,URS00006ECA78_9606,67
P069357,AGUAGCAGCUUGGAAUAGAAU,1,positive,train,GSE308686,URS00004C8BD1_9606,58
N000738,CAGGAAGAGGAACGGAGCGAG,0,negative,train,GSE136967,URS00004416C5_9606,377
P071236,NNNNNNNNNCUUAGUCCAGAA,1,positive,train,GSE308686,URS000075D829_9606,2
N029206,CCACAUGGGUCGGAAAAAAGG,0,negative,train,GSE308686,URS00004E56CF_9606,102
P069348,CUUUCUAUCCUAGUACAGUCN,1,positive,train,GSE308686,URS0000656AFD_9606,124
N023396,NNNNNNNNAAUAUGUCUGAUA,0,negative,train,GSE279647,URS000076F3F0_9606,3
N015927,AGAUUUCACUUCAUGGUCUGU,0,negative,train,GSE279647,URS000067C03A_9606,22
P058408,NNNNNNNGUGCACAUUUCAUU,1,positive,train,GSE136967,URS000033A30E_9606,4
N011935,CUUUAAUUGAAACAAGCAACC,0,negative,train,GSE279647,URS00005CCF67_9606,45
N017144,CAAGCAGGGUGGGGCCUAGUU,0,negative,train,GSE279647,URS00006A4CA5_9606,64
P064624,GAGGAGGACCGGUCUUCGGUC,1,positive,train,GSE308686,URS0000734D8F_9606,175
P059319,ACACGAUGACGAGUCAGAAAG,1,positive,train,GSE136967,URS000043549A_9606,22
N006162,CCCCCAAAGCUGGUUUCAAGC,0,negative,train,GSE279647,URS00000CBD3B_9606,32
P073835,UGGUUUUCUGAAGNNNNNNNN,1,positive,train,GSE308686,URS00006B6C71_9606,71
N012402,NNNNAUUGCUUCUCAGCCUUU,0,negative,train,GSE279647,URS00006274CB_9606,7
P078938,UCAAAACGCUUAGCCUAGCCA,1,positive,train,GSE279647,URS000044DFF6_9606,142
N022007,AAGCAAUUGCAAAUUUCUUUG,0,negative,train,GSE279647,URS00007272A1_9606,52
N032098,AACUAGUGAAUGUGGUGUCAA,0,negative,train,GSE308686,URS00001BD443_9606,39
P061067,UCUGCAACAGUAAGUGGUGAG,1,positive,train,GSE136967,URS00004C6FD8_9606,65
P061055,CCAGUGAUGACACCAUCCUUG,1,positive,train,GSE136967,URS00006D051B_9606,14
P071465,UCUCUUUUGCCUGGAUCGAGA,1,positive,train,GSE308686,URS00008E3A5F_9606,157
P064338,UGGUUUAGAGUUACACCCUGG,1,positive,train,GSE308686,URS0000031E12_9606,38
P074688,GAUUCUGAGGUGAAAAUUUAA,1,positive,train,GSE308686,URS000075D383_9606,49
P059424,AGUGCUAGAAUGAUGAGGAUC,1,positive,train,GSE136967,URS0000361A8E_9606,45
P064295,CCCUGCUAUGGGAUAACUAUA,1,positive,train,GSE308686,URS00004BC34C_9606,46
N019629,UCGGAAGUUAAGCAGGGUCGG,0,negative,train,GSE279647,URS00006DFAFA_9606,49
P058288,GGAGAGGAAUCAAUGAAAGCG,1,positive,train,GSE136967,URS0000A8E179_9606,89
N025520,GAUUGUAAAGACUGGGGUGGA,0,negative,train,GSE279647,URS00025E358E_9606,116
P078192,CUCUGGUUUCUCUUCAAAUCG,1,positive,train,GSE279647,URS0000673862_9606,14
N024718,NNNNAAGGACUGCAAAACCCC,0,negative,train,GSE279647,URS0000DDAF29_9606,7
P072503,AGCACUGGCUGAGACGCNNNN,1,positive,train,GSE308686,URS00005B985B_9606,60
P072578,NNNNNGUUGCAGUGAUGUAAA,1,positive,train,GSE308686,URS00003BC8C2_9606,6
N014829,CUGACUGCCCCUGAGGACACG,0,negative,train,GSE279647,URS000065F8CD_9606,39
N025126,NNNNNNGCUAACUUAGCAUUA,0,negative,train,GSE279647,URS0002271522_9606,5
P065525,AUCAAGCUGACUCUGCUUUUA,1,positive,train,GSE308686,URS00005172B7_9606,40
N026275,AAGUUAAGCAGGGUCGGGCCU,0,negative,train,GSE279647,URS00031D4E94_9606,50
N012410,GUGCUCUGGCAUUGCCUGAGG,0,negative,train,GSE279647,URS00006276F4_9606,52
N019693,UGCCUGAUUAGUAUUUGGAUG,0,negative,train,GSE279647,URS00006E06F0_9606,74
N024667,NNNNNNNNAUAUAGUUUAACC,0,negative,train,GSE279647,URS0000DD1DAA_9606,3
P065767,UUUUUAUUCAGUUUCUUCUCA,1,positive,train,GSE308686,URS0000466492_9606,21
N023138,GGUCUCAGAAUCGGGGUUUUG,0,negative,train,GSE279647,URS000075BAEB_9606,13
P067455,GCUAUGGUUUCCACCACAGAU,1,positive,train,GSE308686,URS0000721537_9606,51
N027628,GCCCGGAUAGCUCAGUCGGUA,0,negative,train,GSE308686,URS000022DD4A_9606,11
P082869,CUUUUGCCUGGAUCGAGAUUG,1,positive,train,GSE279647,URS00008E3A5F_9606,160
P059204,UCUGGACUUUGAAUCCAGCGA,1,positive,train,GSE136967,URS000035EE7E_9606,36
N013838,GCUCCAUCCACUCCUCGCAUC,0,negative,train,GSE279647,URS000064A434_9606,130
P081625,NNNNNNNNNNCCCCACAGUUU,1,positive,train,GSE279647,URS00003177B8_9606,1
N011685,GGAGGACUGUAGCCUGUAGAA,0,negative,train,GSE279647,URS00005A29A1_9606,36
P081511,NNNNNAGACUUGGCAGGGGAG,1,positive,train,GSE279647,URS00006A49F3_9606,6
N010471,GAUUUAGCCUAUAAUUUAACU,0,negative,train,GSE279647,URS000045E9A2_9606,23
P062676,GUUGGUUUCAAGCAGAGGCCU,1,positive,train,GSE136967,URS0000552BBC_9606,48
N083361,UGAUUGCUCCUAUCUGAUNNN,0,negative,train,GSE136967,URS00006B483D_9606,127
N007543,UAGCUGUCUAGCGACAGAGUG,0,negative,train,GSE279647,URS00001DA281_9606,55
N016783,NNNNNNNNAUCACAUCUCAGC,0,negative,train,GSE279647,URS0000696915_9606,3
P063302,UCCGGGUUCGAGUCCCGGCGG,1,positive,train,GSE136967,URS000047CD44_9606,58
N024309,CGCAAUCAGCGCGUUUGGCUG,0,negative,train,GSE279647,URS0000C8E9CB_9606,21
N016856,NNNNNNAAAUCAUAUCACUAU,0,negative,train,GSE279647,URS000069845D_9606,5
P064127,NNNNNNAGUGGCUCACACCAG,1,positive,train,GSE308686,URS000075A325_9606,5
N014566,GAAUGUGCCCGAUCUCGUCUG,0,negative,train,GSE279647,URS0000658FB0_9606,31
N023449,AUGGUUUUUCANNNNNNNNNN,0,negative,train,GSE279647,URS00007BE1BA_9606,34
N004807,CAGCCUGAGCAACAUAGCGAG,0,negative,train,GSE136967,URS0000684D4B_9606,278
N014623,UGGCCUUUUGGCUAAGUUCAA,0,negative,train,GSE279647,URS0000659FDF_9606,20
N026955,GGGUCACCUACCCUGGGACCU,0,negative,train,GSE308686,URS000072157F_9606,101
P064475,CUUUCCGCCUAGGGGAAAGUC,1,positive,train,GSE308686,URS00026A2211_9606,67
N009369,NNGAAGAGACAGCGCCGCCGG,0,negative,train,GSE279647,URS0000364F43_9606,9
P066198,UUCAGGGAGGCAGAGAAAGGC,1,positive,train,GSE308686,URS0000034D55_9606,62
P066000,UGAAGUUUUCUACACUUGACC,1,positive,train,GSE308686,URS000075BDDC_9606,330
N015623,UACCCUGGGGUGUCUGAAUCU,0,negative,train,GSE279647,URS0000674865_9606,26
P066266,CCAAGUAUGGCAGAAGGAUAU,1,positive,train,GSE308686,URS0000ABD812_9606,41
P070500,UGGGGUGGACCUCUUUCUUAA,1,positive,train,GSE308686,URS00025E358E_9606,128
N003126,AUAAGGCACUGGCCUCCUAAG,0,negative,train,GSE136967,URS00002D7BB5_9606,29
P060560,GCAUGUAUGAGGCCCCGGGUU,1,positive,train,GSE136967,URS000061F57C_9606,44
P063793,AAUAUUGGCGUAGUGAAAUAU,1,positive,train,GSE308686,URS000017EE98_9606,32
N025041,UCACCUCGGAGCUGNNNNNNN,0,negative,train,GSE279647,URS00021FCC84_9606,63
P060692,AUGAUGACAUCCAUAUGGUUU,1,positive,train,GSE136967,URS000065DBA2_9606,16
P062628,UUUCUUUGAAUGUCCAGCGUC,1,positive,train,GSE136967,URS00003B57B1_9606,100
P057959,CGAUGAUGGCAUUUCUUAGGA,1,positive,train,GSE136967,URS00004BB247_9606,14
N012363,AUGGGCUGGUGCCCGCGUGGG,0,negative,train,GSE279647,URS0000625435_9606,53
P064358,GGUAACUAUACGACCUGCUGC,1,positive,train,GSE308686,URS000075B243_9606,67
P071185,UGUUCAGUCACUACCUCAUCU,1,positive,train,GSE308686,URS000075ED7D_9606,85
P079264,AUUUAUAUAGAGGAGACAAGU,1,positive,train,GSE279647,URS000044DFF6_9606,903
N002073,NNNNNNNNGGAUUUGUGAUGA,0,negative,train,GSE136967,URS00006A82CA_9606,3
P071336,UAUUACUAAAUGAGGACAACA,1,positive,train,GSE308686,URS000075CB76_9606,61
P075531,UUCCCGGUCAAGAUANNNNNN,1,positive,train,GSE308686,URS0000644222_9606,67
P076095,NNNNNNACUCUUUUAGUAUAA,1,positive,train,GSE308686,URS00000C6674_9606,5
P060378,AAAGUCUGAACAAAGUGAUUG,1,positive,train,GSE136967,URS000046CCFB_9606,40
P060992,AUCUUAUCCCGAACCUGAACU,1,positive,train,GSE136967,URS00002524EE_9606,22
N020931,CAAUUCCUUGGCUGUGUCUGA,0,negative,train,GSE279647,URS0000706C1B_9606,71
P074817,CUAAUCUGAUUUUAUGUGCUU,1,positive,train,GSE308686,URS0000708227_9606,29
N005541,UAAAUUAUAGGCUAAAUCCUA,0,negative,train,GSE279647,URS0000050612_9606,51
P072136,UACCUGAGAAAUAAUUGAUGA,1,positive,train,GSE308686,URS000053D4AB_9606,28
N023621,UGCGUUCAGUUGAUGCAGAGU,0,negative,train,GSE279647,URS0000815733_9606,35
N003810,CUGAAAUCCAGAGGCUGUUUC,0,negative,train,GSE136967,URS00006CCF53_9606,51
N018806,GCAUUCCAGAUGUGCUGACCC,0,negative,train,GSE279647,URS00006CB40C_9606,76
P077521,CUUCCUCCGCGGUGGGGAUUC,1,positive,train,GSE279647,URS0000747665_9606,54
N026792,NNNAGUGGCUCACACCAGUAA,0,negative,train,GSE308686,URS000075A325_9606,8
N040115,UUGAAUGAUGACUUUAAUUGU,0,negative,train,GSE308686,URS000034C57A_9606,13
P066798,GAUACGAGCAGUUAUACGCAU,1,positive,train,GSE308686,URS00005682D3_9606,45
N004972,AGGCGCUGCGUUCAGGUCGCA,0,negative,train,GSE136967,URS000042F13F_9606,33
N002749,UGCCUGGUCUGUAUUGUGAAU,0,negative,train,GSE136967,URS00004F2BDE_9606,110
N025346,GUGCUGAUCCUGUGAUUUCCC,0,negative,train,GSE279647,URS0002314685_9606,86
N025561,UGGAUUCUCAGNNNNNNNNNN,0,negative,train,GSE279647,URS00027061A0_9606,45
P064777,GGCUGGAGGAUCGCUUGAGUC,1,positive,train,GSE308686,URS00000478B7_9606,60
P073735,UCCACUGUGGACUCAAUAGCA,1,positive,train,GSE308686,URS00004D7B5D_9606,47
P074984,CGAUUCCCUGAGCUGUGGGAC,1,positive,train,GSE308686,URS00004A7003_9606,413
N011492,UCAGCAGUGCCUUAGCAGCAC,0,negative,train,GSE279647,URS000056BFD0_9606,12
P066094,GGGUAGGCGAGGGUUCGAGGG,1,positive,train,GSE308686,URS000002A4F1_9606,59
P057866,NNNNGGAUCGAUGAUGACUUU,1,positive,train,GSE136967,URS00004219CE_9606,7
N008959,CAAGACGCUACUUCCCCUAUC,0,negative,train,GSE279647,URS00002EDD4B_9606,106
P064772,AUGCCGAUCGGGUGUCCGCAC,1,positive,train,GSE308686,URS00000478B7_9606,106
N016294,GUUGAAAAUUUUCCCCAAUAC,0,negative,train,GSE279647,URS0000686968_9606,56
P060799,NNNNUUGUCCUGGCCUAUUUU,1,positive,train,GSE136967,URS00006C9D52_9606,7
P064442,NNNNNNNNUGGUUCGUGCUGA,1,positive,train,GSE308686,URS00026A2211_9606,3
P067020,UAGUACUGGUCUAGUGUUGUC,1,positive,train,GSE308686,URS0000818C5D_9606,133
N004986,GGUUCGAGACCCGCGGGUGCU,0,negative,train,GSE279647,URS0000000A8C_9606,65
N016581,GGUUAGUACUUAGAUGGGAGA,0,negative,train,GSE279647,URS000068E17B_9606,71
P073889,CAGGCACCACUCAGUAUCACC,1,positive,train,GSE308686,URS00006A5FBC_9606,60
P067120,AAAACUCAGGCAAACUGGGUG,1,positive,train,GSE308686,URS00005F1DD0_9606,86
P074158,GAUGAGGAUCUUAACCACCAU,1,positive,train,GSE308686,URS0000361A8E_9606,56
P059611,CUCAGGCAAACUGGGUGUUUG,1,positive,train,GSE136967,URS00005F1DD0_9606,90
N023544,NNNNNNNNNNGAGGAAGCCCU,0,negative,train,GSE279647,URS00007E4DB7_9606,1
P062348,AAGAGUAACUGCUGACCUUAU,1,positive,train,GSE136967,URS00002BF97D_9606,69
P065802,NAAUGGAAGCUGCUGGAACCA,1,positive,train,GSE308686,URS000075E781_9606,10
N015026,UUCCUUCUACACGCCCACUGC,0,negative,train,GSE279647,URS0000662363_9606,73
P069710,UGAUAGUGCAGGGAGAGGAAU,1,positive,train,GSE308686,URS000045555D_9606,54
N022769,GGCGCCAGACUCAAGUUGCUA,0,negative,train,GSE279647,URS0000753A37_9606,34
P080722,UAUUCACAGGCGCAAUCCCAC,1,positive,train,GSE279647,URS000233AD7D_9606,301
P064261,UAGGCCCCAAUUAGAAGAUAA,1,positive,train,GSE308686,URS000075BF40_9606,69
P076302,UCGAAUCCUGUUCGUGACGNN,1,positive,train,GSE308686,URS0000278E1B_9606,74
N020873,UUCCCCAGGGUGAGGCUUAUC,0,negative,train,GSE279647,URS0000705A6A_9606,53
N020431,NNAUCACUUCUUGGUCUUUUG,0,negative,train,GSE279647,URS00006F6B56_9606,9
N016116,GCAGGGAGAUGGUUGAAAAUA,0,negative,train,GSE279647,URS0000680D17_9606,118
P060262,UAGUUAUCCCUGUCUGAAAAU,1,positive,train,GSE136967,URS000072C309_9606,27
P058289,UAGUGCAGGGAGAGGAAUCAA,1,positive,train,GSE136967,URS0000A8E179_9606,81
N022988,UAUUAUCAAACGAAGGUGGUU,0,negative,train,GSE279647,URS000075AD80_9606,35
P066292,AUGGCAGAAGGAUAUAAAGGU,1,positive,train,GSE308686,URS0000ABD812_9606,47
P069195,UGUUUCUUAACUAUACCUGUC,1,positive,train,GSE308686,URS00004B4AC7_9606,80
N017527,ACACAUGAACACCAUGUUUCU,0,negative,train,GSE279647,URS00006AF21F_9606,47
N026628,CUCAGGAGCUAAGCAGGGUCG,0,negative,train,GSE279647,URS00033B5F56_9606,51
P069548,UUAUCCUGCUGAAAGAAAAGC,1,positive,train,GSE308686,URS00002982D8_9606,57
N011896,NACAGUUUAUGUAGCUUACCU,0,negative,train,GSE279647,URS00005BEF7C_9606,10
N002160,UUCCACUUAAUUGGUCCGUGU,0,negative,train,GSE136967,URS000072BDC5_9606,25
P060385,GUGACUGUUGAUGUGGAACUG,1,positive,train,GSE136967,URS0000185C0B_9606,29
N003920,GCAUGUGUCCCCAAACCUAGU,0,negative,train,GSE136967,URS00002C6D40_9606,82
N005767,UUAAAUUAUGAUAAUCAUAUU,0,negative,train,GSE279647,URS000008A8CC_9606,49
P064362,AGGGAUUUUGCCCACAAGGAG,1,positive,train,GSE308686,URS000075B243_9606,47
P062780,AUUGCUCUGCGUGCGGAAUCG,1,positive,train,GSE136967,URS000000A142_9606,53
P076178,CGGUGGGACCUNNNNNNNNNN,1,positive,train,GSE308686,URS000035EE7E_9606,72
N003976,GCAUCAGCCUCCGGAGCUGGG,0,negative,train,GSE136967,URS000059900F_9606,34
P073085,NNNUAAUCAAUGAUGAAACCU,1,positive,train,GSE308686,URS000075DF75_9606,8
P064148,GCUUAUAGGGUUUUGGUGUUU,1,positive,train,GSE308686,URS000070F95C_9606,86
N004641,UCAGCAUUUAACUGAGAUAAG,0,negative,train,GSE136967,URS000071E913_9606,68
P064026,AAUCACAUUGCCAGGGAUUUC,1,positive,train,GSE308686,URS00001CC864_9606,54
N004501,GUUGACUGUUGAAUCUCAUGG,0,negative,train,GSE136967,URS00000AF93C_9606,35
N014578,GCAAUUGGUUAGCGCGUUCGG,0,negative,train,GSE279647,URS0000659172_9606,22
N052281,GACCCUCAGACGUGUGUCCUC,0,negative,train,GSE308686,URS00006A5378_9606,60
N028392,UUGCUUCAAUCGGUGGUGUGA,0,negative,train,GSE308686,URS00004EA987_9606,118
P059023,CUGAGCUGAGGAUGAUUUAAA,1,positive,train,GSE136967,URS0000686085_9606,11
N039053,AGACGUGUGUCCUCUUCUCCC,0,negative,train,GSE308686,URS00006A5378_9606,67
P062648,GUUAUUAAGAGGACUUUAUGC,1,positive,train,GSE136967,URS00003B57B1_9606,36
N043750,AUGUGAGUUCUAGAAUUACAC,0,negative,train,GSE308686,URS00002F8E76_9606,53
P064360,GGUUGCAUAGUUUUAGGGCAG,1,positive,train,GSE308686,URS000075B243_9606,28
P073120,GCUGGUCAUGAUGUCAAAACU,1,positive,train,GSE308686,URS0000716E7D_9606,45
N022530,UGGAGCAAUUGGUUAGCGCGU,0,negative,train,GSE279647,URS000073E651_9606,18
P066739,NNNNNGUUGAGGUCUAUCCCG,1,positive,train,GSE308686,URS0000202A89_9606,6
N019404,UUCAAGGACAACCUAUUAAAU,0,negative,train,GSE279647,URS00006D92D5_9606,123
P066418,CGCUUCUCCCGUGGCUCAGUC,1,positive,train,GSE308686,URS00005F2496_9606,103
N019522,CCCUGAACGCGCCUGAUCUCG,0,negative,train,GSE279647,URS00006DC6C9_9606,27
P067218,CAAACAGGAGCUAAGAGUGAU,1,positive,train,GSE308686,URS00002E5E66_9606,55
N001251,CAUACUUUAAAAACUGGCAAU,0,negative,train,GSE136967,URS00006F5B60_9606,54
P059552,AACAGGGCAUGUUCAGGGUAU,1,positive,train,GSE136967,URS0000569A4A_9606,239
N018916,UACAGGUUUCUUUGUUCCUUC,0,negative,train,GSE279647,URS00006CD342_9606,59
N017150,UUGCCAGGGUUCAUUCGGCUG,0,negative,train,GSE279647,URS00006A5040_9606,54
P058093,CCCACCCAGGGACGNNNNNNN,1,positive,train,GSE136967,URS000059D2BF_9606,71
P057981,GCUUACCACAGGCUGUGUUCU,1,positive,train,GSE136967,URS00004F2BDE_9606,22
P079915,UCACGCCCCGCCUUUUUUGUC,1,positive,train,GSE279647,URS0000ABD8D1_9606,24
P068564,ACAGAUGGUGCUACAGAAUGA,1,positive,train,GSE308686,URS000027BAE7_9606,59
P066656,AAUGGUUUAUGGCCUGACAUU,1,positive,train,GSE308686,URS000075A77B_9606,123
N024769,NNNNNNNNNNAAGAGAACCAA,0,negative,train,GSE279647,URS0000DE340F_9606,1
N025441,UGUGCUUACCCCUGUGAUUUC,0,negative,train,GSE279647,URS00023288CF_9606,90
N002335,GAAUCCCACCGCUGCCANNNN,0,negative,train,GSE136967,URS00001B506A_9606,76
N002193,GUUUCUGAACCACAUGAUUUU,0,negative,train,GSE136967,URS0000651CAB_9606,44
N021051,CGGCUAUUAACCGAACGGUGA,0,negative,train,GSE279647,URS000070D4B4_9606,40
P064857,ACUCCCGUGCUGAUCAGUAGU,1,positive,train,GSE308686,URS00003ACFC1_9606,226
P067194,GUCUAACCUAUUCCGGUGUUC,1,positive,train,GSE308686,URS00000F8A5F_9606,76
N022922,UAUGUCUCAUCCCCUACUAGA,0,negative,train,GSE279647,URS000075A13B_9606,38
N003983,UCAGCUUAUUGGGAACAGUUN,0,negative,train,GSE136967,URS00004AEC70_9606,112
P061134,UGAUGAGUCCCCUAUAAAAAC,1,positive,train,GSE136967,URS00006C9042_9606,18
P072925,AGUGAUGAUGACCCCAGGUAA,1,positive,train,GSE308686,URS00002E0EE8_9606,11
N016353,ACAGGGCACACCACCCUGAAU,0,negative,train,GSE279647,URS0000688F51_9606,13
N026883,NNNNNGCGGUGAUGACCCCAA,0,negative,train,GSE308686,URS0000571896_9606,6
P058715,GUGCGAGAGGUCCCGGGUUCA,1,positive,train,GSE136967,URS00002D40C8_9606,46
N018862,UAACUCUAAAGUUAGUAUACA,0,negative,train,GSE279647,URS00006CC1A3_9606,55
N003991,UCCCGUGGCUCAGUCUUAUUU,0,negative,train,GSE136967,URS00005F2496_9606,109
P081666,AGGGGAGAUAUCAUGAUCACA,1,positive,train,GSE279647,URS00006E5EB9_9606,24
N016758,AUUUCUAUAGUUCGUUACUAA,0,negative,train,GSE279647,URS0000693C16_9606,32
N010847,NNNNNNNNNGAUGCUGGUGGU,0,negative,train,GSE279647,URS00004B92A1_9606,2
N025975,AAGCAGGGUCAGGGUGGGUUA,0,negative,train,GSE279647,URS0003103663_9606,64
P059954,UGUGAUGAUUGGCGCAGGGGU,1,positive,train,GSE136967,URS00005ACA64_9606,16
P076009,GUUCGAGCCCACCCAGGGACG,1,positive,train,GSE308686,URS00006AACBE_9606,64
P081952,NNNNNNNNNNGACUUUUAGUG,1,positive,train,GSE279647,URS00007244F3_9606,1
N083363,ACGGGACGCGGUGCAGUGUUG,0,negative,train,GSE136967,URS0000BB2E26_9606,15
P074124,CCAGUGAUAACAACAUUUUUC,1,positive,train,GSE308686,URS000051B5A1_9606,48
P078440,CGAUUAACCCAAGUCAAUAGA,1,positive,train,GSE279647,URS000044DFF6_9606,271
P070836,AGCUGCUGUGAUUUCUGGCUU,1,positive,train,GSE308686,URS0000467AB5_9606,45
N009038,UUGUGCUUUCAGCUUCUUUAC,0,negative,train,GSE279647,URS0000302909_9606,11
P075136,NNNGGGGGCAUAGCUCAGUGG,1,positive,train,GSE308686,URS000026DCDD_9606,8
N017894,AUGAGUCAUAUGUGAUGAAUA,0,negative,train,GSE279647,URS00006B8E06_9606,38
P060407,NUGGAUAUGAUGACUGAUUAC,1,positive,train,GSE136967,URS000053D4AB_9606,10
N021049,GAGCGUUCGGCUAUUAACCGA,0,negative,train,GSE279647,URS000070D4B4_9606,33
P060789,GCGACUGGUUGUAGGGAACUA,1,positive,train,GSE136967,URS00008E3964_9606,127
P066308,AGGUGAUUCUUUUUAUAUGCC,1,positive,train,GSE308686,URS0000ABD812_9606,11
N039803,GUGCUAACUCUAGCCAGCUUA,0,negative,train,GSE308686,URS000065E84A_9606,90
P079265,UCCUCAAGUAUACUUCAAAGG,1,positive,train,GSE279647,URS000044DFF6_9606,859
N023358,UGGCUUUCUCANNNNNNNNNN,0,negative,train,GSE279647,URS0000761EC9_9606,58
N012036,AAUGAUUUCGACUCAUUAAAU,0,negative,train,GSE279647,URS00005E8011_9606,37
P065376,AUUCUUCCAGUUGCUGGAGAG,1,positive,train,GSE308686,URS0000569A4A_9606,188
P073767,UGACUGAGCAUGANNNNNNNN,1,positive,train,GSE308686,URS0000ABD834_9606,71
N083149,GGAGGUGGAGGUUGCAGUGAG,0,negative,train,GSE136967,URS0002869C7E_9606,201
N046997,GUAGCCUGAAAAUGCCCUGCA,0,negative,train,GSE308686,URS00006BA413_9606,102
P061232,UAAUUGGUCCGUGUUUCUGAA,1,positive,train,GSE136967,URS0000A9FA53_9606,30
N003918,UCAGAAACAUACNNNNNNNNN,0,negative,train,GSE136967,URS0000451E99_9606,130
P082308,UUCUACUGUGAACUGCUUGUG,1,positive,train,GSE279647,URS00006BA413_9606,133
N022327,NNNNNNNNNNAUUGCCUCUUG,0,negative,train,GSE279647,URS000072D805_9606,1
P057937,GAUCCGUGCCCAUGCCUGGUU,1,positive,train,GSE136967,URS0000438819_9606,107
P060224,CAUAUAUGAUGACUUAGCUUU,1,positive,train,GSE136967,URS0000643FAE_9606,16
N016356,CCCUGAAUGUGCCUGAUCUCA,0,negative,train,GSE279647,URS0000688F51_9606,26
N017323,UCACUUUAGUAGUACAUAUAU,0,negative,train,GSE279647,URS00006A9CAD_9606,15
N015321,GCCCAAUCUCGUCUGAUCCUG,0,negative,train,GSE279647,URS000066CD1F_9606,37
P073959,UGAGUCUGUUCAAUCCAACCC,1,positive,train,GSE308686,URS00006292A1_9606,54
P060389,AUGACACCUGUGACUGUUGAU,1,positive,train,GSE136967,URS0000185C0B_9606,20
N019508,GAAGCCAAGUGAGUCAGGCCA,0,negative,train,GSE279647,URS00006DC26B_9606,49
P074016,AAGUGAUCUGACUCAAUAUUC,1,positive,train,GSE308686,URS0000679D94_9606,52
N004585,GGACUAAGAAGGCUGAGUCUG,0,negative,train,GSE136967,URS00005C0742_9606,17
N024545,UAAGCAGGGACGAGCCUGGUU,0,negative,train,GSE279647,URS0000DA5E3A_9606,53
N017652,ACAAGGAUGACAUGUAAAUUC,0,negative,train,GSE279647,URS00006B30CB_9606,73
N016966,GAUAGCUCCUUCGGUAGAGCA,0,negative,train,GSE279647,URS000069D6C9_9606,16
P066992,GUGUCUGGUAGCAGUGUCUGU,1,positive,train,GSE308686,URS0000818C5D_9606,45
N055358,CUCCAGCCCUCUUNNNNNNNN,0,negative,train,GSE308686,URS000058CD99_9606,86
P076171,GGUGUAAUGGUUAGCACUCUG,1,positive,train,GSE308686,URS00006DA515_9606,19
P058820,AUGCAGUUUCUCAUUUGCUGU,1,positive,train,GSE136967,URS00004AEC70_9606,34
N017032,CAUGGCCCCUGCCCAAAAAGC,0,negative,train,GSE279647,URS00006A03AA_9606,65
P066741,AGGUCUAUCCCGAUGGGGCUU,1,positive,train,GSE308686,URS0000202A89_9606,15
N010063,GGUGCUUGUUUGGAUCGAUGA,0,negative,train,GSE279647,URS0000405A12_9606,57
P075046,GCAAGAGGUAGUGGGAUCAAU,1,positive,train,GSE308686,URS00006EB848_9606,49
N016197,UGGUUAGCACUUGCAUGGGAG,0,negative,train,GSE279647,URS000068483A_9606,79
N042789,CCUUGCCCUGGGACUGUGCCA,0,negative,train,GSE308686,URS000037D7AE_9606,91
P068916,UGGCUGCCACAGCAAGCUCCA,1,positive,train,GSE308686,URS000072157F_9606,65
N014391,CUGUAUUGUCAUUCCCCCUGC,0,negative,train,GSE279647,URS00006546BC_9606,46
P058081,AAGGUUGGUGGUUCGAGCCCA,1,positive,train,GSE136967,URS000059D2BF_9606,54
N036510,UGGUGCAAUUUUUGGAAAAAU,0,negative,train,GSE308686,URS000075ADBA_9606,120
P073839,AAUAGCUGGAAUUACCGGCAG,1,positive,train,GSE308686,URS00006B6C71_9606,30
N004933,GAUGCCAGGAGNNNNNNNNNN,0,negative,train,GSE136967,URS000026935A_9606,86
P062062,UAGUGCCACGUGUCUGGGCCA,1,positive,train,GSE136967,URS00006A65B9_9606,31
N016985,CACCCUGAACACGCCCGAUCU,0,negative,train,GSE279647,URS000069DFF8_9606,25
N027638,UGGAUUUAGGCUCCAGUCUCU,0,negative,train,GSE308686,URS00001B506A_9606,39
P061600,UGACCCCAACAUGCCAUCUGA,1,positive,train,GSE136967,URS00006CCF53_9606,21
P059021,UGACUGGGGAGACAAACCAUG,1,positive,train,GSE136967,URS00006422E6_9606,182
N026266,UCUUUUCUGAUCUCAAAAGCU,0,negative,train,GSE279647,URS00031CA468_9606,43
N006272,AGGACUCCAAGGAACAUUCAA,0,negative,train,GSE279647,URS00000DD591_9606,37
P061511,AUAUCUGAGUUGUAUGUGUGG,1,positive,train,GSE136967,URS00006826C4_9606,45
P069612,CCGACUGAGUUCCUUUCCUCA,1,positive,train,GSE308686,URS00000D55EA_9606,26
P074868,GCUGGAGUUCUUGACGUUUUU,1,positive,train,GSE308686,URS00003B57B1_9606,55
P072423,UGUGAUGACUUACAUGGAAUC,1,positive,train,GSE308686,URS00004E0FA9_9606,14
P068039,UACUGGUCUGCAGCUGUUCUU,1,positive,train,GSE308686,URS0000488BFE_9606,20
N049752,UCUGCUGUUGCUGUAUAGAGU,0,negative,train,GSE308686,URS0000018549_9606,113
P066040,GAGCCAUUGUGGCUCAGGCAG,1,positive,train,GSE308686,URS000010A63C_9606,14
P059885,CGUUGGUGGUAUAGUGGUAAG,1,positive,train,GSE136967,URS0000716B70_9606,12
N026082,AUGGUCAUACCACCCUGAACA,0,negative,train,GSE279647,URS000314A4A8_9606,14
N004359,AAAAAAAUUUCCCAGUAGGUU,0,negative,train,GSE136967,URS00004AEC70_9606,67
P069024,GCAUUCAAAAAUGAUCACGGG,1,positive,train,GSE308686,URS0000468B49_9606,16
P072905,UUUGAUUCUGAGGUUNNNNNN,1,positive,train,GSE308686,URS0000507EBE_9606,73
P064981,NAUACUCUGGUUUCUCUUCAG,1,positive,train,GSE308686,URS000075BAAE_9606,10
P076155,CGGUGGAACCUNNNNNNNNNN,1,positive,train,GSE308686,URS0000429B3F_9606,72
P066537,GACAGUUUUCCUUGACGGUCG,1,positive,train,GSE308686,URS00006020BE_9606,75
P075332,AGUAUAGUGGUUAGUAUCCCC,1,positive,train,GSE308686,URS000013899F_9606,19
N005458,AAGGUCAGCUAAAUAAGCUAU,0,negative,train,GSE279647,URS000004104A_9606,14
N048842,GUUUCCAGGACGGGGUUCAAA,0,negative,train,GSE308686,URS00004B92A1_9606,34
N015732,UUACCCGGCAGGAGUUACCAU,0,negative,train,GSE279647,URS00006770DF_9606,15
P068818,NNNNNNNGGGCAUACCCGUAG,1,positive,train,GSE308686,URS000065E84A_9606,4
P058716,CCCGGGUUCAAAUCCCGGACG,1,positive,train,GSE136967,URS00002D40C8_9606,57
P073325,GUGUUGAGACUCUGGGUCUGA,1,positive,train,GSE308686,URS0000434604_9606,57
N017813,CGCUUCUUGACCUUUGGGCUA,0,negative,train,GSE279647,URS00006B76FA_9606,13
N009026,NCCACUGUAAAGCUAACUUAG,0,negative,train,GSE279647,URS0000302167_9606,10
N011546,CUGAGACCCUAACUUGUGAGG,0,negative,train,GSE279647,URS000058997A_9606,30
P065011,NNNNNNNNNNGUGUUGUAUGA,1,positive,train,GSE308686,URS0000443498_9606,1
N027363,UUAAACGCUUUGCAGCCUUUU,0,negative,train,GSE308686,URS00001BD443_9606,72
P058229,GGUCAAUGAUGAGUUGGCAUG,1,positive,train,GSE136967,URS0000668E0B_9606,11
P071386,ACAGAUCGACUAUGUUGAUCU,1,positive,train,GSE308686,URS000075BC17_9606,51
N003689,GGUAUUUUCUGAGCUGUNNNN,0,negative,train,GSE136967,URS0000130A5F_9606,62
P070606,CUUCAGUGCUUGCUAGAACAG,1,positive,train,GSE308686,URS000033FC0E_9606,57
P064557,ACGCACGUAGACAUUCCCCGC,1,positive,train,GSE308686,URS00026A2211_9606,120
N023954,AUGAAGGUGAUUUUCCCAGCA,0,negative,train,GSE279647,URS0000A84128_9606,41
P066199,CACGACAGACCCGCCCAGAAU,1,positive,train,GSE308686,URS0000034D55_9606,93
P061847,UGGCUUCCCUGUAAAUGCUUC,1,positive,train,GSE136967,URS00006C8B95_9606,33
N014724,UUUCUAUAGUUUGCUACUAGA,0,negative,train,GSE279647,URS000065E64E_9606,33
N020249,AAGAUUAGUAUGACCCCUGCG,0,negative,train,GSE279647,URS00006F16DA_9606,57
N001247,GUGUUUGUGCAGACAUACUUU,0,negative,train,GSE136967,URS00006F5B60_9606,41
P065570,UGGGUGCAGCAUGGUACCAGG,1,positive,train,GSE308686,URS000015F227_9606,55
P062085,AUUUUUGACAGUCUCUACGGA,1,positive,train,GSE136967,URS00003F07BD_9606,129
N006480,UGGUUUGUGUACACUGGCUCA,0,negative,train,GSE279647,URS00000FFC8B_9606,46
P074610,NNNNNCCGGGGCCUCCAUGAU,1,positive,train,GSE308686,URS000075DD61_9606,6
P064244,UAGUGUGAUUACCCAACCUAC,1,positive,train,GSE308686,URS00000DDD35_9606,41
P068144,GCAACUCCUUGUUCAUCCCAG,1,positive,train,GSE308686,URS0000438819_9606,76
N013829,UCCUCUACCCGAGAACAAUAU,0,negative,train,GSE279647,URS000064A434_9606,68
P069115,AAGCUGGCCUAAAUGUUGUAA,1,positive,train,GSE308686,URS00005D459D_9606,84
P079442,ACACACCCGCAUCAACUAGAG,1,positive,train,GSE279647,URS000075ADBA_9606,85
P078865,GUACUUAUAUGACAGUGCGAG,1,positive,train,GSE279647,URS0000757938_9606,40
P068414,CACCCUAGAAGCCUCACCCGA,1,positive,train,GSE308686,URS00003E7565_9606,73
N013608,UAUGCUAAAAUAAUUAGAACG,0,negative,train,GSE279647,URS000064432D_9606,32
N024650,NNNNNNUGUCUGAUAAAAGAG,0,negative,train,GSE279647,URS0000DCD0F0_9606,5
N022808,NNNNNNNNGUUUCUGUAGUAU,0,negative,train,GSE279647,URS00007578A8_9606,3
N027731,CGAGACCCCGUCUCUNNNNNN,0,negative,train,GSE308686,URS00003ACFC1_9606,295
N023204,NNNUGGGUUUUGAAUUUGCAG,0,negative,train,GSE279647,URS000075C42D_9606,8
P067157,NAAGCAACACUCUGUGGCAGA,1,positive,train,GSE308686,URS00000F8A5F_9606,10
P061816,NNNNNNNGAUCUCUGGUUUCU,1,positive,train,GSE136967,URS000067B2B1_9606,4
P070114,GCCAGCAUAGUUNNNNNNNNN,1,positive,train,GSE308686,URS0000ABD80F_9606,143
P073808,AUGAGCUGUGUUUACUGAGCA,1,positive,train,GSE308686,URS00006A82CA_9606,20
N015347,NNNNNNNGAGUCUGGCCAUAC,0,negative,train,GSE279647,URS000066FED9_9606,4
N005543,GUUCGUGCUGAAGGCCUGUAU,0,negative,train,GSE279647,URS0000051A30_9606,12
N052007,NNNNNGGCUCCGUAGCUUAGU,0,negative,train,GSE308686,URS00006F6EA6_9606,6
N015323,CAAUCUCGUCUGAUCCUGGAA,0,negative,train,GSE279647,URS000066CD1F_9606,40
N017918,UAUCCAUUCGCUGAGUGCGCU,0,negative,train,GSE279647,URS00006BA413_9606,30
P078007,CUAAAUCACCACGAUCAAAAG,1,positive,train,GSE279647,URS000044DFF6_9606,91
N004686,CUGAGAUCCAGCGUGGCUGNN,0,negative,train,GSE136967,URS000075EC44_9606,88
P068807,CUCGUAGACCUUGCCUGACUG,1,positive,train,GSE308686,URS000075E772_9606,18
P064765,ACUAAGUUCGGCAUCAAUAUG,1,positive,train,GSE308686,URS00000478B7_9606,125
P061020,GCGAAGCCCCCUCGGGGCGCU,1,positive,train,GSE136967,URS0000EB4911_9606,295
P058754,CUGUUGGAAGAGCAAACACUG,1,positive,train,GSE136967,URS00007136D1_9606,63
N012663,UCUCUGACUUUUGGCUAAGAU,0,negative,train,GSE279647,URS000062D3E9_9606,17
N005634,UCCAGUCAUUUCGAUGGCGUG,0,negative,train,GSE279647,URS000005AEAB_9606,50
P059530,CAGAGUCCUGUCGACAAUUAC,1,positive,train,GSE136967,URS00004A4D73_9606,167
P075405,NNNNNNNUCCCUGGUGGUCUA,1,positive,train,GSE308686,URS000064074C_9606,4
N009766,UAUCAGUUCUCAUUUUACACA,0,negative,train,GSE279647,URS00003A9237_9606,32
N022192,CUGCAUAAUUUGUGUUAAUGG,0,negative,train,GSE279647,URS000072B4B1_9606,129
P062771,CGUAGGGCAACUCGAUUGCUC,1,positive,train,GSE136967,URS000000A142_9606,39
P066766,GAAGGAAUUACAAGACAGUUN,1,positive,train,GSE308686,URS0000202A89_9606,123
N009985,CACCCGGUACAGGAGAUAACU,0,negative,train,GSE279647,URS00003DBD40_9606,53
P067338,CAGGAUUUGGUAGCUGGUGCU,1,positive,train,GSE308686,URS000022C1CA_9606,48
N016387,UUUUUUUUUUUUUUGAGACGG,0,negative,train,GSE279647,URS0000689EB1_9606,64
N023213,GACUGGGAUUUGUGGGGCGAG,0,negative,train,GSE279647,URS000075C53F_9606,17
P064600,GGUCCAUUUGUAGGAGAACGU,1,positive,train,GSE308686,URS0000734D8F_9606,250
N039456,UCUACGCUCAGCGUUCUGCCC,0,negative,train,GSE308686,URS000008230A_9606,89
P061392,NNUGCUCUGAUGAAAUCACUA,1,positive,train,GSE136967,URS00003B08B2_9606,9
P064829,AUGGUGACCUCCCGGGAGCGG,1,positive,train,GSE308686,URS00003ACFC1_9606,143
P073056,NNUAUCUGUGAUGAUCUUAUC,1,positive,train,GSE308686,URS00002524EE_9606,9
P060452,UUUGCCCAGGUGGCCUACUCU,1,positive,train,GSE136967,URS00003A9200_9606,55
P081713,GCAAGAAAUGGGCUACAUUUU,1,positive,train,GSE279647,URS000044DFF6_9606,714
N019941,AGCCUCAGAGAGGGCANNNNN,0,negative,train,GSE279647,URS00006E998F_9606,68
N083418,CAUGUGCAAUUUUCCUCUGAU,0,negative,train,GSE136967,URS000026BDF0_9606,125
P066826,UGGGAUAAAAUAACAUUGGGC,1,positive,train,GSE308686,URS00005682D3_9606,65
P068976,GGCCAGUCUUGGCUCAUGAAC,1,positive,train,GSE308686,URS00004C6257_9606,37
N014474,AGUACUUGGAUGGGAGCAGUG,0,negative,train,GSE279647,URS000065782C_9606,84
P077720,UGAAAGGAGAGAAGGUUAGCA,1,positive,train,GSE279647,URS00006C0FA0_9606,19
P075567,GCCACGCGGGAGGCCCGGGUU,1,positive,train,GSE308686,URS000009AC8B_9606,43
N010780,NNNNNNNNNUUUAAAGGAUAA,0,negative,train,GSE279647,URS00004A0EB2_9606,2
N013554,GGCUAACAUCAAGUGUAAUGU,0,negative,train,GSE279647,URS0000643D67_9606,29
P071954,GUCUGCAGUGUUCUACUGUGA,1,positive,train,GSE308686,URS00006BA413_9606,123
N008171,CGGAGGACUGUAGACUGCGGA,0,negative,train,GSE279647,URS0000233681_9606,35
P074598,GACACGGUGCCCCCCGGGACC,1,positive,train,GSE308686,URS000075DD61_9606,57
P068248,UCUUGUUUGUAGCUUCACGGG,1,positive,train,GSE308686,URS0000013F57_9606,36
N025525,UGAUCGGAGCCUGGAGCCGGU,0,negative,train,GSE279647,URS00025F00CA_9606,23
P074137,AUGGCCAGUGAUAACAACAUU,1,positive,train,GSE308686,URS000051B5A1_9606,44
P065898,CAAAUUGGGCUGAAAUACUGC,1,positive,train,GSE308686,URS0000608804_9606,26
P075657,AGUUCGAUCCUCACCUGGAGC,1,positive,train,GSE308686,URS0000757938_9606,63
N003264,CUCCGUAGCUGGCGAUUGGAA,0,negative,train,GSE136967,URS00003852FE_9606,112
N026721,CACCAUGCCUCCCUAGAAUAA,0,negative,train,GSE308686,URS0000608804_9606,56
N008081,AACUUUUAAAGGAUAACAGCU,0,negative,train,GSE279647,URS00002273FD_9606,11
N003503,GCCUUUAUGAGGGUAAAAUCA,0,negative,train,GSE136967,URS00002982D8_9606,100
P075485,AUGCGGGAGACCCGGGUUCAA,1,positive,train,GSE308686,URS00006B479B_9606,46
N023053,GCAGCCCUCGGCGGCCCGGGG,0,negative,train,GSE279647,URS000075B0DE_9606,12
N003891,UUAUUUUAUUCAUUUGCCUCC,0,negative,train,GSE136967,URS0000629234_9606,110
P067045,CUUCCUAGCCAUGGAAGAGCA,1,positive,train,GSE308686,URS000029D639_9606,51
P075325,NNNNNNNNNNUCCUCGUUAGU,1,positive,train,GSE308686,URS000013899F_9606,1
N035484,AGUGGUGAGUGUCCCCGUCUG,0,negative,train,GSE308686,URS00006D74B2_9606,24
P070332,UCAGCAGUUUACACCUGCUAG,1,positive,train,GSE308686,URS00003A960A_9606,32
N007741,GAUUGUGAAUCUGACAACAGA,0,negative,train,GSE279647,URS00001FBD75_9606,37
P072628,UGAUGACUGAUCAUUUCUUCA,1,positive,train,GSE308686,URS00000335D1_9606,16
P081293,UGAUUAACGUCUCUGCGUAAU,1,positive,train,GSE279647,URS00021EDA78_9606,90
N002175,NNNNNNNNNAAAAUGAUGAGA,0,negative,train,GSE136967,URS0000A9FA53_9606,2
P058433,GCCACCUGAGCGCAACCUUGG,1,positive,train,GSE136967,URS000014FF3E_9606,252
P061443,NNGGAUCGAUGAUGACUAUAA,1,positive,train,GSE136967,URS00006A8DC5_9606,9
P073876,GUGAUGAGUUGCACACUGGUG,1,positive,train,GSE308686,URS00006A5FBC_9606,18
P064852,GAGGCUGAGGUGGGAGGAUCG,1,positive,train,GSE308686,URS00003ACFC1_9606,52
P062385,ACUCACUGAGAGUAAAAUGAG,1,positive,train,GSE136967,URS0000706C1B_9606,44
P067982,AAGACUUAUGGAUAGGUGCAA,1,positive,train,GSE308686,URS00006607B4_9606,46
N013992,AACAGGAUUUUUGAUUAAACC,0,negative,train,GSE279647,URS000064C51A_9606,43
P060634,UGCAUUGAUCGUCUGACAUGA,1,positive,train,GSE136967,URS0000313FF1_9606,28
P069011,GUCGGAAGUGUGCUAUAUCAA,1,positive,train,GSE308686,URS00004C6257_9606,66
N012799,AAGCAGGGUUGGGCCUGAUUA,0,negative,train,GSE279647,URS0000631CEE_9606,64
N004397,AUUCUGACUUGGNNNNNNNNN,0,negative,train,GSE136967,URS0000A9FA53_9606,70
P059344,UUCGAGUCCCUUCGUGGUCGN,1,positive,train,GSE136967,URS00001D909A_9606,64
P058467,AGACUAAGGCGAAUGCGACUC,1,positive,train,GSE136967,URS000014FF3E_9606,21
N083475,CACGCUGUGGUCCCCGAGGUC,0,negative,train,GSE136967,URS0000EB4911_9606,343
P061837,UCCCCGGUUCGAUCCCGGGCG,1,positive,train,GSE136967,URS00002B4CE5_9606,57
P061581,CAUGGUGCUGUAGCAGCAGGG,1,positive,train,GSE136967,URS000064930D_9606,103
P080228,AUGAAUCUGCUUACCUGAUUG,1,positive,train,GSE279647,URS00006F5B60_9606,21
N002912,CUGCUGAAAGAAAAGCCGUGU,0,negative,train,GSE136967,URS00002982D8_9606,62
P070086,CCAAUAGCUGGUUGGCAUUCU,1,positive,train,GSE308686,URS0000ABD80F_9606,80
N008567,UUGCCAAUGCAAGGACUUGUC,0,negative,train,GSE279647,URS0000295DAE_9606,73
N025551,NNNNNNNNNNCACUGUAAAGC,0,negative,train,GSE279647,URS00026C4DA2_9606,1
N083621,UGGUACCUGGUUGUCGUGCCA,0,negative,train,GSE136967,URS0000A8E179_9606,199
P065911,CAUGCCUCCCUAGAAUAAACU,1,positive,train,GSE308686,URS0000608804_9606,59
N049676,UCAACCAUCCCACAUAGAANN,0,negative,train,GSE308686,URS000075B384_9606,124
N023973,NNNNNNNNNCCCUUGGCCCUU,0,negative,train,GSE279647,URS0000A8F432_9606,2
N023166,CUCCAACCUGGUGANNNNNNN,0,negative,train,GSE279647,URS000075C2DA_9606,46
N015494,AAUGAGCAGAGGAAAUCCAGA,0,negative,train,GSE279647,URS0000673CF7_9606,73
N021030,UUCUUGGUUCCUUCUCCACUG,0,negative,train,GSE279647,URS000070C3CA_9606,66
P070259,GUAGCUGGCGAUUGGAAGACA,1,positive,train,GSE308686,URS00003852FE_9606,116
P075065,NNNNNNNNNGGGGGUAUAGCU,1,positive,train,GSE308686,URS000071E903_9606,2
P063106,CUAAGGCGCCAGACUCAAGUU,1,positive,train,GSE136967,URS0000572B72_9606,30
P068459,AGUCAAAGAAACAUCCAGCAA,1,positive,train,GSE308686,URS000075B5A7_9606,94
P063945,CUAUGGUUAGUUUUGCAGGUU,1,positive,train,GSE308686,URS00003BACA4_9606,18
P060228,UUCCCCGACAGAUCGACUAUG,1,positive,train,GSE136967,URS0000643FAE_9606,38
P072054,AAUUGGUCUUAGUAUUGAAGU,1,positive,train,GSE308686,URS0000ABD85F_9606,29
N011553,GCGGUUACUUCGCGUGUCAUC,0,negative,train,GSE279647,URS000058CD99_9606,27
N001987,AGUUUGCCAUGAUGAAAUGCA,0,negative,train,GSE136967,URS00006DE18B_9606,11
P068138,CUGUAUAGAGUUAAGGAACAU,1,positive,train,GSE308686,URS0000018549_9606,123
P064992,NNNNNNACUCUGGUUUCUCUU,1,positive,train,GSE308686,URS000075DD00_9606,5
P080712,GCCACCGCGGUCACACGAUUA,1,positive,train,GSE279647,URS000044DFF6_9606,256
P060572,CCCCAGUCUGAUCAAUGUGUG,1,positive,train,GSE136967,URS0000130A5F_9606,34
N019109,AGGCCUUGCUUUGGCAAGGCU,0,negative,train,GSE279647,URS00006D109F_9606,106
P059931,GAAAAGUUUUAAUCUCCUGAC,1,positive,train,GSE136967,URS000020C605_9606,23
N004864,NNNNNGCGUUGGUGGUAUAGU,0,negative,train,GSE136967,URS000034AAC2_9606,6
P065497,NNNNNCUGGAGACUAAGAAAA,1,positive,train,GSE308686,URS00005172B7_9606,6
N002817,CAGGGAGAGAAAUCGCGGAAA,0,negative,train,GSE136967,URS00007168E7_9606,63
N056801,AAUUAAUAAAUUCUGAGCAGC,0,negative,train,GSE308686,URS000005BADB_9606,55
N018626,UGUUCUACUCUUUCCCUCCUU,0,negative,train,GSE279647,URS00006C83B9_9606,72
P059584,NAAGCCAGCCAAUGAAUCUGC,1,positive,train,GSE136967,URS00006F5B60_9606,10
P065074,CCACUCCCAUGUCCCUUGGGA,1,positive,train,GSE308686,URS000013F331_9606,66
N010489,CAUUAUUUUACCUUCUGUCUU,0,negative,train,GSE279647,URS00004640CB_9606,92
P075806,CAAGUUCUGGUCUCCAAUGGA,1,positive,train,GSE308686,URS0000747665_9606,45
P072334,UUUCAAGUGAUGUCAUCUUAC,1,positive,train,GSE308686,URS000041615F_9606,51
N010707,GUCUUCUGUAUAUACCCUGUA,0,negative,train,GSE279647,URS000048795E_9606,20
P071582,CAGACAUUCGCAGUUUCCACC,1,positive,train,GSE308686,URS0000080E9E_9606,31
P060566,GAUCAAUGUGUGACUGAAAGG,1,positive,train,GSE136967,URS0000130A5F_9606,43
P080320,UAGCCACACCCCCACGGGAAA,1,positive,train,GSE279647,URS000044DFF6_9606,157
N016722,UUCUUUGUUCCUUUUCUACUC,0,negative,train,GSE279647,URS00006921EE_9606,68
N002312,ACGGCCUUGAUGAAAGCACAU,0,negative,train,GSE136967,URS0000714052_9606,36
P079145,AACCUUUAGCAAUAAACGAAA,1,positive,train,GSE279647,URS000044DFF6_9606,189
P061312,UUCAUGUGGAUGACUCUGUGC,1,positive,train,GSE136967,URS000063C47F_9606,101
N004119,NNNNNNNNNNGGCUGGUUAGC,0,negative,train,GSE136967,URS0000626F0F_9606,1
P069367,CUGGGAUGCUUAUUUCCUCUG,1,positive,train,GSE308686,URS00004C8BD1_9606,105
N023343,GCCGAGGUCACAAUCAACAUU,0,negative,train,GSE279647,URS000075EF65_9606,31
P060659,GGAUGAUACACACUUGCCCUC,1,positive,train,GSE136967,URS000075AA41_9606,20
N024021,AAUGCACCCAAGCUCGUCUGA,0,negative,train,GSE279647,URS0000A98C9F_9606,29
N015349,NGAGUCUGGCCAUACCACCCU,0,negative,train,GSE279647,URS000066FED9_9606,10
P065410,UCCCCUGUGCUCAGUUCUAAC,1,positive,train,GSE308686,URS00001B2620_9606,33
P070592,CCAGCGUGCUUGGGUCUGCGG,1,positive,train,GSE308686,URS000033FC0E_9606,21
N045417,CUCGGCGGCCCGGGGGGCGGG,0,negative,train,GSE308686,URS000075B0DE_9606,18
P057864,AGCAGCCAGGGACGCUUGGUC,1,positive,train,GSE136967,URS00006623A0_9606,114
P060672,AGUCUGAUGAAGUAAGACUUU,1,positive,train,GSE136967,URS000071234F_9606,31
N008811,NNNNNNNNNNUUAUGUAGCUU,0,negative,train,GSE279647,URS00002CE377_9606,1
N017666,NNNNGGUCCCAUGGUGUAAUG,0,negative,train,GSE279647,URS00006B4735_9606,7
P074477,AGUGAUGACCCUCAUCUAUCA,1,positive,train,GSE308686,URS00002B7232_9606,52
N023916,GCAUGAUGAAUAAAAUCAAAU,0,negative,train,GSE279647,URS0000A77ED7_9606,17
P059906,CGUGGUUGUGGCCGUCUUGGU,1,positive,train,GSE136967,URS0000650132_9606,40
N001613,GGGGAGAAGAGGAAGAUUUGU,0,negative,train,GSE136967,URS000066FABB_9606,92
P064480,CUCCCUCUAGUUACGCAGGCA,1,positive,train,GSE308686,URS00026A2211_9606,210
N019822,GAGUCAUAUGCGAUGAAUACG,0,negative,train,GSE279647,URS00006E38EC_9606,40
N014709,GGCAGCGCGUCAGUUUCAUAA,0,negative,train,GSE279647,URS000065DEBF_9606,28
P058544,UGGAUAGAAACUAUUAUUCUA,1,positive,train,GSE136967,URS000068A4EE_9606,97
P082544,GGAAAUCCAGACAGGUUGUUU,1,positive,train,GSE279647,URS0000673CF7_9606,83
N013214,GAGAUCGCCUGGAAAUACCGG,0,negative,train,GSE279647,URS0000639B18_9606,96
P066437,GAAUGACUGAUGGUAUGCUAA,1,positive,train,GSE308686,URS000031F86D_9606,83
P075688,AGCAUGAGACUCUUAAUCUCA,1,positive,train,GSE308686,URS00001AD596_9606,33
N018428,CAAACUUGUGGCUUCCCUAUG,0,negative,train,GSE279647,URS00006C38E6_9606,100
P065464,GAAAAUAGAGUCCUUGAAAUC,1,positive,train,GSE308686,URS00005172B7_9606,22
P072214,CUUGCUCCCCGUGCCCCCCAG,1,positive,train,GSE308686,URS00006D051B_9606,31
N018461,UUGUAACCACCUCUCUGGGUG,0,negative,train,GSE279647,URS00006C57F3_9606,46
P064605,UUCGGCUGAUCUGGCUGGCUA,1,positive,train,GSE308686,URS0000734D8F_9606,67
N013775,CUGCAUUGUCUUUGCCCCCUG,0,negative,train,GSE279647,URS000064930D_9606,45
N005292,GUUUUCAAAUGGGCCUAACUC,0,negative,train,GSE279647,URS000002084A_9606,46
P076234,CGCAUUGGACUUCUAAUUCAA,1,positive,train,GSE308686,URS0000738059_9606,33
P061524,UCAGUGAAGGGUAAGAUUAUG,1,positive,train,GSE136967,URS00008E3A5F_9606,192
P065082,CUCAUCAGUGGGGCCACGAGC,1,positive,train,GSE308686,URS000013F331_9606,27
P071277,GGUCUCAAGGAAGGGAUGAUG,1,positive,train,GSE308686,URS000062A15C_9606,12
P060437,GACGAGUCUGACUUGGGGAUG,1,positive,train,GSE136967,URS00003A9200_9606,29
P063611,UGCCCUCGGCUUCUUUACAGU,1,positive,train,GSE308686,URS0000561D92_9606,14
P067271,AAGCAGGAGCCUAAAGAAUUG,1,positive,train,GSE308686,URS0000599BEA_9606,56
N083034,CUAACCUAAGCUUGUCGCAAA,0,negative,train,GSE136967,URS00023473A4_9606,911
N002898,NNNCACAGAUGAUGAACUUAU,0,negative,train,GSE136967,URS000063F175_9606,8
P061992,GGCUCUGCAUAGUUGCACUUG,1,positive,train,GSE136967,URS0000210FD6_9606,19
N001517,CUAGAGUACUCGAAGAGAAUC,0,negative,train,GSE136967,URS0000451E99_9606,56
P073709,UGACCCUCCACUGUGGACUCA,1,positive,train,GSE308686,URS00004D7B5D_9606,41
P079157,AGUCAGCAUUGGCAAGGUUUU,1,positive,train,GSE279647,URS000069B08B_9606,115
P067132,UUUAUUGGUCAUUCAAGUGGG,1,positive,train,GSE308686,URS00005F1DD0_9606,46
N014250,AGAUCUUAAAGUUCCCUGGUU,0,negative,train,GSE279647,URS0000651E1C_9606,46
N026440,UGCGGUCACACCACCCUGAAU,0,negative,train,GSE279647,URS00032C06D4_9606,14
P061275,AGAGGUCCCGGGUUCAAAUCC,1,positive,train,GSE136967,URS0000493225_9606,51
N020853,GGCUGGCUGUCCGUUAGUGCC,0,negative,train,GSE279647,URS0000704142_9606,111
P062177,GCAGUGGCAGUAUCGUAGCCA,1,positive,train,GSE136967,URS00003F07BD_9606,19
P065619,AGAAGUCUUUCCUGGGUUUUG,1,positive,train,GSE308686,URS000015F227_9606,109
P075042,CGAUGCCCACAUUCUCCANNN,1,positive,train,GSE308686,URS0000636BA8_9606,66
P067543,AAUUUCCCAGUAGGUUUUCUA,1,positive,train,GSE308686,URS00004AEC70_9606,72
N021763,AGCAGCACAUACAAUAAAAUU,0,negative,train,GSE279647,URS00007211CE_9606,22
N010633,GGCUUUGAAGGCUCUUGGUCU,0,negative,train,GSE279647,URS000047C095_9606,39
P058459,CAGAUGAGAUCUGAAAUCUUA,1,positive,train,GSE136967,URS000014FF3E_9606,84
P063183,NNNGCUGUACAUGAUGACAAC,1,positive,train,GSE136967,URS00006B7869_9606,8
P063830,GUUCCCCUCCGUACAGCCUUU,1,positive,train,GSE308686,URS0000D5073B_9606,76
N057259,NNNNNNNGCCUGGGUAGCUCA,0,negative,train,GSE308686,URS000071C635_9606,4
P064262,GGUAGUAGGUUGUAUAGUUUU,1,positive,train,GSE308686,URS00005EB5B7_9606,19
N005772,AGUUACUUUGAUAGAGUAAAU,0,negative,train,GSE279647,URS000008D191_9606,13
P061072,CAUAUAUCAAAAAUGGCUUAU,1,positive,train,GSE136967,URS0000704142_9606,65
N012284,UGGAACAAUACAUUGAUUAGC,0,negative,train,GSE279647,URS0000623D17_9606,42
P079704,GAGUGCUUAGUUGAACAGGGC,1,positive,train,GSE279647,URS000044DFF6_9606,808
N004005,UUUUAAAAACAAGGUACAUUU,0,negative,train,GSE136967,URS000063F860_9606,124
P075104,UAGAUCAGUGGUAGAGCGCAU,1,positive,train,GSE308686,URS00006D68C3_9606,18
P070070,AGGUUGUCUUGUACCUAGGCA,1,positive,train,GSE308686,URS0000ABD80F_9606,32
P058147,CAUAUGGUCUAGCGGUUAGGA,1,positive,train,GSE136967,URS0000639DBE_9606,14
N006895,AACUAGUUUUGACAACAUUCA,0,negative,train,GSE279647,URS000015836B_9606,49
P068109,UUACGCUGUAGUGCAAAAGAA,1,positive,train,GSE308686,URS0000018549_9606,56
P066087,GCCAUUGUGGCUCCGGCCGGU,1,positive,train,GSE308686,URS000002A4F1_9606,16
N003053,ACUCUGAAGUCCNNNNNNNNN,0,negative,train,GSE136967,URS00006A82CA_9606,66
P068899,GUCAAAUUCAGUGCCCGUUUC,1,positive,train,GSE308686,URS000072157F_9606,20
P070648,GGCUUCCCUGCCAGUGCAGCC,1,positive,train,GSE308686,URS0000706530_9606,49
P076927,NNNNNNNNNAAUAGGUUUGGU,1,positive,train,GSE279647,URS000044DFF6_9606,2
N013275,GUACUUGGAUGGGACUCCGCC,0,negative,train,GSE279647,URS000063A525_9606,85
P080644,UCUUAGUAAGAUUACACAUGC,1,positive,train,GSE279647,URS000044DFF6_9606,41
P064095,GGCACAGUGGCUCACGCCUGU,1,positive,train,GSE308686,URS000075C9AA_9606,48
P061559,UGCUGACGCGGGUGAUGCGAA,1,positive,train,GSE136967,URS00006F39E7_9606,47
P069799,CUCUGGAGCUUUCUCACACCU,1,positive,train,GSE308686,URS000075BE5B_9606,128
P062727,UACAAUACCUGCAAGCUGCCA,1,positive,train,GSE136967,URS000002FDBC_9606,104
P068531,NNNNNNNNNNAACAUGCUUCC,1,positive,train,GSE308686,URS000075B5A7_9606,1
N024044,GGUAUACAAACCCUCACCGCU,0,negative,train,GSE279647,URS0000A9958A_9606,67
N009895,CCUCUGCUAUGGGGGUGAUGG,0,negative,train,GSE279647,URS00003D103A_9606,53
P058867,NNAUCCUCCUGAUCCCUUUCC,1,positive,train,GSE136967,URS00005D459D_9606,9
N002988,CGCGGCUUAUCCAUUGCGUUC,0,negative,train,GSE136967,URS00006CA71A_9606,64
P058336,CAACUCGGUAAUGCUGCAUAC,1,positive,train,GSE136967,URS00003941F3_9606,23
N024449,GAUUCAGCGCUCCCACCGCCG,0,negative,train,GSE279647,URS0000C8E9E9_9606,27
P067498,GUCCUUGCGCUUUCCGUCUGU,1,positive,train,GSE308686,URS0000721537_9606,85
N019955,CGCAGGGCGAGGCCUCACUAG,0,negative,train,GSE279647,URS00006E9D7F_9606,64
N042141,AUACGACCUGCUGCCUUUCUU,0,negative,train,GSE308686,URS000075B243_9606,74
N010374,GGUUAGUACUCUGCGUUGUGG,0,negative,train,GSE279647,URS000044BAE3_9606,27
P069624,UACGCAGCCUGUUGGUUGUAU,1,positive,train,GSE308686,URS00000D55EA_9606,95
P080824,UUUUCCCUCCCGUCACAUUUA,1,positive,train,GSE279647,URS000075D68F_9606,93
P080020,AAUAGACUACGAAAGUGGCUU,1,positive,train,GSE279647,URS000044DFF6_9606,377
N004648,UGUAGGAGCUGCAUAAGUAAC,0,negative,train,GSE136967,URS00001BD443_9606,119
N019848,NNAUACUCCAGUUACCCUUCA,0,negative,train,GSE279647,URS00006E439A_9606,9
P072427,GAAAUCUGAUUUUCNNNNNNN,1,positive,train,GSE308686,URS00004E0FA9_9606,67
P062574,GAUGACUCCACAUGCACUACC,1,positive,train,GSE136967,URS00006F4F8C_9606,63
N024490,ACUACUGUACUUUACAGCUAG,0,negative,train,GSE279647,URS0000D51C52_9606,27
N004640,AUCCUAGUCUGGGUGCAAACA,0,negative,train,GSE136967,URS00007136D1_9606,186
N019445,AAUCCGGUAAUCCGAGUUCAA,0,negative,train,GSE279647,URS00006DA515_9606,47
P060600,CUUCCAUACAUGCAUUCCUUG,1,positive,train,GSE136967,URS000063EF58_9606,24
P066235,AGAAAGGCUCUCCUAAUGCAC,1,positive,train,GSE308686,URS0000034D55_9606,75
N010437,NGGGUGUAUGGCUCAGGGGUA,0,negative,train,GSE279647,URS0000450772_9606,10
P064225,GUUCGUGCAGGUAGUGUGAUU,1,positive,train,GSE308686,URS00000DDD35_9606,30
N045905,CAUAUCAUUAUUAAAGGUGAA,0,negative,train,GSE308686,URS00006C8A51_9606,118
N024403,AAUUAUCAAGUUUGCCUAACA,0,negative,train,GSE279647,URS0000C8E9E5_9606,27
P062058,CUUCCUGUUAGUGCCACGUGU,1,positive,train,GSE136967,URS00006A65B9_9606,23
N005540,UUGUCAAAGUUAAAUUAUAGG,0,negative,train,GSE279647,URS0000050612_9606,41
P072558,UUCAACCUUGAAGUGCGAAUC,1,positive,train,GSE308686,URS000061A537_9606,38
N037097,UGCAGGGAAAGAAAUCGCGGA,0,negative,train,GSE308686,URS000075BE5B_9606,62
P076659,NNNNNNNNNGGCCUCGUGGCG,1,positive,train,GSE308686,URS00001618FC_9606,2
N031285,AGACUGUUGCCUCAAUCUGAG,0,negative,train,GSE308686,URS00005ACA64_9606,123
P069829,GUGUCCUGGUCAUUGGUAGUG,1,positive,train,GSE308686,URS00005B5A80_9606,43
P079294,NNNNNNNNNNGGGGUGUGCUC,1,positive,train,GSE279647,URS0000673E8F_9606,1
P064368,NNNCCCGGGCUGAGGUAGGAG,1,positive,train,GSE308686,URS000075DE48_9606,8
P068238,AGCAUAACGACUUGUUAUAAC,1,positive,train,GSE308686,URS0000013F57_9606,74
N004769,GUUGCCUUCAGACCUGGCAUU,0,negative,train,GSE136967,URS00006868E5_9606,28
N026119,CCUGAUCCCAUCUGAUCCUGG,0,negative,train,GSE279647,URS00031622C4_9606,38
N018046,UCCACCCAUUGACCUGGUAUU,0,negative,train,GSE279647,URS00006BC301_9606,145
P078455,UUUGGUUGUAUAGUCAAAGGU,1,positive,train,GSE279647,URS000075B5A7_9606,120
N053074,AUUCUAUUCAUUUGCCUCCCA,0,negative,train,GSE308686,URS000061AA47_9606,112
P065864,GUCUGAUUGCACUGAAUGUCA,1,positive,train,GSE308686,URS000075D68F_9606,34
P058973,CCCCCGGCUUUGGCCGUGGCC,1,positive,train,GSE136967,URS00006D48F7_9606,26
N039514,CUUCUGCAGGGACUAGACAUU,0,negative,train,GSE308686,URS00005682D3_9606,121
P063851,NNNNNUGUUCUAAGGUGCAUC,1,positive,train,GSE308686,URS00003B0CDB_9606,6
N005182,NNNNNNGUAAAUAUAGUUUAA,0,negative,train,GSE279647,URS000000EB00_9606,5
P066896,AUUGAGCCGUCAAGAAAGGGG,1,positive,train,GSE308686,URS00004EA987_9606,53
P061513,UUAUUUCCAAGCACAUAUCUG,1,positive,train,GSE136967,URS00006826C4_9606,31
P068504,CCACCUUUGUGGAUGAAUCUU,1,positive,train,GSE308686,URS000075B5A7_9606,28
N026967,AAAAGUAACUGUGGUGAUGGA,0,negative,train,GSE308686,URS0000656AFD_9606,70
P075429,AUCCCGGGUUUCGGCANNNNN,1,positive,train,GSE308686,URS000029CCC5_9606,68
N009570,ACUGCAGAUCAAGAAGUCCUU,0,negative,train,GSE279647,URS000038DA45_9606,40
P064767,UCGGCAUCAAUAUGGUGACCU,1,positive,train,GSE308686,URS00000478B7_9606,132
N049669,UGCCCUGGGACUGUGCCAGUG,0,negative,train,GSE308686,URS000037D7AE_9606,94
N025256,NNNNNAUGAGGUAGUAGGUUG,0,negative,train,GSE279647,URS0002310FF6_9606,6
N008173,GGACUGUAGACUGCGGAAACG,0,negative,train,GSE279647,URS0000233681_9606,39
P076723,NNNNCCUUCGAUAGCUCAGUU,1,positive,train,GSE308686,URS000074FC25_9606,7
P074710,AGAGAAGUCAAUGAUGGUUUU,1,positive,train,GSE308686,URS000030BA79_9606,12
P073054,NNNNNNNNNUAUCUGUGAUGA,1,positive,train,GSE308686,URS00002524EE_9606,2
P057912,ACUAAAAGGUUGGCGGUUCGA,1,positive,train,GSE136967,URS000068D6AF_9606,49
P057821,UGGGAGUUGCGAUCUGCCCGN,1,positive,train,GSE136967,URS00006ECA78_9606,141
P077402,GGCGCGAAGGCGAGCGCAUCG,1,positive,train,GSE279647,URS00021ED9AF_9606,252
N025717,UUGGACUUCUAGCUGAGCCUA,0,negative,train,GSE279647,URS00029EB36A_9606,37
P062180,UGCGCAGUGGCAGUAUCGUAG,1,positive,train,GSE136967,URS00003F07BD_9606,16
P069354,GAGGUGGUUCUUUCUAUCCUA,1,positive,train,GSE308686,URS0000656AFD_9606,115
P064308,GGGUGAGGUAGUAGGUUGUGU,1,positive,train,GSE308686,URS000075A6A4_9606,13
N021004,GAAUAAAAAUUAUGAUCAAUC,0,negative,train,GSE279647,URS000070B7C4_9606,40
N003073,AACCGCGAGCGACAAGANNNN,0,negative,train,GSE136967,URS0000726F61_9606,127
P059987,UGAUGUGUCUUGUUUGUAGCU,1,positive,train,GSE136967,URS000063F860_9606,27
P081566,UUGAGUCAUUGGCAUGUAAGA,1,positive,train,GSE279647,URS000075B5A7_9606,143
N023247,NNNNNUGUGGGAUGAGGUAGU,0,negative,train,GSE279647,URS000075D19A_9606,6
N001254,AAAAACUGGCAAUAGUAAAGC,0,negative,train,GSE136967,URS00006F5B60_9606,62
N016857,NNAAAUCAUAUCACUAUUCUU,0,negative,train,GSE279647,URS000069845D_9606,9
P071909,CUUACUCUGUUCUCAGCGACA,1,positive,train,GSE308686,URS0000535D45_9606,34
N018624,ACAGAUCGAACUUGUUCUACU,0,negative,train,GSE279647,URS00006C83B9_9606,60
N008065,AACGAUAUAGAGAUUAGCAUG,0,negative,train,GSE279647,URS0000226787_9606,45
N013119,AAUCUUAUCUGAUCUCGGAAG,0,negative,train,GSE279647,URS0000637B64_9606,41
P059963,ACUUACAUGAGACUGUUGCCU,1,positive,train,GSE136967,URS00005ACA64_9606,114
P075540,GACCCGGGUUCAAUUCCCGGU,1,positive,train,GSE308686,URS0000644222_9606,54
P079595,NNNNNNNNNNAGGUCAGUGAU,1,positive,train,GSE279647,URS000231AEC9_9606,1
P082740,AGAGCAGAGCAAAUGGCCUUC,1,positive,train,GSE279647,URS0000A8C404_9606,66
N015009,AGCUAAGCAGGGCCGGGCCUG,0,negative,train,GSE279647,URS0000661606_9606,60
N022631,UAGUGUAGUGGUUAUUAUGUU,0,negative,train,GSE279647,URS000074CCCF_9606,18
N007524,UCAGUGGUCUGGGGUGCAGGC,0,negative,train,GSE279647,URS00001DA281_9606,24
P063048,UCGAACUCCUUGUUCUACUCU,1,positive,train,GSE136967,URS0000103047_9606,66
P066577,UAGAGGCGUUGCAGCUGUGGC,1,positive,train,GSE308686,URS000008230A_9606,19
N001433,AGGCUAUGUCUACGCUCAGCG,0,negative,train,GSE136967,URS000008230A_9606,81
P062633,CUUUUUCUUUCUUUGAAUGUC,1,positive,train,GSE136967,URS00003B57B1_9606,93
N006153,NNNCAAAAAAGGAAGGAAUCG,0,negative,train,GSE279647,URS00000CBD3B_9606,8
P081792,UGUGCUAAGCAUUCACUUUGG,1,positive,train,GSE279647,URS000000D517_9606,164
N083208,UUGCUCCAUGAUGGAACUGAG,0,negative,train,GSE136967,URS000082FC15_9606,60
N004323,UUUUCUGUGCGAUGGCUCCAU,0,negative,train,GSE136967,URS00006B01A6_9606,121
N012654,GGUGUGUUGGCCCCUGUGAUU,0,negative,train,GSE279647,URS000062C721_9606,86
P081402,UUCCGUGGAGAGGAAUAAUUC,1,positive,train,GSE279647,URS0000631BD4_9606,63
N019402,AUGUUCUAUUCAAGGACAACC,0,negative,train,GSE279647,URS00006D92D5_9606,115
N024877,UUUUAGGGUCAUACCCCAUCU,0,negative,train,GSE279647,URS0000E736C2_9606,31
N018907,AGAGGCUGUUUCUGAGCUGNN,0,negative,train,GSE279647,URS00006CCF53_9606,60
N020444,CUCCACACAUUGACCUGAUAU,0,negative,train,GSE279647,URS00006F6B56_9606,151
N003154,AUCGUAUAGUGGUUAGUACUC,0,negative,train,GSE136967,URS000044BAE3_9606,17
N005998,AAAAUUCUCCGUGCCACCUAU,0,negative,train,GSE279647,URS00000A75D2_9606,48
N016663,NNAUCGCCUCUCAGCCUUUGG,0,negative,train,GSE279647,URS0000690F87_9606,9
P061488,AGGAACAACUCUGAGUCUUAA,1,positive,train,GSE136967,URS00006E1BD2_9606,73
N016802,GGCGUUGAAGCAAGGAGCCUC,0,negative,train,GSE279647,URS0000696CDC_9606,103
P074839,AGGCUGUUUCUGAGCNNNNNN,1,positive,train,GSE308686,URS0000571896_9606,59
P075509,GAAUUCUCGCCUCCCACGUGG,1,positive,train,GSE308686,URS00007131F2_9606,31
P060226,CUUUUUUCCCCGACAGAUCGA,1,positive,train,GSE136967,URS0000643FAE_9606,33
P066033,CCUGCCCUCGGGCCCUCACGG,1,positive,train,GSE308686,URS000010A63C_9606,41
P079254,GCGAACAUCAGUGGGGGUGAG,1,positive,train,GSE279647,URS0002311975_9606,29
P058968,GUAAACCAGGGUCGCGAGUUC,1,positive,train,GSE136967,URS000068C296_9606,45
N018923,UAAUGAUUUUCAUGAAGAGGA,0,negative,train,GSE279647,URS00006CD54D_9606,56
P059420,GAAUGAUGAGGAUCUUAACCA,1,positive,train,GSE136967,URS0000361A8E_9606,52
N021829,GGCAGAGGAUGUCCCCUUGCC,0,negative,train,GSE279647,URS0000723018_9606,91
P057690,UUCUGGCGUUGCUUGGCUGCA,1,positive,train,GSE136967,URS0000650B1E_9606,132
P064187,GACUUGGGGGUUCCUGGGACC,1,positive,train,GSE308686,URS00006A5378_9606,43
P059848,ACUUCCAUAUAUACAUUCCUU,1,positive,train,GSE136967,URS00006BC7F5_9606,23
P065284,UGAUAUCAAGGCUGUUGUGAU,1,positive,train,GSE308686,URS0000569A4A_9606,20
P067896,AUUUUGUGGCCUACAUGNNNN,1,positive,train,GSE308686,URS000000AB5A_9606,131
N036558,ACUGCGUCCGCGCUUUCCCCU,0,negative,train,GSE308686,URS00000081EA_9606,153
P060061,CACUAUUAAAGCUCAGGGUGG,1,positive,train,GSE136967,URS0000714944_9606,17
P058395,UAGUGUUAUUUCUUAUGUGCU,1,positive,train,GSE136967,URS000033A30E_9606,47
N021573,UGGGUGUUGUUGAAAUAAACU,0,negative,train,GSE279647,URS000071BC75_9606,71
P073351,UUUAAUGAGCCUGAUCCNNNN,1,positive,train,GSE308686,URS0000406CED_9606,66
P065973,GUUUUCUACACUUGACCUGAG,1,positive,train,GSE308686,URS000075BDDC_9606,334
N002793,CAUAGGCUGCCUGUGCCUAGG,0,negative,train,GSE136967,URS00006EC784_9606,30
P072216,CCAGGGGCUAUGGGCGACACC,1,positive,train,GSE308686,URS00006D051B_9606,48
P062314,CUGGGCACAGCGCCCGAGACA,1,positive,train,GSE136967,URS000027315D_9606,41
N012286,NNNNNNNNNNAAGUGUUACAG,0,negative,train,GSE279647,URS00006246DF_9606,1
P082369,ACUGUAGCCUGUAGAAACAUU,1,positive,train,GSE279647,URS0000333F2E_9606,41
P057681,AAGCCGGCUUUCUGGCGUUGC,1,positive,train,GSE136967,URS0000650B1E_9606,123
N083236,GGGUGCUAUCUGUGAUUGAGG,0,negative,train,GSE136967,URS000230F9FB_9606,13
P063469,AAGCCAUAGCACUCCUAAUGU,1,positive,train,GSE136967,URS00003818BD_9606,92
P068455,GUAAGAGAAAUAUACCUGCAU,1,positive,train,GSE308686,URS000075B5A7_9606,157
N016585,GGAGACCACCUGGGAAUAACG,0,negative,train,GSE279647,URS000068E17B_9606,87
N018912,GGCUGGUCCAAGUGCAGUAGU,0,negative,train,GSE279647,URS00006CD342_9606,11
P058905,GGCCCAUAACCCAGAGGUCGA,1,positive,train,GSE136967,URS000030BAD5_9606,39
N018792,UGCACCUGAUCUUGUCUGAUC,0,negative,train,GSE279647,URS00006CB247_9606,34
N055425,AAUCAGCAGCUACAUCUGGCU,0,negative,train,GSE308686,URS000075C381_9606,72
N015993,CACGCUAAAUUAAAAAAGGAG,0,negative,train,GSE279647,URS000067D430_9606,66
N013728,NNNNNNNNNNGUGCUUGCCUC,0,negative,train,GSE279647,URS0000647488_9606,1
P061833,NNNNNNNCCUCCCGAUGAUGA,1,positive,train,GSE136967,URS0002869C49_9606,4
P057790,AAAUAACGAUUCGGGGUGACG,1,positive,train,GSE136967,URS00006ECA78_9606,35
N030841,AUGUCACCCUUCUGACUACAG,0,negative,train,GSE308686,URS000065DEBC_9606,65
P061728,UCCUCUGUGAGCAAGAGAAAC,1,positive,train,GSE136967,URS00003B6A48_9606,53
P076823,CCCCGGGUUCCUCCCGGGGCU,1,positive,train,GSE279647,URS0000005270_9606,126
P062557,AGAACUUCUCCCACUCACAUU,1,positive,train,GSE136967,URS00006F4F8C_9606,24
P071782,CGAUGAAGAGAUGAUGACGAG,1,positive,train,GSE308686,URS00003A9200_9606,14
P065385,CCUGUGCUCAGUUCUAACAGG,1,positive,train,GSE308686,URS00001B2620_9606,36
N003208,CGUCUGUCACGCGGGAGACCG,0,negative,train,GSE136967,URS00006D74B2_9606,39
P064016,UAGUGGUUCCGUUUAGUAGAU,1,positive,train,GSE308686,URS0000184017_9606,26
N024028,UUCCAUUGUAGUAGGUUAUCA,0,negative,train,GSE279647,URS0000A9958A_9606,17
N022551,GGGAGACCCAAGAGGUCCCGG,0,negative,train,GSE279647,URS0000744456_9606,64
P060195,AUGAUGAUGGGCGAAAUGUUC,1,positive,train,GSE136967,URS0000691595_9606,18
N003077,UGCCGACUACGNNNNNNNNNN,0,negative,train,GSE136967,URS00006D4008_9606,82
N007782,UGAAUCUGACAACAGAGGCUC,0,negative,train,GSE279647,URS00002015A1_9606,37
N010162,NNNAAAGCUAACUUAGCAUUA,0,negative,train,GSE279647,URS000041B182_9606,8
P068637,NNNNCGGCAGACAGUUAUCCC,1,positive,train,GSE308686,URS00004C6FD8_9606,7
N015586,UGAAGGCGCCUGAUCUUCUCU,0,negative,train,GSE279647,URS00006747C7_9606,30
N025462,NNNGUAAAUGAUGACUUCACU,0,negative,train,GSE279647,URS000232BE34_9606,8
P064661,GCUUCCAAGACUCCAGACACA,1,positive,train,GSE308686,URS0000734D8F_9606,282
N017706,GUGGGAUAACCCUUCCCUGUU,0,negative,train,GSE279647,URS00006B483D_9606,18
P075956,CAGCCCACCCAGGGACGNNNN,1,positive,train,GSE308686,URS00006ABBAC_9606,68
P076954,UUCCUCCCGGGGCUACGCCUG,1,positive,train,GSE279647,URS0000005270_9606,133
P062211,NNGCCUUUGCAGCUGAUGAUA,1,positive,train,GSE136967,URS00006B5455_9606,9
P074484,AGGUGAGCGCUUUGCGCAGUG,1,positive,train,GSE308686,URS00002B7232_9606,35
N044974,GCGCGCUGGACUUCUAAUCCA,0,negative,train,GSE308686,URS000007E37F_9606,33
P075915,GCCUCACACGGGGCANNNNNN,1,positive,train,GSE308686,URS000072890F_9606,69
P075843,GACUUAAGAUCCAAUGGACAU,1,positive,train,GSE308686,URS000064E10F_9606,40
N018154,GCUCCGGCAGCACAUACACUA,0,negative,train,GSE279647,URS00006C0952_9606,17
P064093,UGGCAUAGCUGUUGAACUGGG,1,positive,train,GSE308686,URS0000001EB3_9606,29
P058448,CCAGAUCAAUAGCAUUGGUGG,1,positive,train,GSE136967,URS000014FF3E_9606,141
N042262,UGAGUGAAAUCGUAACGGACA,0,negative,train,GSE308686,URS0000608804_9606,103
P059606,GGAAAUAUCCUUUUAAAACUC,1,positive,train,GSE136967,URS00005F1DD0_9606,72
P064891,GAAUAGCCACUGCACUCCAGC,1,positive,train,GSE308686,URS0000A8D543_9606,261
P067883,UUGGGCUAUUUGGAAGAGUAA,1,positive,train,GSE308686,URS000000AB5A_9606,62
N020071,UUGCUUGUUCACUUCACGCAU,0,negative,train,GSE279647,URS00006EDEA4_9606,139
N054395,UAAUCUUAAACUGAAACAGNN,0,negative,train,GSE308686,URS00001FCA45_9606,73
P064789,UACUCGGGAGGCUGAGGCUGG,1,positive,train,GSE308686,URS00000478B7_9606,45
N016592,CCUGAAGGUACCCAAUCUCGU,0,negative,train,GSE279647,URS000068E89F_9606,28
P076268,GAGAAUUUGACUAGAGAUCAA,1,positive,train,GSE308686,URS0000450772_9606,31
P062041,ACAGGUUCGAAUCCUGUUCGU,1,positive,train,GSE136967,URS0000278E1B_9606,68
P076825,GUAUCUGUUCUUAUCAGUUUA,1,positive,train,GSE279647,URS00006D1C46_9606,46
P064341,CUGUACAACCUUCUAGCUUUC,1,positive,train,GSE308686,URS0000031E12_9606,66
P063402,AAGUUGAUGUGAGUUCUAAAA,1,positive,train,GSE136967,URS0000725609_9606,47
N002005,GCUGGUUCGAUUCCAGCUCGA,0,negative,train,GSE136967,URS000073FCEB_9606,59
N005262,UCAGAGAAAAAGUCUUUAACU,0,negative,train,GSE279647,URS0000019953_9606,11
P065697,GGCAGCCUUGUUUUCCUGCCU,1,positive,train,GSE308686,URS000075C168_9606,111
P063400,UGAAUCUAAAGUUGAUGUGAG,1,positive,train,GSE136967,URS0000725609_9606,39
N003879,AGCUGAAUAAAAUGAAUGAAA,0,negative,train,GSE136967,URS00006C0E59_9606,48
P081622,GAUUAACCUUUAGCAAUAAAC,1,positive,train,GSE279647,URS000044DFF6_9606,185
P064297,UUGUGUGGUUUCAGGGCAGUG,1,positive,train,GSE308686,URS000075A6A4_9606,28
P079032,NNNNNNNUUACUCUAGUUUCU,1,positive,train,GSE279647,URS0000631BD4_9606,4
N001860,NNNNCAGGCUGAUGAGACUAA,0,negative,train,GSE136967,URS000014FF3E_9606,7
P074346,ACAAUAAAAUAUCUGAUAUUC,1,positive,train,GSE308686,URS000069573D_9606,65
N008594,AGCCGUGUUAAUCAUUUUUGA,0,negative,train,GSE279647,URS00002982D8_9606,75
N000428,UCUCGCUUCGGGUGCGAGAGG,0,negative,train,GSE136967,URS00000C18F2_9606,35
P064539,GAGAGUGCCACGUGCAUACGC,1,positive,train,GSE308686,URS00026A2211_9606,103
P071351,CCCUCUAAACUGAUGUUGCCA,1,positive,train,GSE308686,URS000075CB76_9606,84
N053181,AUGAGUUUUGAUACAUAUAAG,0,negative,train,GSE308686,URS00002587B6_9606,106
P060223,CAGCCUCCGGAGCUGGGGAUU,1,positive,train,GSE136967,URS000059900F_9606,38
N020349,GCCUGGUUACUACUUGGAUGG,0,negative,train,GSE279647,URS00006F4DE6_9606,76
N024563,NNNNNNNNNACUUUGAUAGAG,0,negative,train,GSE279647,URS0000DBD8F1_9606,2
N021882,UACCACCCGGAACAGGCCUGA,0,negative,train,GSE279647,URS0000724504_9606,22
P068605,GGUGAGUUCUUCUGUCCAGCG,1,positive,train,GSE308686,URS00004C6FD8_9606,80
P074837,AUGUAUGUGUUUCUCCUUUGU,1,positive,train,GSE308686,URS00005ACA64_9606,66
P074985,GAGCUGUGGGACGUGCACCCA,1,positive,train,GSE308686,URS00004A7003_9606,422
P071258,UUGUAUGUGUGGACAGCACUG,1,positive,train,GSE308686,URS000075AF9C_9606,53
P065498,GGAGACUAAGAAAAUAGAGUC,1,positive,train,GSE308686,URS00005172B7_9606,13
P061238,GAUGUUACAUUGUAGUGUGCU,1,positive,train,GSE136967,URS0000626A32_9606,53
P081322,AAGGACCUGGCGGUGCUUCAU,1,positive,train,GSE279647,URS000044DFF6_9606,530
N017508,CAAGGCUUAGCAAUUUUGCUG,0,negative,train,GSE279647,URS00006AEEA6_9606,63
P082813,AGGGGCGAUUAUUGCUAAUUG,1,positive,train,GSE279647,URS00006D3229_9606,54
P058239,UAUUCUGAAUCUAAAGUUGAU,1,positive,train,GSE136967,URS0000668E0B_9606,32
N039835,ACACCUGUCCCUUUCAAAUGC,0,negative,train,GSE308686,URS0000468B49_9606,110
P066750,CUCAUAGAGUAACUCUGUGGU,1,positive,train,GSE308686,URS0000202A89_9606,66
P073210,GUUGAGUAACGGUGAUAAUUU,1,positive,train,GSE308686,URS000004A26B_9606,35
N018951,CGAUGAUGACUACCGGUGGCG,0,negative,train,GSE279647,URS00006CE133_9606,16
P061233,UGAUGAGAUUCCACUUAAUUG,1,positive,train,GSE136967,URS0000A9FA53_9606,15
N005306,NNNNNNNCAGAGAAUAGUUUA,0,negative,train,GSE279647,URS000002176F_9606,4
P076845,NNNNNNNNNUUUCAUACUUAC,1,positive,train,GSE279647,URS0002A146BA_9606,2
P072496,CAUGAAAGCAGCACUGGCUGA,1,positive,train,GSE308686,URS00005B985B_9606,51
P068973,NNNNNNNNNUGCACACUAUUA,1,positive,train,GSE308686,URS00004C6257_9606,2
P072954,GAUGACCCCAGGUAACUCUGA,1,positive,train,GSE308686,URS00002E0EE8_9606,17
N014087,ACCCCACUCCUGGUANNNNNN,0,negative,train,GSE279647,URS000064E10F_9606,79
P062783,GCUCUGCGUGCGGAAUCGACA,1,positive,train,GSE136967,URS000000A142_9606,56
P061001,GACUGUUCCUGGUAUUGAUUG,1,positive,train,GSE136967,URS00006B01A6_9606,13
N012741,GAACAACAUAGAGAAGAUUAG,0,negative,train,GSE279647,URS0000630A9C_9606,44
P075736,CAGUUGGUAGAGCAUCAGACU,1,positive,train,GSE308686,URS00006587E4_9606,23
P079935,UUCUGUAAUCGAUAAACCCCG,1,positive,train,GSE279647,URS000044DFF6_9606,570
N013521,AAAAUGUGGAAAACUCAACUG,0,negative,train,GSE279647,URS0000642E17_9606,112
N031685,NNNGCUGUGAUGGCCGAGUGG,0,negative,train,GSE308686,URS00001C3F54_9606,8
P060123,GUGUUUGGAGGGUCCACCCUA,1,positive,train,GSE136967,URS00006EC784_9606,95
P059376,CAACAUUCUUCAUACCAAAGU,1,positive,train,GSE136967,URS0000AA2284_9606,35
N012301,NNNNNGUCUCUGUGGUGCAAU,0,negative,train,GSE279647,URS0000624B2D_9606,6
N005697,CCAUACCCCGAAAAUGUUGGU,0,negative,train,GSE279647,URS000006E464_9606,40
P074753,GUGAUGCAACUUCUGUGUGAU,1,positive,train,GSE308686,URS0000269B1D_9606,64
N002107,GAUGACCUCAAUACAUGCAUU,0,negative,train,GSE136967,URS0000196CD1_9606,19
P069027,AGCCGUUUCCCGUGUUUGGAG,1,positive,train,GSE308686,URS0000468B49_9606,84
P068971,UCUUGGCUCAUGAACUUCUGA,1,positive,train,GSE308686,URS00004C6257_9606,43
P081309,AAAGCGCCUUCCCCCGUAAAU,1,positive,train,GSE279647,URS000081566B_9606,19
P065461,GUCUGUAUAGUUAUCAGAUUU,1,positive,train,GSE308686,URS0000180559_9606,103
P058856,AAAAGGAGGAAAAGUAAUAGU,1,positive,train,GSE136967,URS00005D459D_9606,62
N034272,UGGCAACAUGUGUUGUUUGCU,0,negative,train,GSE308686,URS00004EA987_9606,102
N005165,GUAGCUUAACACAAAGCACCC,0,negative,train,GSE279647,URS000000A699_9606,17
P072030,AAUUACAAGAUCCAACUCUGA,1,positive,train,GSE308686,URS000075A742_9606,68
N024581,NNNNNNNNNNAUACCCCGAAA,0,negative,train,GSE279647,URS0000DC1407_9606,1
N026270,NNNNNCAUGCCACCCUGAAUG,0,negative,train,GSE279647,URS00031D4E94_9606,6
N007747,AGAGGCUUACGACCCCUUAUU,0,negative,train,GSE279647,URS00001FBD75_9606,55
N019674,NNNNGUCUGUGCCAUACCAUC,0,negative,train,GSE279647,URS00006E06F0_9606,7
N017910,NNNNGCCCGGAGAGCUCAGUG,0,negative,train,GSE279647,URS00006B98D7_9606,7
N047608,UGGGAUCGAUGCCCGCAUUCU,0,negative,train,GSE308686,URS00006E0E1A_9606,60
N013108,CACCCUGAACGUGCCUGAUAU,0,negative,train,GSE279647,URS0000637B22_9606,25
P063318,AAACUAGCUCACUAUGACCGA,1,positive,train,GSE136967,URS0000164B86_9606,26
N013284,NNNNNNNNNNAAAAAGGGCUU,0,negative,train,GSE279647,URS000063B454_9606,1
P076904,UUAAGAUGGCAGAGCCCGGUA,1,positive,train,GSE279647,URS00019F0581_9606,12
P080065,NNNNNNNNAGUUGUGGUGGUU,1,positive,train,GSE279647,URS000002084A_9606,3
N020641,AAUAUCCGAUACGUCCUCCAU,0,negative,train,GSE279647,URS00006FC9A4_9606,66
P068451,AAACUUCUUGUUUCUUGUGGU,1,positive,train,GSE308686,URS000075B5A7_9606,67
P079687,GUGGAUAGGGCGUGGCAAUCC,1,positive,train,GSE279647,URS0000636E2A_9606,47
N022698,UCAUGCGUGAGAGAGGGGGUC,0,negative,train,GSE279647,URS00007501FD_9606,45
P075683,NNNNNNNNNGCCCGGCUAGCU,1,positive,train,GSE308686,URS00004D9E92_9606,2
P073373,UGAUUUAAUGAGCCUGAUCCN,1,positive,train,GSE308686,URS0000406CED_9606,63
P063562,AUCCAUUGUGUUCCGGAUGUG,1,positive,train,GSE308686,URS000075AD80_9606,74
P064914,AGGGUCGGGCCUGGUUAGUAC,1,positive,train,GSE308686,URS00000F9D45_9606,68
P061126,GUGAUGCUUUAAGAGUAGUGG,1,positive,train,GSE136967,URS000026D828_9606,16
N032046,CUUGUUCCGACAAGGCUANNN,0,negative,train,GSE308686,URS000075B029_9606,110
P076328,UAAUCCAUUGUGCUCUGCACG,1,positive,train,GSE308686,URS00002034DC_9606,46
N016784,NNAUCACAUCUCAGCCUUUUG,0,negative,train,GSE279647,URS0000696915_9606,9
P074789,AAAUGUCUGAACCUGUCUGAA,1,positive,train,GSE308686,URS0000269B1D_9606,35
P074273,UGAGAAAGAAAAUGGAGAUUA,1,positive,train,GSE308686,URS00001FCA45_9606,54
P059371,NNUCCUGUGUGAGAAAUGAUG,1,positive,train,GSE136967,URS0000AA2284_9606,9
N022861,GUUCAGAGGUCCUCGGGGCGC,0,negative,train,GSE279647,URS0000759919_9606,21
P068882,CCUGUUCCUGUGUCCCAGGCU,1,positive,train,GSE308686,URS00001FC3CF_9606,97
N001303,NNNCUCCCCUCCGCCUUCUCU,0,negative,train,GSE136967,URS0000D53E88_9606,8
N000223,CUUCUAAUUCAAAGGUUCCGG,0,negative,train,GSE136967,URS000047CD44_9606,42
N006394,GGUGUUCUCUCUCCCAUGAGA,0,negative,train,GSE279647,URS00000F8A5F_9606,90
N023289,GGGCUGGAGGUGAUGGAUGUU,0,negative,train,GSE279647,URS000075DC96_9606,53
N018361,UUCUUAUCGUCUUAAUAUCUG,0,negative,train,GSE279647,URS00006C30CA_9606,53
P059307,GAAUUGCUUUGACUUCUGACA,1,positive,train,GSE136967,URS000053336F_9606,21
N004047,NNNNNGUCACGGUGGCCGAGU,0,negative,train,GSE136967,URS0000278E1B_9606,6
P072571,NNNNNNNNGUUGCAGUGAUGU,1,positive,train,GSE308686,URS00003BC8C2_9606,3
P070440,AGAGCAAACUGUGUCCCCGAA,1,positive,train,GSE308686,URS0000647500_9606,70
P062998,GAGAAGAGGAAGAUUUGUUCC,1,positive,train,GSE136967,URS000066FABB_9606,95
N001487,GUGAGCAGGGCUCCAGUGGGC,0,negative,train,GSE136967,URS00003E7565_9606,97
P058258,UUCCAAAACCAUUCGUAGUUU,1,positive,train,GSE136967,URS000071EB91_9606,27
P062449,UCACCCCUGAGGACACAGUGC,1,positive,train,GSE136967,URS00006611EB_9606,43
P058697,GCCAGGGAUUGUGGGUUCGAG,1,positive,train,GSE136967,URS000005A7A9_9606,49
P069423,CUUCCUUGGCUGCCCACAUGG,1,positive,train,GSE308686,URS00004C8BD1_9606,127
P077030,NNNNNNNNNNAUCCUUUUGUA,1,positive,train,GSE279647,URS000064F355_9606,1
P075762,GCCUGGGUAGCUCAGUCGGUA,1,positive,train,GSE308686,URS000071C635_9606,11
P063254,GAGGGUCCGCUCCUGUCCCUU,1,positive,train,GSE136967,URS00007168E7_9606,101
N004278,GAUGCGAACUGGAGUCUGAGC,0,negative,train,GSE136967,URS00006F39E7_9606,60
N004228,CCACUCCUGACANNNNNNNNN,0,negative,train,GSE136967,URS000042F13F_9606,82
P059426,CUACUCUUGAGUGCUAGAAUG,1,positive,train,GSE136967,URS0000361A8E_9606,36
N014173,GGAUGAUCCUCAGUGGUCUGG,0,negative,train,GSE279647,URS00006501FF_9606,15
P073896,AUACAGGCACCACUCAGUAUC,1,positive,train,GSE308686,URS00006A5FBC_9606,57
P058018,UAAUGAUUCUGCCAAAUGAAA,1,positive,train,GSE136967,URS0000507EBE_9606,22
P070180,GAUAAUGGAGUUAUCUGUUCU,1,positive,train,GSE308686,URS00006868E5_9606,105
P063192,CUGGCUCCCUCUACUGAACUG,1,positive,train,GSE136967,URS00006B7869_9606,28
P076136,NNNNGGCUCGUUGGUCUAGGG,1,positive,train,GSE308686,URS000072540A_9606,7
P058425,GGCUGUUGUCUGCCUGGCGGG,1,positive,train,GSE136967,URS0000706530_9606,92
N011185,UGUUUGCAAAAUAAAUUCAAG,0,negative,train,GSE279647,URS00005172B7_9606,95
N023829,NNNAGCUAUCCAUUGGUCUUA,0,negative,train,GSE279647,URS00008F50F1_9606,8
N018318,UAACUGAUCACCACCAGUUAC,0,negative,train,GSE279647,URS00006C2DFA_9606,40
P071135,GAUGAGAUAUAACCUUGACUG,1,positive,train,GSE308686,URS000075EC44_9606,29
N025491,CAGGGUAAGCCUUAUCCAUUG,0,negative,train,GSE279647,URS0002333E5D_9606,58
P062508,UAAAAUUGGAACGAUACAGAG,1,positive,train,GSE136967,URS000035C796_9606,36
N024341,UUCGGUGCUCUCACCGCUGCU,0,negative,train,GSE279647,URS0000C8E9D0_9606,36
P058473,AUGAUGACUUCACUUUUUUCC,1,positive,train,GSE136967,URS000071403B_9606,21
N013776,CAAAAUAAAACUGUUACCUUU,0,negative,train,GSE279647,URS000064930D_9606,68
P069879,CUAGGUCUGGUUUCAUAAAUG,1,positive,train,GSE308686,URS000042BEC6_9606,110
N036887,GUGAAUGGGGGAACAUAGNNN,0,negative,train,GSE308686,URS00004F2BDE_9606,125
P065065,UCCUUUGCCGGAGCUUGGAAC,1,positive,train,GSE308686,URS000013F331_9606,237
P063138,GUGUAGUGGUUAUCACGUUCG,1,positive,train,GSE136967,URS00002064F6_9606,20
P057595,UCAUUUCUAUAGUGUGUUACU,1,positive,train,GSE136967,URS0000650B1E_9606,30
P072564,AAUUUCUUGGCCUGAAAUUAC,1,positive,train,GSE308686,URS00003BC8C2_9606,26
N011044,GAUCAAGAGGUCCCCAGUUCA,0,negative,train,GSE279647,URS00004D8C39_9606,46
N015877,AGCACAUGUACUAAAAUUGUA,0,negative,train,GSE279647,URS000067B22B_9606,25
P077265,NNNNNNNNNNACUUACCUGGC,1,positive,train,GSE279647,URS00000B27D7_9606,1
N045548,GCUCAGAAGUGAUGAAUUGAU,0,negative,train,GSE308686,URS000023DE4C_9606,351
N013830,CGAGAACAAUAUAUUACAUGG,0,negative,train,GSE279647,URS000064A434_9606,77
P068376,AGGUAGAGUAAACCUACCCCA,1,positive,train,GSE308686,URS00004F2BDE_9606,66
P070053,CCACUGUUCUGGUGGCGUCUG,1,positive,train,GSE308686,URS000000D517_9606,106
N005770,NNNAGAGUUACUUUGAUAGAG,0,negative,train,GSE279647,URS000008D191_9606,8
N013879,GGGGUUCGAUUCCCUGAGGAG,0,negative,train,GSE279647,URS000064A807_9606,59
P058838,CAGUGUAGAACCAUUCUCUAC,1,positive,train,GSE136967,URS000054DD16_9606,64
N025955,NNNNNNNNNAUACAAGUUAGG,0,negative,train,GSE279647,URS00030E63A1_9606,2
N022794,NNNUCCUUGAUGUCUAGUGGU,0,negative,train,GSE279647,URS0000754F23_9606,8
N012875,UAUCAGAAUUUAACAUAGUGU,0,negative,train,GSE279647,URS0000633947_9606,33
P077634,CUCCGUCCACUCCACGCAUCG,1,positive,train,GSE279647,URS00006D1C46_9606,142
N002938,NNNNNNNUGGGCUAAGGGAGA,0,negative,train,GSE136967,URS000042B108_9606,4
N008968,UAUCAUAGAAGAGCUUAUCAC,0,negative,train,GSE279647,URS00002EDD4B_9606,123
N004714,CCAUGUCUCUGAGCAANNNNN,0,negative,train,GSE136967,URS000062ED01_9606,70
P059664,GGUAGUGGGGGACUGCGUUCG,1,positive,train,GSE136967,URS000032B6B6_9606,142
N042245,ACAGGGCUGACUGUACUACCC,0,negative,train,GSE308686,URS00005C0742_9606,112
N014482,CUUUUGGCAAGACCAAGUGUA,0,negative,train,GSE279647,URS0000657BB5_9606,24
P062813,CGGCGCCCUUUNNNNNNNNNN,1,positive,train,GSE136967,URS000000A142_9606,135
N022032,UCAAGAUCCUUUUUCCUUUUA,0,negative,train,GSE279647,URS00007288AA_9606,236
P077289,GGAUUUUUGGAAAUAGGAGAU,1,positive,train,GSE279647,URS00006D1C46_9606,107
P070720,UCACUCCUUUUAUGAGUGAAA,1,positive,train,GSE308686,URS000034C57A_9606,45
P060547,CUGCAUCCACUGAUAGACCUU,1,positive,train,GSE136967,URS000019135F_9606,11
N024708,NNNNAGUUUAACCAAAACAUC,0,negative,train,GSE279647,URS0000DD9FD7_9606,7
N025969,UACAGCCAUAUCACCCUGAAU,0,negative,train,GSE279647,URS0003103663_9606,14
N016445,AGAUUUAUUUGUUCUUUUUCC,0,negative,train,GSE279647,URS000068B545_9606,61
P072630,NNNNNNAUUCGUGAUGACUGA,1,positive,train,GSE308686,URS00000335D1_9606,5
N006877,NNCUUCAGGAAGCUGGUUUCA,0,negative,train,GSE279647,URS0000150A7D_9606,9
N027103,UGUUGAUCAUGGUGUCCAAAA,0,negative,train,GSE308686,URS00004ACFCF_9606,35
P065981,CUAUGAAGUUUUCUACACUUG,1,positive,train,GSE308686,URS000075BDDC_9606,327
N017285,AAGACCGAACGUAGUAUCUGU,0,negative,train,GSE279647,URS00006A830C_9606,33
P061127,NAGCCUGUGAUGCUUUAAGAG,1,positive,train,GSE136967,URS000026D828_9606,10
N013798,NNNNUGGACCAAUGAUGACAA,0,negative,train,GSE279647,URS000064A1E7_9606,7
P070075,GGGAGAACAGCAGCCAAUAGC,1,positive,train,GSE308686,URS0000ABD80F_9606,67
N012147,CCCAGACCCACUGUGCGUGUG,0,negative,train,GSE279647,URS00005FDE16_9606,66
P067304,UUGUACUGUGGCUGUUGGUUU,1,positive,train,GSE308686,URS0000552BBC_9606,35
P071586,GAUGAUUGGUUGCCAGACAUU,1,positive,train,GSE308686,URS0000080E9E_9606,18
P061817,UGUUAUGAUGAGAUUCCACUU,1,positive,train,GSE136967,URS000062F4C6_9606,12
P064352,UAGUAGGUUGCAUAGUUUUAG,1,positive,train,GSE308686,URS000075B243_9606,23
P067857,GCUAGAGUCACGCUUGGGUAU,1,positive,train,GSE308686,URS00002BF97D_9606,17
P059034,CAAAUCCUGCUCACAGCGNNN,1,positive,train,GSE136967,URS0000530C88_9606,75
P071529,UCAUGAUUUGUUGUGAUUAAU,1,positive,train,GSE308686,URS0000A76B4D_9606,48
P068487,AUGAAUCUUGAACUGAGUUCC,1,positive,train,GSE308686,URS000075B5A7_9606,40
N019964,CAAUGUUUACAACUAAUUGAU,0,negative,train,GSE279647,URS00006EA4AC_9606,28
P058588,UUCGCCUUUUACUAAAGAUUU,1,positive,train,GSE136967,URS0000673862_9606,44
P060264,UAUCCCUGUCUGAAAAUCUGG,1,positive,train,GSE136967,URS000072C309_9606,31
N035799,AGAGGUUCAAUUCCUCUUCUU,0,negative,train,GSE308686,URS000061A10B_9606,61
P065102,AGUGCGUCCUGUCACUCCACU,1,positive,train,GSE308686,URS000013F331_9606,50
N016335,UUCUUUGUUCCUUCUCCCCUC,0,negative,train,GSE279647,URS00006884FF_9606,65
P063921,NNNNNNGCAGUCCUCUGUUAG,1,positive,train,GSE308686,URS0000539083_9606,5
P067991,UUUGUUUAACUUGUGGACAAA,1,positive,train,GSE308686,URS00006607B4_9606,27
N050232,CUUCCCCGAGAGUGUGCUAAG,0,negative,train,GSE308686,URS000000D517_9606,151
P075060,AGGCCCUGGGUUCAAUCCCCA,1,positive,train,GSE308686,URS0000677B31_9606,53
P065889,UUGGGCUGAAAUACUGCUCUA,1,positive,train,GSE308686,URS0000608804_9606,30
N015691,UAUUCUGGGGUGUCUGAAUCA,0,negative,train,GSE279647,URS00006762EA_9606,26
P072962,CACCGCAGCGCUCUGACCNNN,1,positive,train,GSE308686,URS00002E0EE8_9606,56
P058004,UGAUAUCACUGUAAAACCGUU,1,positive,train,GSE136967,URS0000507EBE_9606,48
P069179,ACCACAAGGGUCUCUGGCCCA,1,positive,train,GSE308686,URS00001696A6_9606,108
P076888,GCUGCGAGAAUUAAUGUGAAU,1,positive,train,GSE279647,URS0000005270_9606,63
P061890,AUUGUUAAACAUUCGUAGUUU,1,positive,train,GSE136967,URS000066E3F5_9606,26
P057903,UACCGUCAUCUUCGUUGAACU,1,positive,train,GSE136967,URS00004219CE_9606,75
P065910,CUUUUGAUGACCGGGACGAAU,1,positive,train,GSE308686,URS0000608804_9606,82
P073774,UCUGUGACUGAGCAUGANNNN,1,positive,train,GSE308686,URS0000ABD834_9606,67
P069140,GGAGUUGAGGCUACUGACUGG,1,positive,train,GSE308686,URS00001696A6_9606,31
N020139,UGAUCAUGACCAUUAACAGAU,0,negative,train,GSE279647,URS00006EFE5E_9606,45
N023514,NNNNNNNNNCUGAGGGGCAGA,0,negative,train,GSE279647,URS00007E435D_9606,2
P064901,ACAUAGUGAGACCCUGCCUCU,1,positive,train,GSE308686,URS0000A8D543_9606,289
P068310,CGUGGCGCCGGGGGUCAAUCU,1,positive,train,GSE308686,URS0000726F61_9606,42
P063267,AGAGAAAUCGCGGAAAGUGCU,1,positive,train,GSE136967,URS00007168E7_9606,68
N013930,CGAUCCCCGACACCUCCANNN,0,negative,train,GSE279647,URS000064B6FC_9606,65
N013407,CACUGGUGGCGUAUGAGUCAU,0,negative,train,GSE279647,URS000063F2D8_9606,26
P059746,CAGGGCGAGGCUUAUCCAUUG,1,positive,train,GSE136967,URS000032B6B6_9606,58
N017814,UUGACCUUUGGGCUAAGAUCA,0,negative,train,GSE279647,URS00006B76FA_9606,19
P080506,NNNNNNNNNNAAGUAGGGUGA,1,positive,train,GSE279647,URS0000650132_9606,1
P062822,UAUACUUCCAGGCGGGUGCUU,1,positive,train,GSE136967,URS00006FB8B0_9606,33
N009987,NNNNNNNNGACUCUAUGGCAC,0,negative,train,GSE279647,URS00003DE835_9606,3
P074728,GAGCCAAUGAUGUUUUUAUUC,1,positive,train,GSE308686,URS0000269B1D_9606,13
N038440,AAUAGUACCGUUAACUUCCAA,0,negative,train,GSE308686,URS00000C6674_9606,25
N015992,GUCGUCCUAGCUACUCAGGAG,0,negative,train,GSE279647,URS000067D387_9606,291
N023509,NNNAACAUUCAUUGCUGUCGG,0,negative,train,GSE279647,URS00007E42F1_9606,8
P066545,AGUGACAGUUUUCCUUGACGG,1,positive,train,GSE308686,URS00006020BE_9606,72
N043644,CUCCGUGAGGAUAAAUAACUC,0,negative,train,GSE308686,URS0000454FD5_9606,49
P074149,NNNNNNNNAGCCUGUGAUGCU,1,positive,train,GSE308686,URS000026D828_9606,3
P065072,UGGGCAGGAGAUGCCGUGGAC,1,positive,train,GSE308686,URS000013F331_9606,184
N023350,GAAAGCUCACAAGAACUGCUA,0,negative,train,GSE279647,URS0000761EC9_9606,12
P070475,CUGAAGAGGGUUACACAGUGN,1,positive,train,GSE308686,URS0000656163_9606,126
N024538,GAACGCGACUGAUCUCGGAAG,0,negative,train,GSE279647,URS0000DA5E3A_9606,31
N022980,NNNNNCGUGGUGAGGAUAUGG,0,negative,train,GSE279647,URS000075AC34_9606,6
P057924,GUUGGUGAUGCCCAUCUCAUA,1,positive,train,GSE136967,URS0000438819_9606,40
N013780,AGCUCAGUAGGUAGAACAUCA,0,negative,train,GSE279647,URS00006494BB_9606,19
P062545,NNNNGCGGCCGGUGAUGAGAA,1,positive,train,GSE136967,URS00006F4F8C_9606,7
P078714,ACGAUAGCCCUUAUGAAACUU,1,positive,train,GSE279647,URS000044DFF6_9606,750
N015693,UCUGGGGUGUCUGAAUCAAUG,0,negative,train,GSE279647,URS00006762EA_9606,29
P074925,CUUUGAAUGUCCAGCGUCCUG,1,positive,train,GSE308686,URS00003B57B1_9606,103
N002734,UUACACUGACUGUAUAGAAAG,0,negative,train,GSE136967,URS00004F2BDE_9606,42
P074040,UCUGACUCAUUCGUCACUACC,1,positive,train,GSE308686,URS0000ABD8C9_9606,53
N021702,AUUACUUUUGCAUUCACCUAA,0,negative,train,GSE279647,URS000071ECC5_9606,15
P064087,GCUUAGAUUUUUCCAUCUUUG,1,positive,train,GSE308686,URS00001E96DA_9606,37
P068247,CAGUGCUAGAGCAUAACGACU,1,positive,train,GSE308686,URS0000013F57_9606,65
N023968,GUGGCCCAGGGAGCUGUCAGA,0,negative,train,GSE279647,URS0000A8C404_9606,43
N000123,UGGUUAAAUUUUUUGAAGUCU,0,negative,train,GSE136967,URS000067B2B1_9606,92
N018106,NNNNNNNNAUCUAUGGCCAUA,0,negative,train,GSE279647,URS00006BFA1E_9606,3
P070659,CUCUGGCUUCCCUGCCAGUGC,1,positive,train,GSE308686,URS0000706530_9606,45
N004370,CUGGGGGUCUGAGGGGCCCNN,0,negative,train,GSE136967,URS00006611EB_9606,83
N008223,UGUGUUCGUUAGGCAACAGCU,0,negative,train,GSE279647,URS0000245997_9606,58
N023487,NNNNNNNNNNCAGGUUGGGAU,0,negative,train,GSE279647,URS00007E3CEC_9606,1
P067037,UUGUUUAUUGGCAAAGCUGUC,1,positive,train,GSE308686,URS000029D639_9606,77
N014291,AAUUCUGAAGGGAUUNNNNNN,0,negative,train,GSE279647,URS000065235D_9606,75
N083212,AGGCCACCUGUCCCUUGCAGC,0,negative,train,GSE136967,URS00008E398A_9606,145
N018413,GUCAUUGUGAUGAGGGCGUCA,0,negative,train,GSE279647,URS00006C38E6_9606,81
P070397,UCUGGCAUCGUUGGUUUUCUU,1,positive,train,GSE308686,URS00003A960A_9606,87
N003742,AAUUCUGACAGAGNNNNNNNN,0,negative,train,GSE136967,URS0000694F71_9606,71
N024793,NNNNNNNNNNGUGUGAUAGGU,0,negative,train,GSE279647,URS0000DEEFFD_9606,1
P071850,UGCACGAGUUCCUUUGGCAGA,1,positive,train,GSE308686,URS000043549A_9606,91
P061542,CAAUUAAAGCACGUGUUAGAC,1,positive,train,GSE136967,URS00006F39E7_9606,26
P066440,GACUGAUGGUAUGCUAAGGUU,1,positive,train,GSE308686,URS000031F86D_9606,87
P064298,UUUCAGGGCAGUGAUGUUGCC,1,positive,train,GSE308686,URS000075A6A4_9606,36
P059446,NNNUGGCCCUGACUGAAGACC,1,positive,train,GSE136967,URS000047E28E_9606,8
P059602,UUGCCAGUUGGACUUAUGUCU,1,positive,train,GSE136967,URS00005F1DD0_9606,26
N022095,ACAUUCAUGUCUCUUCUCUGA,0,negative,train,GSE279647,URS0000729A81_9606,30
N026668,UACCACCCUGAAUGCGUCCAA,0,negative,train,GSE279647,URS00033D96C8_9606,22
P062345,UAGAGUCCUCGAAGAGUAACU,1,positive,train,GSE136967,URS00002BF97D_9606,58
N008639,AAGGUCCCUGGUUCGAUCCCG,0,negative,train,GSE279647,URS000029CCC5_9606,53
N012992,AUUUCCGUGGAGANNNNNNNN,0,negative,train,GSE279647,URS0000635FD4_9606,48
P072211,UUCACAUGUCUUACUCUCUGU,1,positive,train,GSE308686,URS000066FABB_9606,27
P062235,UACACUAUUGGCCAGUUUUGU,1,positive,train,GSE136967,URS00006B5455_9606,67
P059929,AUGGAAAAGUUUUAAUCUCCU,1,positive,train,GSE136967,URS000020C605_9606,20
N003580,AUUGGCAUGUAAGAGAAAUAU,0,negative,train,GSE136967,URS0000636A2E_9606,149
N022751,CGAAAGGUCCUCGGGUCGAAA,0,negative,train,GSE279647,URS0000753215_9606,50
P067314,ACUGUGGCUGUUGGUUUCAAG,1,positive,train,GSE308686,URS0000552BBC_9606,39
P074096,GAUAACAACAUUUUUCUGAUG,1,positive,train,GSE308686,URS000051B5A1_9606,53
P064379,GCUGAGGUAGGAGGUUGUAUA,1,positive,train,GSE308686,URS000075DE48_9606,16
N023480,NNNNNNNNNNCAGAGCUUAGC,0,negative,train,GSE279647,URS00007E3A07_9606,1
N034154,GGGUCGGAAAAAAGGAUUUUU,0,negative,train,GSE308686,URS00004E56CF_9606,108
N015662,AUAGUGUGGCCAUGGGAUCUC,0,negative,train,GSE279647,URS000067529C_9606,12
N027501,UUGGGUAAACCUUCCUUGGAU,0,negative,train,GSE308686,URS000032B59A_9606,70
P060493,AACGGGCAUGAACUAAAACUU,1,positive,train,GSE136967,URS0000694F71_9606,50
N001649,NNNNNNNNCACCAGUGAUGAG,0,negative,train,GSE136967,URS0000130A5F_9606,3
P081802,GGCGCCUCGGUGUCCGCGCGU,1,positive,train,GSE279647,URS0002A59E14_9606,45
N017189,GUAACACAUAUACUACAACUG,0,negative,train,GSE279647,URS00006A6692_9606,23
P061173,AUGUAUGAGGUCCCGGGUUCG,1,positive,train,GSE136967,URS00006FC298_9606,46
P082811,GGCUUGACUUAACUGCUUCCC,1,positive,train,GSE279647,URS00021ED9AF_9606,551
P074399,UGUAGUGUGCUGAUGUGCUGU,1,positive,train,GSE308686,URS00005160A3_9606,65
P073677,UGUCCUCUAAGAAGUUCUGAG,1,positive,train,GSE308686,URS0000313FF1_9606,60
P060575,CCGCCCCAGUCUGAUCAAUGU,1,positive,train,GSE136967,URS0000130A5F_9606,31
N020646,NGUCUACAGCCAUACCACUCU,0,negative,train,GSE279647,URS00006FD937_9606,10
P070471,CUGAAGUGGGUUGCACAGUGN,1,positive,train,GSE308686,URS0000647500_9606,127
N003948,AUAGACAGUCACACACAUUAA,0,negative,train,GSE136967,URS00006B01A6_9606,59
P069145,GAGGGGCAAGUUUUCGCUAAC,1,positive,train,GSE308686,URS00001696A6_9606,87
P065712,UCUGUGAGCAAGAGAAACAGG,1,positive,train,GSE308686,URS00003B6A48_9606,56
P070487,CUUCUCUGUGGGCCUCUCAUA,1,positive,train,GSE308686,URS00003D5684_9606,34
P060709,GUAUCAUGCAAGAUUCCCAUU,1,positive,train,GSE136967,URS0000502C74_9606,28
P076207,NNNGCCCCGGUGGCCUAAUGG,1,positive,train,GSE308686,URS000005A7A9_9606,8
N005582,GAUUUCAACUUAACUUGACCG,0,negative,train,GSE279647,URS0000059DA7_9606,54
P064439,GCGUCAUCCGUCAGCUCCCUC,1,positive,train,GSE308686,URS00026A2211_9606,196
P072640,CUGCGUCUGAGGNNNNNNNNN,1,positive,train,GSE308686,URS00000335D1_9606,65
P067063,UGGUGCUAUGUUUUCCUGAGG,1,positive,train,GSE308686,URS00003818BD_9606,114
N055452,AUAACUAUACAAUCUACUGUC,0,negative,train,GSE308686,URS00005EB5B7_9606,63
P077287,UGGAUUUAGCAGUAAACUAAG,1,positive,train,GSE279647,URS000044DFF6_9606,783
P079243,AGGCUUAUUCAUUGUACUCCG,1,positive,train,GSE279647,URS000012964C_9606,66
N010395,CAGCAACCUCGGUUCGAAUCC,0,negative,train,GSE279647,URS000044BAE3_9606,51
P060146,GAGUUCGAGCCUCAGAGAGGG,1,positive,train,GSE136967,URS00006E998F_9606,61
N019262,AUCGGAGAGGACGUUAUGAAG,0,negative,train,GSE279647,URS00006D5E8B_9606,24
N018440,GCCAAGCCUACAGUAGAGGGC,0,negative,train,GSE279647,URS00006C4777_9606,59
P070791,NNNNGACUGGCAAGGAUGAUA,1,positive,train,GSE308686,URS000075AA41_9606,7
N015940,GCUGUGCUUCCCCGAGAGUGU,0,negative,train,GSE279647,URS000067C18D_9606,143
P071038,UCUCAUCGGAACUGAGGUCCA,1,positive,train,GSE308686,URS000075E4E2_9606,87
P073316,CAGCAGUUCACCUAGUGAGUG,1,positive,train,GSE308686,URS0000434604_9606,39
P060613,ACUGAUGAGUACGUUCUGACU,1,positive,train,GSE136967,URS000075A693_9606,19
P072332,UGUCAUCUUACUACUGAGAAG,1,positive,train,GSE308686,URS000041615F_9606,61
P069644,GUGAUCGUGGGCUGCCUUUGC,1,positive,train,GSE308686,URS000045555D_9606,24
P078602,CUGAACACACAAUAGCUAAGA,1,positive,train,GSE279647,URS000044DFF6_9606,406
N004533,UCUUCGUUGAACUGAGGUCCN,0,negative,train,GSE136967,URS00004219CE_9606,83
P068394,CAUCUGUGGCCUGCCAGGUUU,1,positive,train,GSE308686,URS00003E7565_9606,36
P080598,UCUGCCCCAUGAUGUACAGUC,1,positive,train,GSE279647,URS00006422E6_9606,80
P071333,AAUAGAUUUUAUUACUAAAUG,1,positive,train,GSE308686,URS000075CB76_9606,52
P075022,AUUAGCUCAAAUGGUAGAGCG,1,positive,train,GSE308686,URS000052A1C9_9606,16
P072561,AACCUUGAAGUGCGAAUCCAU,1,positive,train,GSE308686,URS000061A537_9606,41
P059656,GAGAUGAUUGGGUANNNNNNN,1,positive,train,GSE136967,URS000042B108_9606,21
N005181,NNNNNNNNNGUAAAUAUAGUU,0,negative,train,GSE279647,URS000000EB00_9606,2
P082397,UAGAAGCCGGCGUAAAGAGUG,1,positive,train,GSE279647,URS000044DFF6_9606,288
P070200,CCAGCUUCGGAAAGGGAGGGA,1,positive,train,GSE308686,URS00003852FE_9606,51
N002063,UGUAGUCUUGGAGCCGCACAG,0,negative,train,GSE136967,URS000026BDF0_9606,15
P073089,NNNNNNNNNUAAUCAAUGAUG,1,positive,train,GSE308686,URS000075DF75_9606,2
P066797,CACUGUAAAUUGAGAUGAAGU,1,positive,train,GSE308686,URS00005682D3_9606,86
P067796,AACUUUGAGGCCAGCUUGCUU,1,positive,train,GSE308686,URS00000B589B_9606,89
P078798,AGAGGCCCUCGGGCCUGACAA,1,positive,train,GSE279647,URS00006C0FA0_9606,60
N025437,UUCUCCAUUGUACUCUGGAUG,0,negative,train,GSE279647,URS0002328007_9606,69
N000701,CGCUAACACCAGUAGAGCUUG,0,negative,train,GSE136967,URS0000714944_9606,101
P071033,UGAGAACUCAUACCGUCGUUC,1,positive,train,GSE308686,URS000075E4E2_9606,68
N004762,AGUUACAGAUCGAACUCCUUG,0,negative,train,GSE136967,URS0000103047_9606,57
P069421,CUUAUUUCCUCUGCCUUCCUU,1,positive,train,GSE308686,URS00004C8BD1_9606,113
P059843,UGGAAACGCCUCAUAGAGUAA,1,positive,train,GSE136967,URS0000202A89_9606,57
N013609,CUAAAAUAAUUAGAACGAUAC,0,negative,train,GSE279647,URS000064432D_9606,36
P073100,NNNNNNNNGUUGCAUGAUGAA,1,positive,train,GSE308686,URS000004E6C0_9606,3
P060236,UCUAACUUUUCUAAGCCAGUU,1,positive,train,GSE136967,URS0000643FAE_9606,63
N004700,CUGCUUGUGAGCAGGGUCCAC,0,negative,train,GSE136967,URS0000233054_9606,29
P060936,CACCUCAGACUUUUUAAACUA,1,positive,train,GSE136967,URS000071EA53_9606,78
N025737,NNNNNACCGUGCCAGGCUCGC,0,negative,train,GSE279647,URS0002A2133F_9606,6
P082287,CCCUCCUGUCUGUGGCGGUGG,1,positive,train,GSE279647,URS000075EE28_9606,57
P075857,GCCGAGUGGUUAAGGCGUUGG,1,positive,train,GSE308686,URS00006F940C_9606,20
P076027,UGUGGCGCAAUGGGUUAGCGC,1,positive,train,GSE308686,URS00005A1E0D_9606,16
P062229,UGUUGAUCUCUACACUAUUGG,1,positive,train,GSE136967,URS00006B5455_9606,57
P065408,AUUUUUCUGCUCCCCUGUGCU,1,positive,train,GSE308686,URS00001B2620_9606,23
P080342,ACCACUUUUUCCCAUAGGGCG,1,positive,train,GSE279647,URS000061A549_9606,272
N016473,NNACCCAGAUAGCUCAGUCAG,0,negative,train,GSE279647,URS000068C2BC_9606,9
P063512,GAUUGCUUGAAGCAAUGUGAA,1,positive,train,GSE136967,URS0000446770_9606,35
P073794,AUGUAUUUGUCAACACAUCAC,1,positive,train,GSE308686,URS0000ABD834_9606,21
P059322,GUCAGAAAGGUCACGUCCUGC,1,positive,train,GSE136967,URS000043549A_9606,34
P077917,CUGGUCCGGCGAGCGCACGUC,1,positive,train,GSE279647,URS0000EF1BAE_9606,72
P058321,CAGAUCAAGAAGUCCCCGGUU,1,positive,train,GSE136967,URS0000646601_9606,44
N031165,UUCCAAUAGAUCCUUCUGACC,0,negative,train,GSE308686,URS00004D7B5D_9606,25
P064921,NNNNNNNGUCUACGGCCAUAC,1,positive,train,GSE308686,URS000075B93F_9606,4
N025586,ACUCUUGGCCUGGGCAACAUG,0,negative,train,GSE279647,URS00027E42EB_9606,46
N003608,UUAUUGGGAACAGUUNNNNNN,0,negative,train,GSE136967,URS00004AEC70_9606,117
N017540,CAUAGAUGGUUUUCCCAUGGC,0,negative,train,GSE279647,URS00006AF994_9606,43
N021482,CUGCCCAAGGAUGACACACAA,0,negative,train,GSE279647,URS000071A9AA_9606,75
N002407,NNNNNNNNNNGUGCAUAUGAU,0,negative,train,GSE136967,URS000020C605_9606,1
N022447,UGUAGCUGUCUAGUGACAGAG,0,negative,train,GSE279647,URS000073556F_9606,53
N003878,AUUCUGACUUGCACAAGUAAC,0,negative,train,GSE136967,URS000029D639_9606,117
P058366,AAUGGGCCUGUGGCUAAUGAC,1,positive,train,GSE136967,URS0000634EB5_9606,29
N008238,AAAAAUUUUGGUGCAACUCCA,0,negative,train,GSE279647,URS0000245BF4_9606,52
P065852,GGGUGUGAUGGUGCAUGAUCU,1,positive,train,GSE308686,URS000075D68F_9606,247
P062668,GAGGCCUAAAGGACUGUCUUC,1,positive,train,GSE136967,URS0000552BBC_9606,62
P061370,UGUGUAAUCAGGACUUGCAAC,1,positive,train,GSE136967,URS00006B483D_9606,102
N029843,GACUGCCACUGAGGACACGGU,0,negative,train,GSE308686,URS000075DD61_9606,44
P076120,UGCUUAGCUGUUAACUAAGUG,1,positive,train,GSE308686,URS00004206E2_9606,35
P070612,UUGCUAGAACAGUUUUGAAAC,1,positive,train,GSE308686,URS000033FC0E_9606,66
N004216,ACCAUCCUCUGCUANNNNNNN,0,negative,train,GSE136967,URS000030BAD5_9606,69
P061194,AUCCCCUGAGUGCAAUCACUG,1,positive,train,GSE136967,URS000062ED01_9606,43
P061612,AAUCAUGAAGAGAUGUACUAU,1,positive,train,GSE136967,URS000082A21B_9606,45
P067646,CCCUGCUCUGUUAAUUAAACU,1,positive,train,GSE308686,URS000068A4EE_9606,44
P060363,AAGGCGAUGGACUGCUAAUCC,1,positive,train,GSE136967,URS00002034DC_9606,31
P074223,NNNNNNNNNGUGUAAUGAUGU,1,positive,train,GSE308686,URS00006CFC33_9606,2
P064305,UGAGGUAGUAGGUUGUGUGGU,1,positive,train,GSE308686,URS000075A6A4_9606,16
P059182,AACUCGCAAGUGUAGGUAGUG,1,positive,train,GSE136967,URS0000716F59_9606,58
N016172,GUUUUUUGAGCAGGGGGAUGG,0,negative,train,GSE279647,URS000068350A_9606,107
P060772,AAUAAAUGUCUGAACAUAUGA,1,positive,train,GSE136967,URS000071E913_9606,33
P082409,UAGUGUUGUCUCUGGACACAU,1,positive,train,GSE279647,URS0000818C5D_9606,144
P059811,UGGUAGGGACAUCUGAGAGUA,1,positive,train,GSE136967,URS0000830239_9606,33
P068387,CUGCCGGUCCAUCUGUGGCCU,1,positive,train,GSE308686,URS00003E7565_9606,27
N024466,NAUAUAAUACAACCUGCUAAG,0,negative,train,GSE279647,URS0000D5040F_9606,10
N007095,NNNNNGGGCUUUCAAGUCACU,0,negative,train,GSE279647,URS0000184017_9606,6
P076193,NNNNNNNNGGCCCCAUGGUGU,1,positive,train,GSE308686,URS00002901EC_9606,3
P075845,NNNACCAGGAUGGCCGAGUGG,1,positive,train,GSE308686,URS000064E10F_9606,8
N025812,NNUCCAUUGGUCUUAGGCCCC,0,negative,train,GSE279647,URS0002CC038A_9606,9
P076278,AGGCGUUGGACUCGAAAUCCA,1,positive,train,GSE308686,URS00001C3F54_9606,32
P065626,CUAGCAGCAGUUUGAUGAUCA,1,positive,train,GSE308686,URS000015F227_9606,156
P067563,AUUGAAGUCGUUAAGGUCCCU,1,positive,train,GSE308686,URS00005A3020_9606,104
P059208,UCAAAUCUCGGUGGGACCUNN,1,positive,train,GSE136967,URS000035EE7E_9606,64
P069562,CAGCAGCUUCCUUGGUAGUGU,1,positive,train,GSE308686,URS00000D55EA_9606,75
N013525,UUGGGUUUGUUCUAGGUAUGG,0,negative,train,GSE279647,URS0000642F53_9606,25
N021799,NNNNNNNAUGUCUUCUCAGCC,0,negative,train,GSE279647,URS0000722A63_9606,4
P062769,CACACGUAGGGCAACUCGAUU,1,positive,train,GSE136967,URS000000A142_9606,35
P067934,UUUUGCAACCCAGAACUCAUU,1,positive,train,GSE308686,URS00002587B6_9606,78
N026499,UAGUACUUGGAGGGGACUUUG,0,negative,train,GSE279647,URS00032E0C50_9606,80
N043584,UGAGGGAAAUAAUCUAUUCUG,0,negative,train,GSE308686,URS00002EC433_9606,55
P065276,CCUGUUAAAGGUCUGUAAUCU,1,positive,train,GSE308686,URS0000569A4A_9606,74
N024427,UCUCAGGGUCAUGGGUUCGUG,0,negative,train,GSE279647,URS0000C8E9E8_9606,47
P061658,UCACUGCUGUUCACAUAAUGA,1,positive,train,GSE136967,URS0000A76DCB_9606,36
P063085,NNNNGGCUGGUCCGAAGGUAG,1,positive,train,GSE136967,URS0000103047_9606,7
P076663,AGCGCGUCUGACUCCAGAUCA,1,positive,train,GSE308686,URS00001618FC_9606,30
N000740,GCCCCUCCCGGGGACCUGCGG,0,negative,train,GSE136967,URS00004416C5_9606,207
N016735,CUCUCCAUUCCCACUGCUUCA,0,negative,train,GSE279647,URS00006921F1_9606,75
P072218,GCUAUGGGCGACACCAUGGCU,1,positive,train,GSE308686,URS00006D051B_9606,54
N000260,AGCGAGGCCCCUUAGGCGGCG,0,negative,train,GSE136967,URS000023DE4C_9606,281
P057672,CUGAGCGUGAAGCCGGCUUUC,1,positive,train,GSE136967,URS0000650B1E_9606,114
P058302,UAUUCGAAAGUGAUCGUGGGC,1,positive,train,GSE136967,URS0000A8E179_9606,39
P058010,CCAAAUGAAAUAUAAUGAUAU,1,positive,train,GSE136967,URS0000507EBE_9606,33
N004811,AUGAGGCCCCGGGUUCGAUCC,0,negative,train,GSE136967,URS000061F57C_9606,50
P068972,GGCUCAUGAACUUCUGAGUGU,1,positive,train,GSE308686,URS00004C6257_9606,47
N016791,GUGGUCUCAGCCCACUCCACC,0,negative,train,GSE279647,URS0000696CDC_9606,30
N001455,CCUGCUCGCUGCGNNNNNNNN,0,negative,train,GSE136967,URS0000092302_9606,80
P074493,CAUAUGAUGUUUUCUUUUCGA,1,positive,train,GSE308686,URS00002B7232_9606,13
P064012,UGGCUACUGGGUCUCUGAUGG,1,positive,train,GSE308686,URS000075C381_9606,88
P063481,CCAGAGCUCUUAACGCUGUGA,1,positive,train,GSE136967,URS00003818BD_9606,47
P076728,AGGUCGCUGGUUCGAAUCCGG,1,positive,train,GSE308686,URS000074FC25_9606,54
P082501,ACUGAGUUCCUUUCCUCAUGG,1,positive,train,GSE279647,URS00000D55EA_9606,29
N049574,AUGUAAUGGUCAAUUCAUUAG,0,negative,train,GSE308686,URS0000599BEA_9606,115
N017757,AUCUGAAUCAAAUAUUCUGAU,0,negative,train,GSE279647,URS00006B57E0_9606,38
P063205,ACUCUAAUCUGAUUUUAUGUG,1,positive,train,GSE136967,URS0000708227_9606,26
P074208,AUCUGUCUGAUGUAUCUNNNN,1,positive,train,GSE308686,URS000082A21B_9606,64
N017845,CAAGAGUGACAUGCAAAUUCG,0,negative,train,GSE279647,URS00006B7D2F_9606,78
N005028,NNAGAGAAUAGUUUAAAUUAG,0,negative,train,GSE279647,URS0000003B66_9606,9
N015840,AGGGUCGUGGGUUUGAGCCCC,0,negative,train,GSE279647,URS0000679FAF_9606,53
N040671,GGGGCCAUCUGACUCACANNN,0,negative,train,GSE308686,URS00006A5FBC_9606,104
P063121,UGAUAAACUGGAUCUGACUGA,1,positive,train,GSE136967,URS00006292A1_9606,27
N009257,NNNNNUAAAUAUAGUUUAACC,0,negative,train,GSE279647,URS00003361F9_9606,6
N020979,CCGUGGAGCAAUUGGUUAGCG,0,negative,train,GSE279647,URS00007082D4_9606,15
P058807,UCCUAAUGCACGACAGACCCG,1,positive,train,GSE136967,URS0000034D55_9606,85
P071209,UUUUGUCUGAUGCAUUGGCNN,1,positive,train,GSE308686,URS00006B5455_9606,82
N013981,UGGGGUAUCUGAAACAGGAUU,0,negative,train,GSE279647,URS000064C51A_9606,31
N009377,UUUAGUAUAAACAGUACCGUU,0,negative,train,GSE279647,URS0000379177_9606,16
P079315,AGCUCUUAGUAAGAUUACACA,1,positive,train,GSE279647,URS000044DFF6_9606,38
P068371,GCGGGCGGCCUUUUUAACCGC,1,positive,train,GSE308686,URS0000726F61_9606,112
P065281,NNNNNGCCACAUGAUGAUAUC,1,positive,train,GSE308686,URS0000569A4A_9606,6
N052843,UUUGAUAGUCUCACACUCNNN,0,negative,train,GSE308686,URS000008230A_9606,126
N011074,UAUAUAUCUUANNNNNNNNNN,0,negative,train,GSE279647,URS00004DE567_9606,69
N029001,GCUGUGAUGGCCGAGUGGUUA,0,negative,train,GSE308686,URS0000530C88_9606,11
P058133,GUUUUCACCCAGGUGGCCCGG,1,positive,train,GSE136967,URS0000639DBE_9606,41
P059132,GAUGUGCCACCCUUGAACCUU,1,positive,train,GSE136967,URS000064F355_9606,63
N006355,NNNNNNGGUAAAAUGGCUGAG,0,negative,train,GSE279647,URS00000F3F5E_9606,5
P067252,UUGUGGUCUGUUGGCUAUUCA,1,positive,train,GSE308686,URS00002E5E66_9606,83
N000424,GGUGGUUCGAUCCCACCCAGG,0,negative,train,GSE136967,URS00006D0B93_9606,60
N016816,UAGUAUGGUGGUGAGUAUCCC,0,negative,train,GSE279647,URS0000697465_9606,18
P068409,NNUGGUCCAUCCUAAUCCCUG,1,positive,train,GSE308686,URS00003E7565_9606,9
N056047,GUGGGAAAGAAACUGUUAACA,0,negative,train,GSE308686,URS0000488BFE_9606,66
P064591,NNNNNNNNNGGAUGUGAGGGC,1,positive,train,GSE308686,URS0000734D8F_9606,2
N055954,CGGCCCAGAUUGAAUUGGGGA,0,negative,train,GSE308686,URS000019135F_9606,112
P080758,NNNNNNNNNCUUGGCCCUUAU,1,positive,train,GSE279647,URS00006D2F8D_9606,2
N035378,CAGCGGUAGAGCGCGUGCUUA,0,negative,train,GSE308686,URS000071E903_9606,23
P058822,NNUGGUCAUUACCAAGGCUUU,1,positive,train,GSE136967,URS00004AEC70_9606,9
P057794,CGAUUCGGGGUGACGCCCGAA,1,positive,train,GSE136967,URS00006ECA78_9606,41
P061214,AAGGUGUUGGCAACUACCUUC,1,positive,train,GSE136967,URS000081501D_9606,58
N005483,UCUUGUAAACCGGAGAUGAAA,0,negative,train,GSE279647,URS000004601F_9606,40
N003223,AAUCCCGGACGAGCCCNNNNN,0,negative,train,GSE136967,URS00002D40C8_9606,67
P074177,UCUUAACUGAGGCNNNNNNNN,1,positive,train,GSE308686,URS0000361A8E_9606,79
N022255,GCUCAUACACUACAACUGGAA,0,negative,train,GSE279647,URS000072C639_9606,26
P058687,UGUUCUGAUUUUGUAAUAGUC,1,positive,train,GSE136967,URS00002C6D40_9606,27
P061761,AUCCCACUUCUGACANNNNNN,1,positive,train,GSE136967,URS00000FB60D_9606,79
P076331,UCUGCACGCGUGGGUUCGAAU,1,positive,train,GSE308686,URS00002034DC_9606,59
P065141,UUGGAACAGACUCACGGCCAG,1,positive,train,GSE308686,URS000013F331_9606,251
N035980,ACUUCUAAUUCAAAGGUUGUG,0,negative,train,GSE308686,URS0000225EE1_9606,41
N045422,CCGUCCCGGGGCUGCGCGAGG,0,negative,train,GSE308686,URS000075B0DE_9606,48
P074043,NNNNNNNNUGUUGUCAAUGAU,1,positive,train,GSE308686,URS0000ABD8C9_9606,3
P070059,CUUCAUCCGGUUGCCUGCGCC,1,positive,train,GSE308686,URS000000D517_9606,87
P061338,GUGCAAUCCAGUGGUGAGCUG,1,positive,train,GSE136967,URS000063C47F_9606,46
P058840,CGCCCGAAUCGGACAGUGUAG,1,positive,train,GSE136967,URS000054DD16_9606,51
N013411,NNNNNNNNGCACUCACUUCAG,0,negative,train,GSE279647,URS000063F5A3_9606,3
N006725,NNNNNAAGCCCCGGCAGGUUU,0,negative,train,GSE279647,URS000013A388_9606,6
N020749,UUGUGUGAUCUCAGAAACUAA,0,negative,train,GSE279647,URS0000700638_9606,45
P074001,CCUGGUAUUGCCAUUGCUUCA,1,positive,train,GSE308686,URS00005D7632_9606,39
P060504,AUGGCAGGAGGGUGGAUUGUU,1,positive,train,GSE136967,URS0000A8C404_9606,101
N014932,UGGAGGUGUCUGAAUCAACAC,0,negative,train,GSE279647,URS0000661285_9606,32
N015418,AUCACAAACAGUUACAGAUUC,0,negative,train,GSE279647,URS00006729E8_9606,47
N002116,UUUAAAUCUGAACAAAAUGAG,0,negative,train,GSE136967,URS00006B25F2_9606,41
N019483,NNAAGUGUUAGAGCUCUUUUA,0,negative,train,GSE279647,URS00006DB8DF_9606,9
N004227,ACUGUUGCCACGGUGAUAAUG,0,negative,train,GSE136967,URS000026BDF0_9606,157
P060257,UGCUGAGAAAGCCACUUGGUA,1,positive,train,GSE136967,URS00006561BE_9606,61
P075647,GUUAGCUCAGUCGGCUAGAGC,1,positive,train,GSE308686,URS0000692D68_9606,16
P066277,AGAAUAAUUUGGAGGUUGCCA,1,positive,train,GSE308686,URS0000ABD812_9606,73
P058482,CCAAAGUGUUGAGUUCAGUCC,1,positive,train,GSE136967,URS000061AA47_9606,13
N003267,GAGUAUCCCCGCCUGUCACGC,0,negative,train,GSE136967,URS00006174C2_9606,30
P063857,UUCUAAGGUGCAUCUAGUGCA,1,positive,train,GSE308686,URS00003B0CDB_9606,13
N023139,NNNNNNNNNNGAACUUAAGAA,0,negative,train,GSE279647,URS000075BC03_9606,1
P067928,AGACUUACAGAUAGGUGCAAA,1,positive,train,GSE308686,URS00002587B6_9606,45
P063816,GCUGUCGGUGGGUUGAACUGU,1,positive,train,GSE308686,URS0000530EBF_9606,56
N005006,AAAGAGUUACUUUGAUAGAGU,0,negative,train,GSE279647,URS00000012EC_9606,27
P074054,GCUGACACUCAAACUGCUGAC,1,positive,train,GSE308686,URS00006A38AA_9606,68
N023922,AAUAAAAUCAAAUCACCAUCU,0,negative,train,GSE279647,URS0000A77ED7_9606,25
P060985,CGGGACUGACCUGAAAUGAAG,1,positive,train,GSE136967,URS0000651282_9606,36
N023157,UGGCUGCACUCAACAUUCAUU,0,negative,train,GSE279647,URS000075BF74_9606,15
P064220,UGUGUUUCUGUAUGGUAUUGC,1,positive,train,GSE308686,URS00002B6637_9606,43
N025322,CUCUUUUUACCAGCUCCGAGG,0,negative,train,GSE279647,URS0002311975_9606,103
P061018,AGUGUGAGUGGACGCGUGAGU,1,positive,train,GSE136967,URS0000EB4911_9606,130
N017589,ACAGGGUCUGUAUAGUUAUCA,0,negative,train,GSE279647,URS00006B01A6_9606,98
N017930,GCCUGAAAAUGCCCUGCAGUC,0,negative,train,GSE279647,URS00006BA413_9606,105
N056382,ACCAUUGCCCAGUCCCCUUAC,0,negative,train,GSE308686,URS00003D5684_9606,88
N013683,CGCCCGAUCUCCUCUGAUCUU,0,negative,train,GSE279647,URS00006464AF_9606,36
N022978,UUCGCUUUAUUUAUGGCGCAC,0,negative,train,GSE279647,URS000075AB81_9606,43
N017770,UAUACCCUGUCUGUAUCUCUG,0,negative,train,GSE279647,URS00006B57E0_9606,59
P057776,UAAACUUAUGAGUAAGGAAAA,1,positive,train,GSE136967,URS00006ECA78_9606,17
N012344,UGUAUGGGAGAGUACCUGGGA,0,negative,train,GSE279647,URS0000624BAB_9606,89
P072999,NNGGUGCAGAUGAUGACACUG,1,positive,train,GSE308686,URS000046CCFB_9606,9
P071719,UAGUUUCCACCAGAAAGUCUU,1,positive,train,GSE308686,URS000071EB91_9606,42
N023554,NNNNNNNNAAUACAACGAUGG,0,negative,train,GSE279647,URS00007E8E68_9606,3
N020761,CCUGGUAAUACUGGGUACUGU,0,negative,train,GSE279647,URS0000700638_9606,104
P069521,GCCUUUGGGGGGCUGUGGCCG,1,positive,train,GSE308686,URS00005357F7_9606,89
P065278,UGAGCUACCUCUUUUUAAUAG,1,positive,train,GSE308686,URS0000569A4A_9606,162
N039144,CUUGUCCCCGGCCACUGAUUA,0,negative,train,GSE308686,URS000023DE4C_9606,390
N014255,AUGGCUGGUCUCAUCUGAUCU,0,negative,train,GSE279647,URS000065217D_9606,35
P063727,UACGAGAGUGAGUAGCAGGUC,1,positive,train,GSE308686,URS000046FA49_9606,41
P072241,NNNNNUGCAGAUGAUGUAAAA,1,positive,train,GSE308686,URS000052FCE0_9606,6
N022499,UAGUGGUUAUCACGUUUGCCU,0,negative,train,GSE279647,URS000073A2F5_9606,23
P063534,ACGGUGCACCCCCUNNNNNNN,1,positive,train,GSE308686,URS00006A3E7F_9606,188
P070751,AAGUUCGGUAAUGAGAAUCUU,1,positive,train,GSE308686,URS000075CFA2_9606,51
P072854,GUUACACUGACUNNNNNNNNN,1,positive,train,GSE308686,URS0000010A7C_9606,97
P070479,UGUACCCAUGCCAUAGCAAAU,1,positive,train,GSE308686,URS00003D5684_9606,56
N017869,GGCUGAUCUGAAGGUAGUGAG,0,negative,train,GSE279647,URS00006B8A08_9606,11
P075486,UGGUGGUUUAGUGGUAGAAUU,1,positive,train,GSE308686,URS00006B479B_9606,15
P082368,AGCUCAGCGGUUGGAGCGCUG,1,positive,train,GSE279647,URS000066989E_9606,19
P071497,NNNNNNNGUGCAUGUGAUGAA,1,positive,train,GSE308686,URS000062539F_9606,4
N019575,CUAAUUGAUCAAAACUAGUUA,0,negative,train,GSE279647,URS00006DE359_9606,39
N026980,GACAUGAGAUCCAACUCUGAG,0,negative,train,GSE308686,URS00008E3A6E_9606,54
P069223,GUUGUCGUUCCCCCUGCUUAA,1,positive,train,GSE308686,URS00004B4AC7_9606,51
N083457,AUGAAAAGGUUUUACUACUGA,0,negative,train,GSE136967,URS00006CFD5E_9606,19
P063518,ACACGUGUAAUCCCAGCACUU,1,positive,train,GSE308686,URS00006CEBFE_9606,155
P060199,CGUGUUCAAAUCACGUCGGGG,1,positive,train,GSE136967,URS0000222FD2_9606,59
P060505,CCCAGGGAGCUGUCAGAGAAG,1,positive,train,GSE136967,URS0000A8C404_9606,47
P082063,CCGGCGGCGGUGAGGCCCCGC,1,positive,train,GSE279647,URS000075A546_9606,92
P061395,AUGAAAUCACUAAUAGGAAGU,1,positive,train,GSE136967,URS00003B08B2_9606,18
N021589,UCAUGAAGGUAGUUUUCCCAG,0,negative,train,GSE279647,URS000071CE2E_9606,43
N014892,GGCCUUGGAAGCUAAGCAAGA,0,negative,train,GSE279647,URS0000661164_9606,51
N056292,UUCUGGUGGCGUCUGGCACUG,0,negative,train,GSE308686,URS000000D517_9606,112
P068496,CUUGUUUCUUGUGGUUCCAGU,1,positive,train,GSE308686,URS000075B5A7_9606,73
N048815,GGCGGCCCGGGGGGCGGGCGG,0,negative,train,GSE308686,URS000075B0DE_9606,21
P078821,CGGGUUUCUCUUCAAAGCGCA,1,positive,train,GSE279647,URS00006F88C8_9606,16
P071272,GAAGGGAUGAUGUUCCAGUUG,1,positive,train,GSE308686,URS000062A15C_9606,21
N002345,CCACCAGAGUCGNNNNNNNNN,0,negative,train,GSE136967,URS0000738059_9606,72
P064455,CCAAGAAGCGUAUCCCGCUGA,1,positive,train,GSE308686,URS00026A2211_9606,159
P064996,AGGCCUUGCGUUUUUUAGCAG,1,positive,train,GSE308686,URS000075DD00_9606,104
N010641,UAACCUAAAUUUCUNNNNNNN,0,negative,train,GSE279647,URS000047C095_9606,65
P059377,CCAAAGUGAAGACAUGAGAUC,1,positive,train,GSE136967,URS0000AA2284_9606,49
P074654,GUCUGAGGGGCCCCAGNNNNN,1,positive,train,GSE308686,URS000075A57C_9606,92
P076384,GCAGGUUCGAAUCCUGUCGGC,1,positive,train,GSE308686,URS000024B38F_9606,68
P069222,UAGCUGCUAAGUGCUGUGUUG,1,positive,train,GSE308686,URS00004B4AC7_9606,34
P059576,NNNUGGAGGUGAUGAACUGUC,1,positive,train,GSE136967,URS0000406CED_9606,8
P066149,UUCGAGGGCACGAGUUCGAGG,1,positive,train,GSE308686,URS0000268556_9606,71
N046284,CUCUUUUAAAAACAAGGUACA,0,negative,train,GSE308686,URS0000013F57_9606,123
P058303,CCGGGUGCCCCCUNNNNNNNN,1,positive,train,GSE136967,URS0000646601_9606,70
P075502,UUCUCGCCUCCCACGUGGGAG,1,positive,train,GSE308686,URS00007131F2_9606,34
N057564,CAGGACUCGGCUCACACAUGC,0,negative,train,GSE308686,URS00004A7003_9606,441
N022305,GUUAGUACUAGGGUGGGAGAC,0,negative,train,GSE279647,URS000072D430_9606,71
P058895,AAUGAUGUCGUAAUUUGCGUC,1,positive,train,GSE136967,URS0000679E95_9606,14
N055665,CUCCAGGAACGGUGCACCCNN,0,negative,train,GSE308686,URS00003EE995_9606,180
P074210,UGAUGGUUGCAUAGUUCAGCA,1,positive,train,GSE308686,URS000082A21B_9606,19
N011719,CAGGGGUACGGACCUCAGCUG,0,negative,train,GSE279647,URS00005ACA64_9606,30
P061218,NNNNNNNUCACAAUGAUGAAU,1,positive,train,GSE136967,URS000081501D_9606,4
N024544,AGCUAAGCAGGGACGAGCCUG,0,negative,train,GSE279647,URS0000DA5E3A_9606,50
P062598,AGAGCAUGGGACUCUUAAUCC,1,positive,train,GSE136967,URS00004D9E92_9606,31
N010853,GGUGGUUGGCACUCCUGGUUU,0,negative,train,GSE279647,URS00004B92A1_9606,17
P063824,GGUCACAAUCAACAUUCAUUG,1,positive,train,GSE308686,URS0000530EBF_9606,36
P061226,AGCAGUUUGCUGAAGCUGUUG,1,positive,train,GSE136967,URS0000599BEA_9606,30
N026827,CUGAGUUCCACUUGUAAACUU,0,negative,train,GSE308686,URS000075B5A7_9606,52
N006514,NNNNNNNNNNGCUGGUUUCAU,0,negative,train,GSE279647,URS00001123BD_9606,1
P075897,AGGUCCUGAGUUCGAGCCUCA,1,positive,train,GSE308686,URS00006E998F_9606,54
N009375,UCUUUUAGUAUAAACAGUACC,0,negative,train,GSE279647,URS0000379177_9606,13
N025291,NNNNNNNNUUGGGUUCCUGGC,0,negative,train,GSE279647,URS0002311245_9606,3
P069515,CAAAGUGAAUUUGGAGGUUCC,1,positive,train,GSE308686,URS00005357F7_9606,117
P061229,UUUGCAGUCGAGAUAUUGUUU,1,positive,train,GSE136967,URS000026BDF0_9606,220
P063992,AGACUGAUGUUGACUGUUGAA,1,positive,train,GSE308686,URS00000AF93C_9606,27
N043902,CUUAUUGGAACUGAAUUUAAG,0,negative,train,GSE308686,URS0000ABD8C9_9606,29
P060512,UGGAAACCUUGGAAAUCUGAA,1,positive,train,GSE136967,URS000022BCB9_9606,34
P068772,UUUGGAGUUCCUGCCAGCUCU,1,positive,train,GSE308686,URS000075E772_9606,80
N025548,NNNNNNNGUUAAAGAUUAAGA,0,negative,train,GSE279647,URS00026A7FF7_9606,4
P075591,CGGCCAGUGCANNNNNNNNNN,1,positive,train,GSE308686,URS000009AC8B_9606,71
N015177,NNNNNNNAUUAAUGGCCAUAC,0,negative,train,GSE279647,URS0000668495_9606,4
N016342,CCACCCUGAACGCGCCGGCUC,0,negative,train,GSE279647,URS000068881D_9606,23
P067889,AAGUAACCUUUGCCAACUUGG,1,positive,train,GSE308686,URS000000AB5A_9606,45
N015375,GUGGGUUAUGAGAACUGAUUA,0,negative,train,GSE279647,URS0000670DF5_9606,27
P067729,UUUCACAGGUCCUCCCUCAGG,1,positive,train,GSE308686,URS000037D7AE_9606,18
N002360,GUUGCGUGUUCAAAUCACGUC,0,negative,train,GSE136967,URS0000222FD2_9606,55
N024146,ACGUCAUGCUGUUCUACCACA,0,negative,train,GSE279647,URS0000AACEDB_9606,37
N028607,UGAGAAAUGAUGAGGGUCAAC,0,negative,train,GSE308686,URS00008E3A6E_9606,13
N019239,NNNGCCUGCAGCCGUACCACC,0,negative,train,GSE279647,URS00006D4C60_9606,8
P079028,GGUGUAGCCCAUGAGGUGGCA,1,positive,train,GSE279647,URS000044DFF6_9606,696
N005334,UAGAGCACUGGUCUUGUAAAC,0,negative,train,GSE279647,URS0000023412_9606,30
N013510,UACACAACCCUCCACUGCUAA,0,negative,train,GSE279647,URS0000641C1B_9606,70
P058358,CAUCGCUUUUGGGUGAAGUGG,1,positive,train,GSE136967,URS0000634EB5_9606,83
P064644,CAAGCUCUCAAGGUCCAUUUG,1,positive,train,GSE308686,URS0000734D8F_9606,239
P073982,NNAUGCGAUGAUGAGUGAAGU,1,positive,train,GSE308686,URS00005D7632_9606,9
N025759,GACGAACUACUUCCGGCGUCC,0,negative,train,GSE279647,URS0002A398C5_9606,301
N042916,UCACGUCAUGGGCACUUCUAG,0,negative,train,GSE308686,URS00003E7565_9606,118
P065664,AAAUGUCUGCUUCUCAUUCCU,1,positive,train,GSE308686,URS00005A2612_9606,21
P073118,CGAUGCUGGUCAUGAUGUCAA,1,positive,train,GSE308686,URS0000716E7D_9606,41
N026784,UCCUUGUUGCCUUCCUUCUGA,0,negative,train,GSE308686,URS000027315D_9606,76
N019367,CUUCUGGCUAAGAUCAUGUGC,0,negative,train,GSE279647,URS00006D8741_9606,24
P069994,CUGGGGAGACAAACCAUGCAG,1,positive,train,GSE308686,URS00000DE3E2_9606,188
P075665,NNNNNNNNGCUCCAGUGGCGC,1,positive,train,GSE308686,URS00007362AD_9606,3
N012657,UUCUGUGUGGAAGACUAGUGA,0,negative,train,GSE279647,URS000062CFAD_9606,19
N021583,GGGUUCAAGUCCCUGUCCAGG,0,negative,train,GSE279647,URS000071C635_9606,61
N011495,AAAUAUUGGCGUUAAGAUUCU,0,negative,train,GSE279647,URS000056BFD0_9606,35
N022497,UCACCGCCUGCAGCUCGAGUU,0,negative,train,GSE279647,URS0000739B5B_9606,45
P068556,UUCCUUGCUGCCUCGUGCCGG,1,positive,train,GSE308686,URS000027BAE7_9606,31
N013485,UGUCCGAUCACGGACGCUAAG,0,negative,train,GSE279647,URS0000641393_9606,45
N024497,NNNNCGGCGGGGCUCGGAGCC,0,negative,train,GSE279647,URS0000D53CCC_9606,7
P081165,GUGGUGGGGGGAGCCGCGGGG,1,positive,train,GSE279647,URS000075A546_9606,27
P062678,GCUGUUGGUUUCAAGCAGAGG,1,positive,train,GSE136967,URS0000552BBC_9606,45
N015891,CACAUCCAAAUGAGGCGCUGC,0,negative,train,GSE279647,URS000067B5FE_9606,298
N005889,NNNNNNNNAGGUAUUAGAAAA,0,negative,train,GSE279647,URS000009E806_9606,3
P066264,AGUAUGGCAGAAGGAUAUAAA,1,positive,train,GSE308686,URS0000ABD812_9606,44
P073819,UGGUGAACCUAUGGUUUUCUG,1,positive,train,GSE308686,URS00006B6C71_9606,60
P071807,CUUGUCAGUGCCAUGUUCUGU,1,positive,train,GSE308686,URS000043549A_9606,63
P079918,AAUCGAUAAACCCCGAUCAAC,1,positive,train,GSE279647,URS000044DFF6_9606,576
P073099,AUCCCGAAGCUGAUAACCUGA,1,positive,train,GSE308686,URS000075DF75_9606,29
N003959,AAGAGAAACAGGACUGGUUUG,0,negative,train,GSE136967,URS00003B6A48_9606,65
N000745,NNNNNNNNNNUUCCUCUGAUG,0,negative,train,GSE136967,URS00006A65B9_9606,1
N005453,GCUUUUGCUUUAUUUUGGUGC,0,negative,train,GSE279647,URS000003E96B_9606,104
N008111,UGGCUAAAGCGCCUGUCUCGU,0,negative,train,GSE279647,URS0000231E4E_9606,27
P058922,GAUCGAAACCAUCCUCUGCUA,1,positive,train,GSE136967,URS000030BAD5_9606,62
N016319,NNUACAUUCCAUGAUGUCCAG,0,negative,train,GSE279647,URS0000688170_9606,9
N023457,NNNNGGGUGCUAAUGGUGGAG,0,negative,train,GSE279647,URS00007C659F_9606,7
N005381,AACGAUGGUUUUUCAUAUCAU,0,negative,train,GSE279647,URS0000028D1E_9606,31
N013605,UUCAGAAGCACAUAUGCUAAA,0,negative,train,GSE279647,URS000064432D_9606,20
N007666,UCGUGAAGCGUUCCAUAUUUU,0,negative,train,GSE279647,URS00001EC8D7_9606,96
N011833,NNNNGUUCGUGCUGAAGGCCU,0,negative,train,GSE279647,URS00005B510E_9606,7
N015702,AUGAUUUUGAUUAAACCCUGU,0,negative,train,GSE279647,URS00006762EA_9606,47
P072096,CUUUUGUGAGGAGGUCUGACU,1,positive,train,GSE308686,URS0000ABD829_9606,56
N015359,GCAGGGUGGGGCCUGGUUAGU,0,negative,train,GSE279647,URS000066FED9_9606,66
N025162,UUGUGAGGACUGAGGCCAGAC,0,negative,train,GSE279647,URS000230EC5B_9606,34
N018317,UUACAGUAACUGAUCACCACC,0,negative,train,GSE279647,URS00006C2DFA_9606,34
N020124,NNGCCUAUGGCCAUACCAUCC,0,negative,train,GSE279647,URS00006EF30C_9606,9
P059002,UCCCAAUGAUGAGUUGCCAUG,1,positive,train,GSE136967,URS00000E9A93_9606,11
P059605,GUGGGGCAAAGGAAAUAUCCU,1,positive,train,GSE136967,URS00005F1DD0_9606,62
P072494,NNNNNNNNNCGUCCAUGAUGU,1,positive,train,GSE308686,URS00005B985B_9606,2
N016709,GUUUAAUAUAUGAUACAUCUU,0,negative,train,GSE279647,URS0000691F44_9606,62
P072005,GGUUGAAAUAUGAUGAGUGUA,1,positive,train,GSE308686,URS000075A742_9606,21
N004477,AGCACGUGAACGGCGGCGGCG,0,negative,train,GSE136967,URS0000EB4911_9606,511
P060148,NNNNNNNCCUUCGAUAGCUCA,1,positive,train,GSE136967,URS0000636E2A_9606,4
P066305,UUAUUUAAAAGUGUUUUCAAG,1,positive,train,GSE308686,URS0000ABD812_9606,99
P067356,GGGCCAGGAUUUGGUAGCUGG,1,positive,train,GSE308686,URS000022C1CA_9606,44
P070025,UGCCUGUGAUGGUGUUACACU,1,positive,train,GSE308686,URS0000148398_9606,45
P058879,CCGGCAGAUUGUGUAGUGGUG,1,positive,train,GSE136967,URS00006B6C71_9606,44
P060399,CGGAGUGAUCCAUCGGCUAAG,1,positive,train,GSE136967,URS00006A38AA_9606,33
N002784,AGGUUGUCCCCGUGUUUGGAG,0,negative,train,GSE136967,URS00006EC784_9606,84
N056289,UCCGGUUGCCUGCGCCACUGU,0,negative,train,GSE308686,URS000000D517_9606,92
N003036,AUUGUGGUUUCGACUCACUGA,0,negative,train,GSE136967,URS0000706C1B_9606,32
P076378,NGUAGUCGUGGCCGAGUGGUU,1,positive,train,GSE308686,URS00006D4008_9606,10
N022295,GCACCUGAUCUUGUCAGCUAC,0,negative,train,GSE279647,URS000072D430_9606,35
P065553,AAGUAAAUUCCCGGAAGAAGU,1,positive,train,GSE308686,URS000015F227_9606,94
P061080,UAGGGAGUUUUACCCUAACUU,1,positive,train,GSE136967,URS000071BC75_9606,51
P066919,UAAAAGGAAUAUUUAUCCUUU,1,positive,train,GSE308686,URS000028CE2F_9606,96
N000610,NNNNNNACUGAGGAAUGAUGA,0,negative,train,GSE136967,URS0000633321_9606,5
N022987,AUACUAUUAUCAAACGAAGGU,0,negative,train,GSE279647,URS000075AD80_9606,31
N019621,AUCACCCUGCCCGAUCUCAUC,0,negative,train,GSE279647,URS00006DFAFA_9606,23
N026261,CCUGAAAGCAUCCGAUCUUUU,0,negative,train,GSE279647,URS00031CA468_9606,28
P069042,GGGUUCACACCUGUCCCUUUC,1,positive,train,GSE308686,URS0000468B49_9606,104
P068369,CUAGAGCAUGUGCUUGCGCAU,1,positive,train,GSE308686,URS0000726F61_9606,69
N003454,NNNNNNNNNNCGAUGUUAUGA,0,negative,train,GSE136967,URS0000691595_9606,1
N015669,UACUUGCAUAGAAGGAGCUCU,0,negative,train,GSE279647,URS0000676164_9606,86
N017950,AAUACCUGGUGCUGUAGGCUN,0,negative,train,GSE279647,URS00006BA75E_9606,100
N016662,UAAAGAUUUCUGUGGAGAAUC,0,negative,train,GSE279647,URS0000690E95_9606,56
N004374,UCUGAAAUCUGAUUUUCNNNN,0,negative,train,GSE136967,URS00004E0FA9_9606,64
P074805,NNNNNNNNNNUGGCCAAGGAU,1,positive,train,GSE308686,URS0000708227_9606,1
P058334,UGACAACUCGGUAAUGCUGCA,1,positive,train,GSE136967,URS00003941F3_9606,20
N009098,CUUGCGACCCGGGUUCGAUUC,0,negative,train,GSE279647,URS0000305D7E_9606,49
P064844,GGAGGGGUGAACCGGCCCAGG,1,positive,train,GSE308686,URS00003ACFC1_9606,184
N017895,UCAUAUGUGAUGAAUACGUGU,0,negative,train,GSE279647,URS00006B8E06_9606,43
P079653,NNNNNNNNNNCUCCAUGUAUC,1,positive,train,GSE279647,URS000020E7DF_9606,1
N012975,NNNNNNNNNNGUCUAAGGGCA,0,negative,train,GSE279647,URS00006359EA_9606,1
P073634,NNNNNNNNNNAGUCUGUGAUG,1,positive,train,GSE308686,URS000053336F_9606,1
N009806,GCACAGGUACUAAAAUUGGAA,0,negative,train,GSE279647,URS00003B7767_9606,26
N005777,AGUAAAUAAUAGGAGCUUAAA,0,negative,train,GSE279647,URS000008D191_9606,27
P072003,AAUAUGAUGAGUGUACAAAAU,1,positive,train,GSE308686,URS000075A742_9606,27
N017857,UGUGUGUUACCUAGAAAUAGC,0,negative,train,GSE279647,URS00006B86A6_9606,32
N010319,CCGGUUCAAAUCCGGUUACUC,0,negative,train,GSE279647,URS00004378E7_9606,59
N023574,NNNNNUUUUCAUAUCAUUGGU,0,negative,train,GSE279647,URS00007EC19C_9606,6
P063050,AGAUCGAACUCCUUGUUCUAC,1,positive,train,GSE136967,URS0000103047_9606,63
P067653,AAGUGUUAAGUUCAGUUCAGG,1,positive,train,GSE308686,URS000068A4EE_9606,16
P064526,CCAACCACACGGGGCUCAUUC,1,positive,train,GSE308686,URS00026A2211_9606,246
P058996,GAGUUGCCAUGCUAAUACUGA,1,positive,train,GSE136967,URS00000E9A93_9606,21
P075362,GGAUUCGGCGCUCUCACCGCC,1,positive,train,GSE308686,URS0000635088_9606,32
N025434,UUGGAAAUGUAAUGGUCAAUU,0,negative,train,GSE279647,URS0002327C43_9606,109
P058564,NNNNNNNUUCCAAAGUGUUAA,1,positive,train,GSE136967,URS000068A4EE_9606,4
N022188,GUCUCAUCCAUUGCCCUCCGG,0,negative,train,GSE279647,URS000072B4B1_9606,66
N004696,GUGGUCCUGACCUGUCCUCUG,0,negative,train,GSE136967,URS00003B6A48_9606,39
P072331,NACUCCAUGAUGAACACAAAA,1,positive,train,GSE308686,URS000041615F_9606,10
P061049,AUGAAGUAAAGCUCAACGUGA,1,positive,train,GSE136967,URS00006A82CA_9606,43
P076101,UCGCAUAAAACUUAAAACUUU,1,positive,train,GSE308686,URS000061A10B_9606,34
P062826,AGGCGGGUGCUUUUUCUGUCU,1,positive,train,GSE136967,URS00006FB8B0_9606,42
P059614,CAAACUGGGUGUUUGUCUGUA,1,positive,train,GSE136967,URS00005F1DD0_9606,96
N010689,GGGUUCGAGUCCCGGCGGAGU,0,negative,train,GSE279647,URS000047CD44_9606,73
P059717,UGUGCUGACCCCUGCGAUUUC,1,positive,train,GSE136967,URS000032B6B6_9606,88
N083296,GCCUCAGGGGUCUAGCAGCAG,0,negative,train,GSE136967,URS0000A9F2CE_9606,47
N002720,AUGACUUGCGAAUCAAAUCUG,0,negative,train,GSE136967,URS000062ED01_9606,19
N008958,GUCUACAAGACGCUACUUCCC,0,negative,train,GSE279647,URS00002EDD4B_9606,101
N015100,UACCACCCUGAACGCACCCGA,0,negative,train,GSE279647,URS0000664D60_9606,22
P062310,AGCGCCCGAGACAGACUGCGG,1,positive,train,GSE136967,URS000027315D_9606,49
P058277,UCCCUUCCAAACUCUGGAGCU,1,positive,train,GSE136967,URS0000A8E179_9606,139
N004823,AGUGCAGGGAGAGAAAUCGCG,0,negative,train,GSE136967,URS00007168E7_9606,59
P070185,CUUAUCUUCACUCAGGGCACC,1,positive,train,GSE308686,URS0000704142_9606,81
P058761,UGUUGUAGCUGAGUACCUUUG,1,positive,train,GSE136967,URS00007136D1_9606,119
P068877,AGAAACACUGUGACUCAUGGG,1,positive,train,GSE308686,URS00001FC3CF_9606,75
P071855,GGCAUUUGUCUGAGAAGGNNN,1,positive,train,GSE308686,URS000043549A_9606,139
N006739,CGAAUUUGCAAUUCAAUAUGA,0,negative,train,GSE279647,URS000013A388_9606,40
P067446,AGACCUGGAGCAGUUGCUAUC,1,positive,train,GSE308686,URS0000721537_9606,26
P076100,GAUGGCAGAGCCCGGUAAUCG,1,positive,train,GSE308686,URS000061A10B_9606,16
P069814,GCCUGCAUUCGUAAGUGAUCA,1,positive,train,GSE308686,URS00005B5A80_9606,12
P059108,GUGAUGAUUGGGUGUUCAUAC,1,positive,train,GSE136967,URS000064F355_9606,32
N018300,UAAUGUUACUAAAAUUGGUUU,0,negative,train,GSE279647,URS00006C2A6C_9606,52
N053638,GAGUGAUGCAGCUCCCUGGGG,0,negative,train,GSE308686,URS00006FB8B0_9606,107
N019681,GAACAUGCCUGAUCUCGUGUG,0,negative,train,GSE279647,URS00006E06F0_9606,30
N015294,AAGCUAAGCACGGUCGGGCCU,0,negative,train,GSE279647,URS000066C40E_9606,59
N015121,ACUACUUGAUCACAACCAGGU,0,negative,train,GSE279647,URS0000664E8D_9606,39
P063014,CAGAGCCUGUAAAGGUGAACC,1,positive,train,GSE136967,URS000066FABB_9606,56
N018419,GUGAUGAGGGCGUCAAACUUG,0,negative,train,GSE279647,URS00006C38E6_9606,87
P074674,UUCUAAGUGUCUAAUGAUGAA,1,positive,train,GSE308686,URS000075D383_9606,16
P065888,GCCUCCCUAGAAUAAACUGCC,1,positive,train,GSE308686,URS0000608804_9606,62
P066086,GGUUGCGCGGGCCCUCGGACC,1,positive,train,GSE308686,URS000002A4F1_9606,34
N014960,UAAAUGCACCCGAUCUUGUUU,0,negative,train,GSE279647,URS0000661539_9606,30
P076149,UGAUUCUCGGUUUGGGUCCGA,1,positive,train,GSE308686,URS000062C4DE_9606,31
N029042,CAUAGUGUAGUGGUUAUCACA,0,negative,train,GSE308686,URS000064D54F_9606,16
N015315,AUACCACCAUGAACGCGCCCA,0,negative,train,GSE279647,URS000066CD1F_9606,21
P078634,ACCUCAACAGUUAAAUCAACA,1,positive,train,GSE279647,URS000044DFF6_9606,467
P077725,UUAAAUCAACAAAACUGCUCG,1,positive,train,GSE279647,URS000044DFF6_9606,477
N027645,ACAUCACCCCAUAAACANNNN,0,negative,train,GSE308686,URS00003E8921_9606,65
N016990,GCCCGAUCUCGUCUGAUCGUG,0,negative,train,GSE279647,URS000069DFF8_9606,37
P076767,AACCACCUCUCUGGGUGGUUC,1,positive,train,GSE308686,URS0000000A8C_9606,49
N016876,AUCAGAACUUACUAAUAUCAG,0,negative,train,GSE279647,URS0000699390_9606,34
P059373,CUGUGUGAGAAAUGAUGAGGG,1,positive,train,GSE136967,URS0000AA2284_9606,13
N025167,UAUGGUGGUUUAGAUUUAAAU,0,negative,train,GSE279647,URS000230EE3D_9606,20
P060704,GUAAAUGUCCUACAGAAAUAU,1,positive,train,GSE136967,URS0000466492_9606,60
N009319,CGGAUACCCCUUCACUCCUUU,0,negative,train,GSE279647,URS000034C57A_9606,34
P067215,GCUGUUGGUUUCAAACAGGAG,1,positive,train,GSE308686,URS00002E5E66_9606,44
N022464,CGAAUAGAGCAAUUCAAAGGU,0,negative,train,GSE279647,URS0000738059_9606,52
N020446,UCGCUUCAGCAGCAAAUAUAC,0,negative,train,GSE279647,URS00006F6DAA_9606,15
P062766,GAGUGGCACACGUAGGGCAAC,1,positive,train,GSE136967,URS000000A142_9606,29
N034910,CUAUUCUGAGGCUUAAGNNNN,0,negative,train,GSE308686,URS00002EC433_9606,68
N083112,AAUGACUGGGCUAUGUCAUUA,0,negative,train,GSE136967,URS000026BDF0_9606,174
P074339,CUUUCGCUCCUAUCUGAUGNN,1,positive,train,GSE308686,URS000050BD61_9606,63
P072861,UGCAAGGACUUGUCAUAGUUA,1,positive,train,GSE308686,URS0000010A7C_9606,80
N014253,CCAUACCACUCUGAACAUGGC,0,negative,train,GSE279647,URS000065217D_9606,19
P069349,GACACUACUGAGGUGGUUCUU,1,positive,train,GSE308686,URS0000656AFD_9606,106
N045782,UGCGUUUUUUAGCAGGGCUUN,0,negative,train,GSE308686,URS000075DD00_9606,110
P070856,AACGCUCUGAAGAAGAGAUGG,1,positive,train,GSE308686,URS0000467AB5_9606,73
P074397,UGCUGAUGUGCUGUNNNNNNN,1,positive,train,GSE308686,URS00005160A3_9606,72
N052963,UUUCAAACAGGAGCUAAGAGU,0,negative,train,GSE308686,URS00002E5E66_9606,52
N014609,UAGAAUUUGUCUAGUAGGCUU,0,negative,train,GSE279647,URS0000659914_9606,28
N016138,GGUGCCUGCUUAGCAUGCAAG,0,negative,train,GSE279647,URS0000681553_9606,33
N018082,GUGAUCAUGAGCUGCCCGUGC,0,negative,train,GSE279647,URS00006BEDDC_9606,25
P067932,CCUCUUUUGCAACCCAGAACU,1,positive,train,GSE308686,URS00002587B6_9606,74
P065666,UUCUCAGGGCUGCCAACCUUC,1,positive,train,GSE308686,URS00005A2612_9606,86
N015978,CAGAGAAGAUUAGCAUGAGGA,0,negative,train,GSE279647,URS000067D376_9606,52
P059090,NAUCCUUUUGUAGUUCAUGAG,1,positive,train,GSE136967,URS000064F355_9606,10
P071401,UCUAAGCCAGUUUCUGUCUGA,1,positive,train,GSE308686,URS000075BC17_9606,78
P058125,NNNNNNNACUCCAUGAUGAAC,1,positive,train,GSE136967,URS000041615F_9606,4
N015018,NNNNNNNNNUGCUGGUCCAGG,0,negative,train,GSE279647,URS0000662363_9606,2
P059283,UCCAUGUAUCUUUGGGACCUG,1,positive,train,GSE136967,URS000029D639_9606,12
P073698,NNNGCUAUGAUGAAUUUGAUU,1,positive,train,GSE308686,URS0000313FF1_9606,8
N019857,UCCAUGAAGGGGAACCACUCU,0,negative,train,GSE279647,URS00006E439A_9606,64
N007049,AGCAGCACAUAAUGGUUUGUG,0,negative,train,GSE279647,URS0000171CD1_9606,25
P060641,CCCCAUGCCAGAGCAAACUGU,1,positive,train,GSE136967,URS0000656163_9606,60
P075948,AAUCGGUUAGCGCGUUCGGCU,1,positive,train,GSE308686,URS00006ABBAC_9606,24
N006201,GUUCGAGUCCUGCCGCGGUCG,0,negative,train,GSE279647,URS00000CC06A_9606,63
P063837,CCUUUUGGGCUUUCUGGUUUU,1,positive,train,GSE308686,URS000059EAAC_9606,36
N016731,UCUUUGUUCCCUCUCCAUUCC,0,negative,train,GSE279647,URS00006921F1_9606,65
N003425,UUCUGAGACACNNNNNNNNNN,0,negative,train,GSE136967,URS000063A91D_9606,84
P059441,GUUCAAGUCCCUGUUCGGGCG,1,positive,train,GSE136967,URS000067474D_9606,63
P059216,UGAGGGUUCGAGUCCCUUCGU,1,positive,train,GSE136967,URS000066103F_9606,58
N023899,CACAUCAUGAUUUGUUGUGAU,0,negative,train,GSE279647,URS0000A76B4D_9606,44
N083390,CAGUGAGCUGUAAUCAUGCCA,0,negative,train,GSE136967,URS0002869D3B_9606,100
P069065,UCCCUUUCCCAUCGGAUCUGA,1,positive,train,GSE308686,URS00005D459D_9606,21
P065670,UUAUCGAGGCGAUUCUGAUCU,1,positive,train,GSE308686,URS000023DE4C_9606,408
N036303,UAACUAUACAAUCUAUUGCCU,0,negative,train,GSE308686,URS00004BFD1E_9606,70
P058333,GUAUGAUGACAACUCGGUAAU,1,positive,train,GSE136967,URS00003941F3_9606,14
P069440,UAAGGCCUUUGGGGAACUGGG,1,positive,train,GSE308686,URS00004C8BD1_9606,89
P076112,CCUUCCCGUACUANNNNNNNN,1,positive,train,GSE308686,URS000006E464_9606,66
P061863,CCCGGAAGAAGUCUUUCCUGG,1,positive,train,GSE136967,URS000015F227_9606,103
P079375,ACUUCCCAGGUUUGGGGCUUC,1,positive,train,GSE279647,URS0000753A37_9606,54
N013370,AUCCCCAGUACCUCCANNNNN,0,negative,train,GSE279647,URS000063E4FD_9606,67
N025208,AGGCCGCUGGGAAGCAGUGCA,0,negative,train,GSE279647,URS000231006D_9606,36
P065069,CACGAGCUGAGUGCGUCCUGU,1,positive,train,GSE308686,URS000013F331_9606,41
N035964,CCACGUGGCCUAAUGGAUAAG,0,negative,train,GSE308686,URS00001F9D54_9606,13
P063800,AAAGUGCUUACAGUGCAGGUA,1,positive,train,GSE308686,URS000032AA22_9606,25
P077481,NNNACUUACCUGGCAGGGGAG,1,positive,train,GSE279647,URS00000B27D7_9606,8
P082896,CACGUAGACAUUCCCCGCUUC,1,positive,train,GSE279647,URS0000D5B596_9606,121
P063474,AGAUGGAAGUUCUCUAUAGGA,1,positive,train,GSE136967,URS00003818BD_9606,72
P067925,GCACUUAUGUAUGUUUUUGUU,1,positive,train,GSE308686,URS00002587B6_9606,12
P073109,AAUCACCAUCUUUCGGCUGAG,1,positive,train,GSE308686,URS000004E6C0_9606,32
N013809,UGAUGACAAAUGGUGGCAUUG,0,negative,train,GSE279647,URS000064A1E7_9606,19
N023777,CCGGGGAUGACUGUGACCACA,0,negative,train,GSE279647,URS00008E3980_9606,35
P073125,NNNNNNNNNAUGCUAUGAUGA,1,positive,train,GSE308686,URS000065DBA2_9606,2
N015700,UCAAUGAUUUUGAUUAAACCC,0,negative,train,GSE279647,URS00006762EA_9606,44
P077254,CUGAUACGUCCUCUAUCCGAG,1,positive,train,GSE279647,URS00006D1C46_9606,71
P060968,NNNAAGUGAAAUGAUGGCAAU,1,positive,train,GSE136967,URS0000651282_9606,8
N015461,CGUUUCUUAGCAGGGCUNNNN,0,negative,train,GSE279647,URS0000673862_9606,114
N008789,GUGUGGAAGACUAGUGAUUUU,0,negative,train,GSE279647,URS00002C5007_9606,31
P064458,AGCGUAUCCCGCUGAGCGGCG,1,positive,train,GSE308686,URS00026A2211_9606,165
P075488,GGUUCAAUUCCCGGCCACUGC,1,positive,train,GSE308686,URS00006B479B_9606,60
N049410,UAUGCUUCCAUCACAGUAUGC,0,negative,train,GSE308686,URS00004ACFCF_9606,85
N023914,CUGGUUGCAUGAUGAAUAAAA,0,negative,train,GSE279647,URS0000A77ED7_9606,11
N034183,UUUUCCUGCCCUUAAAUUUGA,0,negative,train,GSE308686,URS00001BD443_9606,89
P061753,UAAAGGUCCCUGGUUCAAUCC,1,positive,train,GSE136967,URS00003A0C47_9606,51
P070315,CAUGGUAUCUGCACUCAGCAG,1,positive,train,GSE308686,URS00003A960A_9606,18
N014925,AUGAGUAUUGGUGGAGGUGUC,0,negative,train,GSE279647,URS0000661285_9606,21
P064619,CGCCAGGGUUGAUUCGGCUGA,1,positive,train,GSE308686,URS0000734D8F_9606,55
P058475,GACUUCACUUUUUUCCCCAUC,1,positive,train,GSE136967,URS000071403B_9606,26
N013551,ACCCGGGGACGNNNNNNNNNN,0,negative,train,GSE279647,URS00006430D9_9606,74
P080349,CUUCAGCAAACCCUGAUGAAG,1,positive,train,GSE279647,URS000044DFF6_9606,631
N048886,GUAAUCUGAUGGCUNNNNNNN,0,negative,train,GSE308686,URS0000569A4A_9606,327
P065629,GGAAGAAGUCUUUCCUGGGUU,1,positive,train,GSE308686,URS000015F227_9606,106
N021884,ACAGGCCUGAUCUCCCCUGCU,0,negative,train,GSE279647,URS0000724504_9606,33
P057874,UUUAUACAUGCAUUCCUUGGA,1,positive,train,GSE136967,URS00004219CE_9606,26
P060804,UCUGAAGGCAAAGAAAGGCCU,1,positive,train,GSE136967,URS0000634240_9606,42
P067640,GGUAGCUUCCCUGCUCUGUUA,1,positive,train,GSE308686,URS000068A4EE_9606,36
P061782,AUUUUUUGAAGUCUUGCCUAG,1,positive,train,GSE136967,URS000067B2B1_9606,99
N010022,GCUCCGAGGUGAUUUUCAUAU,0,negative,train,GSE279647,URS00003F0CDE_9606,11
P068501,CUUCUUGUUUCUUGUGGUUCC,1,positive,train,GSE308686,URS000075B5A7_9606,70
P061741,CGCAGGUUCGAAUCCUGCCGA,1,positive,train,GSE136967,URS00006D4008_9606,67
P059787,NNNAUACUUACCUGGCAGGGG,1,positive,train,GSE136967,URS000032B6B6_9606,8
N014171,CAGCCAAUAAGGUUUAUCUGA,0,negative,train,GSE279647,URS000064FDCF_9606,37
P073711,UGUGGACUCAAUAGCAGGGAG,1,positive,train,GSE308686,URS00004D7B5D_9606,52
P061136,UGAGUCCCCUAUAAAAACAUU,1,positive,train,GSE136967,URS00006C9042_9606,21
P067443,AGAACAUGUCCUUGCGCUUUC,1,positive,train,GSE308686,URS0000721537_9606,78
N013986,AUCUGAAACAGGAUUUUUGAU,0,negative,train,GSE279647,URS000064C51A_9606,37
N024495,CAGAUAGUGAAGUAGAUUAGC,0,negative,train,GSE279647,URS0000D52DAE_9606,28
N056391,GGGGGUUGCACAGUGNNNNNN,0,negative,train,GSE308686,URS00003D5684_9606,130
N006727,UUGAAGCUGCUUCUUCGAAUU,0,negative,train,GSE279647,URS000013A388_9606,25
N013730,NNNNNNGUGCUUGCCUCGGCA,0,negative,train,GSE279647,URS0000647488_9606,5
P075058,NNNNGGGGGUGUAGCUCAGUG,1,positive,train,GSE308686,URS0000677B31_9606,7
P060822,GAUGAUGACUUUAAAAUGGAU,1,positive,train,GSE136967,URS000071037B_9606,16
P068597,NNNNNNNCGGCAGACAGUUAU,1,positive,train,GSE308686,URS00004C6FD8_9606,4
P057720,AGCCAUUGAUGAUCGUUCUUC,1,positive,train,GSE136967,URS0000650B1E_9606,162
P064660,AUCCAAAUGAGGCGCUGCAUG,1,positive,train,GSE308686,URS0000734D8F_9606,302
P072572,CCUGAAAUUACUGUGAAGAGU,1,positive,train,GSE308686,URS00003BC8C2_9606,36
P075892,GCCCUCUUAGCGCAGUGGGCA,1,positive,train,GSE308686,URS00006E998F_9606,11
P063257,UUGGAGGGUCCGCUCCUGUCC,1,positive,train,GSE136967,URS00007168E7_9606,98
P061577,AAAGGUUUUACGACUGACCUU,1,positive,train,GSE136967,URS000070F968_9606,23
N023055,NNNNNNNNNCCUGGGAACGGG,0,negative,train,GSE279647,URS000075B145_9606,2
N017521,CCAGUGAUGACCACUGGUGGC,0,negative,train,GSE279647,URS00006AF21F_9606,15
N018597,ACUGUACUUCCAGGCAGGUGC,0,negative,train,GSE279647,URS00006C8370_9606,31
N004792,AAGUGAAGAUAAAGUGUGUCU,0,negative,train,GSE136967,URS0000A98AD5_9606,52
P078940,NNNNNNNAUGCUUAACUGGCA,1,positive,train,GSE279647,URS0000628B35_9606,4
P069794,UGUCCCUUUCAAACUCUGGAG,1,positive,train,GSE308686,URS000075BE5B_9606,115
P067263,UGGCCCUGAAUCAAGGCCAGC,1,positive,train,GSE308686,URS0000599BEA_9606,12
N020868,GGAUGGGAAAAAUAGAGAACA,0,negative,train,GSE279647,URS0000704DFD_9606,95
P063928,UGCAAAUCCAUGCAAAACUGA,1,positive,train,GSE308686,URS00003BACA4_9606,66
N003187,AUAAUUAAGCAGGAUUACUCU,0,negative,train,GSE136967,URS000075EC44_9606,69
P080245,UGGAUUCAUAUCCGCGUGGGU,1,positive,train,GSE279647,URS00006F940C_9606,54
P057632,AACGUGUAGAGCACCGAAAAC,1,positive,train,GSE136967,URS0000650B1E_9606,66
P074958,AUGAACUGAACUCNNNNNNNN,1,positive,train,GSE308686,URS000062C164_9606,65
P074334,AUAGUUCAGCAGACUAACGCU,1,positive,train,GSE308686,URS000050BD61_9606,25
P059570,UUCCAACAUUCGCAGUUUCCA,1,positive,train,GSE136967,URS000062548B_9606,28
N052937,UUGUCUGUAUCCUGUCAGAGG,0,negative,train,GSE308686,URS00005F1DD0_9606,108
P070561,NNGCCCUGUGGUUGCUGGAUG,1,positive,train,GSE308686,URS000064B135_9606,9
P062276,AUGUCCUUAUCUCACGAUGGU,1,positive,train,GSE136967,URS000026935A_9606,19
P062688,AAGGCUCCAGUCUCUUCGGGG,1,positive,train,GSE136967,URS0000120E41_9606,45
P067221,GAGCUAAGAGUGAUGUCUUCC,1,positive,train,GSE308686,URS00002E5E66_9606,62
P063491,NGGGUCAUUUCAAAGAGGGCU,1,positive,train,GSE136967,URS00003818BD_9606,10
P062636,UUUUCUAUACUUCUUUUUCUU,1,positive,train,GSE136967,URS00003B57B1_9606,81
P069292,CUUGGCUUCACCCGUGUGACU,1,positive,train,GSE308686,URS0000210FD6_9606,36
P075451,CAGUUGGGAGAGCGUUAGACU,1,positive,train,GSE308686,URS000064BBA5_9606,23
P070609,AUGCAUUCCUUCAGUGCUUGC,1,positive,train,GSE308686,URS000033FC0E_9606,49
P067574,CUGUUAAUUAAACUUUGGGAC,1,positive,train,GSE308686,URS000061AA47_9606,51
N015158,UCAAUGAUGCAUUCUUAUUGG,0,negative,train,GSE279647,URS0000666DC3_9606,21
P058103,GUUCGGCUGUUAACCGAAAGG,1,positive,train,GSE136967,URS000059D2BF_9606,37
N043244,CAGGAUGCCAGCAUAGUUNNN,0,negative,train,GSE308686,URS0000ABD80F_9606,137
N011702,UUUUUUUUUUUUUUUUUUGGC,0,negative,train,GSE279647,URS00005A4CE1_9606,670
N012268,GCCUUAAUGGAUAAGGUGUCU,0,negative,train,GSE279647,URS0000622C87_9606,20
P080814,UGUUAAGUCCCUCUCAGUGAA,1,positive,train,GSE279647,URS00008E3A5F_9606,179
N083560,CGAGAUUGUGUCACUGCACUC,0,negative,train,GSE136967,URS0002869C4C_9606,81
N011540,UUGCUCCGUCCACUCCAUGCA,0,negative,train,GSE279647,URS0000584C26_9606,139
N025917,CAUGACCAUGCCACCCUGAAU,0,negative,train,GSE279647,URS000307382D_9606,14
P075741,AGCUCAGUUGGUAGAGCAUCA,1,positive,train,GSE308686,URS0000702883_9606,19
N024415,AAAUGUCCCCGGUUCAAAACC,0,negative,train,GSE279647,URS0000C8E9E5_9606,52
N051002,UGAACCCUUUUCCAUCUGAUU,0,negative,train,GSE308686,URS000075D268_9606,62
N015059,UGAAAUGCACUAGAUGUCAUC,0,negative,train,GSE279647,URS00006633F5_9606,30
P082711,CAAUGAGGCAUGAUUAUUGCU,1,positive,train,GSE279647,URS00006724DB_9606,38
P062867,UUCGAGUCCCAUCUGGGGUGN,1,positive,train,GSE136967,URS00003A4B65_9606,64
P067695,CUUUGUUGGCAUCCUUGCCCU,1,positive,train,GSE308686,URS000037D7AE_9606,79
P064173,CGAGGCGGGGGUGGGGGCCUC,1,positive,train,GSE308686,URS000075AFFE_9606,24
N021781,UGUGGACAGUGNNNNNNNNNN,0,negative,train,GSE279647,URS000072157F_9606,137
P059778,GGGGAGAUACCAUGAUCACGA,1,positive,train,GSE136967,URS000032B6B6_9606,25
P081874,CGUGGAGAGGAAUAAUUCUGA,1,positive,train,GSE279647,URS0000631BD4_9606,66
P073871,ACUGGUGGAGCCAUGGUAUCA,1,positive,train,GSE308686,URS00006A5FBC_9606,32
N010616,NNNNNNNCAGAAAUUAAGUAU,0,negative,train,GSE279647,URS000047C095_9606,4
P074030,UCAUUCGUCACUACCACUGAG,1,positive,train,GSE308686,URS0000ABD8C9_9606,59
P060072,GUUCGACUCCUGGCUGGCUCG,1,positive,train,GSE136967,URS00002DDD59_9606,63
N002719,NUUGCAGUGAUGACUUGCGAA,0,negative,train,GSE136967,URS000062ED01_9606,10
N039168,GGACAGAUACGGGGCAGACAG,0,negative,train,GSE308686,URS0000608804_9606,119
P059496,UUUCCACAACGUUGGAAAUAA,1,positive,train,GSE136967,URS00004A4D73_9606,104
P061044,GGAAGCUGCUGGAACCAGCCA,1,positive,train,GSE136967,URS0000648DBA_9606,14
P071851,NNNNNNNNNNCUUCAGUGAUG,1,positive,train,GSE308686,URS000043549A_9606,1
P060382,UGAUUGGUACCUCGUUGUCUG,1,positive,train,GSE136967,URS000046CCFB_9606,55
P062036,CUGGUGAUGACAGAUGGCAUU,1,positive,train,GSE136967,URS000065235D_9606,15
N007565,CACCUUUCGGGCGNNNNNNNN,0,negative,train,GSE279647,URS00001DA281_9606,85
N053136,GCCAGCUUGCUCUCCGCAGGC,0,negative,train,GSE308686,URS000075B384_9606,97
N016994,AUCGUGGAAGCCAAGCAGGGU,0,negative,train,GSE279647,URS000069DFF8_9606,52
P067965,AAGAAGGGAUAUUANNNNNNN,1,positive,train,GSE308686,URS00002587B6_9606,124
P079412,NGGCCGGCUCGAGUGCAGUGG,1,positive,train,GSE279647,URS0000717DFB_9606,10
P057660,UAGCGUUUUCUCCUGAGCGUG,1,positive,train,GSE136967,URS0000650B1E_9606,102
P073038,CUAAAACUUAAUUCUGACAGA,1,positive,train,GSE308686,URS0000694F71_9606,62
N046050,CUGUCUGGAGUCACAACUNNN,0,negative,train,GSE308686,URS00006810EA_9606,115
N004672,GGUCCACGGUAGGGCUGGGCA,0,negative,train,GSE136967,URS000014FF3E_9606,228
P067410,NNNNNNNNNNCUGCAUCCACU,1,positive,train,GSE308686,URS000019135F_9606,1
N017547,UGAGCCCUGCGUUUUCCCCAA,0,negative,train,GSE279647,URS00006AFC21_9606,93
N004140,UUUUGGGUGAAGUGGCAACAU,0,negative,train,GSE136967,URS0000634EB5_9606,89
P063137,CCUCACACGCGAAAGGUCCCC,1,positive,train,GSE136967,URS00002064F6_9606,41
N004624,GAGAGGGCGAAAAAGGAUGNN,0,negative,train,GSE136967,URS0000D53E88_9606,64
P063211,UUAUGUGCUUCUGCUGUGAUG,1,positive,train,GSE136967,URS0000708227_9606,40
P064363,CACAAGGAGGUAACUAUACGA,1,positive,train,GSE308686,URS000075B243_9606,59
N016091,UGUCUUAAGAUUUGGUGCAAU,0,negative,train,GSE279647,URS000067FCA5_9606,164
N008439,UUCAAUCCCCGGCACCUCCAN,0,negative,train,GSE279647,URS0000282AB2_9606,63
P081688,UCCUUAGCUGUUACAGNNNNN,1,positive,train,GSE279647,URS0000815733_9606,68
P059186,GGUAGUGUGCUACAUGAGGGG,1,positive,train,GSE136967,URS0000716F59_9606,72
P058690,CUGCGAAUAUUCUCGCUGUUC,1,positive,train,GSE136967,URS00002C6D40_9606,11
P076411,UCGACUCCCAGCGGGGCCUNN,1,positive,train,GSE308686,URS00006F6EA6_9606,66
N014701,CUCUUAGUGCAGCUGGCAGCG,0,negative,train,GSE279647,URS000065DEBF_9606,14
P079822,NACUCUGGUUUCUCUUCAGAU,1,positive,train,GSE279647,URS000291574E_9606,10
P059618,CUAUGUCUACGCUCAGCGUUC,1,positive,train,GSE136967,URS000008230A_9606,84
N015140,ACCUGGCAGAGGUGAUACCAU,0,negative,train,GSE279647,URS00006658FA_9606,17
P058216,UAAAAUUGCAGACACUAGGAC,1,positive,train,GSE136967,URS000075EAF7_9606,37
N029773,GACUAGAGUCUCCGAUGCUGG,0,negative,train,GSE308686,URS0000716E7D_9606,29
P060969,UGAAAUGAUGGCAAUCAUCUU,1,positive,train,GSE136967,URS0000651282_9606,14
P078911,AUUUCGUGCCAGCCACCGCGG,1,positive,train,GSE279647,URS000044DFF6_9606,245
P060711,GUUCGGCUGAUGACUUGCUGU,1,positive,train,GSE136967,URS00004E0FA9_9606,37
N022846,GGGUUGGCUUGAAACCAGCUU,0,negative,train,GSE279647,URS00007595C1_9606,14
P074427,CUGGGUACAGCGCCCGAAUCG,1,positive,train,GSE308686,URS000054DD16_9606,41
P071616,UGUUUUUCCUUAUGUUGGCCA,1,positive,train,GSE308686,URS0000080E9E_9606,57
P073751,NNUUGUGCCGUGAUGUAUUUG,1,positive,train,GSE308686,URS0000ABD834_9606,9
P071384,NNNNNNNNNUUUCACUGUGGC,1,positive,train,GSE308686,URS000075CB76_9606,2
P058157,CACCCAGGUGGCCCGGGUUCG,1,positive,train,GSE136967,URS0000639DBE_9606,46
P067696,AAACCUUUGUUGGCAUCCUUG,1,positive,train,GSE308686,URS000037D7AE_9606,75
N015071,CGGGCCUAGUUAAUACUUGGA,0,negative,train,GSE279647,URS00006633F5_9606,74
P070941,UUUGGAUAAUGAAGGCAUCUU,1,positive,train,GSE308686,URS000063A91D_9606,50
P064319,ACCUACUGCCUUCCCUGNNNN,1,positive,train,GSE308686,URS000075A6A4_9606,77
P062665,GUCUUCCUGUGGUCUGUUGGC,1,positive,train,GSE136967,URS0000552BBC_9606,77
P066384,UACCUGCGACAUCUNNNNNNN,1,positive,train,GSE308686,URS00005F2496_9606,132
P073132,GCUAUGAUGACAUCCAUAUGG,1,positive,train,GSE308686,URS000065DBA2_9606,13
N017143,AAGCCAAGCAGGGUGGGGCCU,0,negative,train,GSE279647,URS00006A4CA5_9606,60
N018854,UGGAUGGGAGAAAUACAUCCA,0,negative,train,GSE279647,URS00006CC125_9606,90
N008970,CAUAGAAGAGCUUAUCACCUU,0,negative,train,GSE279647,URS00002EDD4B_9606,126
P066753,UCCCGAUGGGGCUUUUCCUGU,1,positive,train,GSE308686,URS0000202A89_9606,22
N008277,CUGUCGGCUACGNNNNNNNNN,0,negative,train,GSE279647,URS000024B38F_9606,81
N034372,ACCUGCAAGCUGCCACUCAGC,0,negative,train,GSE308686,URS000002FDBC_9606,110
N008143,UGAGGAGCAGGGCUUAGCUGC,0,negative,train,GSE279647,URS0000233054_9606,12
N056872,UGGAACUGAGGAUCUGAGGAA,0,negative,train,GSE308686,URS00006A65B9_9606,66
N036974,AAAAUGAUCACGGGCUGCCUG,0,negative,train,GSE308686,URS0000468B49_9606,23
P065796,AAGUGGAGGGUUUGUCUUUUG,1,positive,train,GSE308686,URS0000759B0C_9606,72
P060297,AUGAUGACUUUCAUACAUGCA,1,positive,train,GSE136967,URS00006E899A_9606,17
P074827,GGACCUCAGCUGAGUCAUGGG,1,positive,train,GSE308686,URS00005ACA64_9606,39
N024608,NNNNNUAAAUCUAAAGACAGG,0,negative,train,GSE279647,URS0000DC9DD3_9606,6
N052448,UGGAGGGUUUGUCUUUUGGAA,0,negative,train,GSE308686,URS0000759B0C_9606,75
N025828,NNNNUUACUUUAGGAUGGGGU,0,negative,train,GSE279647,URS0002DBEA38_9606,7
N025894,CGGUCUUAUCUGAUCUUGGAA,0,negative,train,GSE279647,URS000305F8A1_9606,35
N006243,NNNNCAGUUUAUGUAGCUUAC,0,negative,train,GSE279647,URS00000D3418_9606,7
P070066,GUGUUACACUGCUGGGAGAAC,1,positive,train,GSE308686,URS0000ABD80F_9606,54
N026358,AUGCAGCCGAUUUCUUCUGAU,0,negative,train,GSE279647,URS000325852A_9606,32
P082281,GGGAUCCCGUGGCCGUGUUUU,1,positive,train,GSE279647,URS000075EE28_9606,76
N051779,NNNGGUAAAAUGGCUGAGUGA,0,negative,train,GSE308686,URS0000093479_9606,8
P075782,AGUCCCUGUUCAGGCGNNNNN,1,positive,train,GSE308686,URS00006CC2CC_9606,68
P066096,CGGGCCCUCGGACCCUCAGGG,1,positive,train,GSE308686,URS000002A4F1_9606,41
P065095,GGCCACGAGCUGAGUGCGUCC,1,positive,train,GSE308686,URS000013F331_9606,38
N008669,CGCUCCUCUCAGUCCCUGAGA,0,negative,train,GSE279647,URS00002A66E1_9606,13
N011544,ACCAGACUUUUCCUAGUCCCU,0,negative,train,GSE279647,URS000058997A_9606,11
N019680,UCCUGAACAUGCCUGAUCUCG,0,negative,train,GSE279647,URS00006E06F0_9606,26
P058397,UGAGUAGUGUUAUUUCUUAUG,1,positive,train,GSE136967,URS000033A30E_9606,43
P060130,UGUGCCUAGGUCAUUGAUAGU,1,positive,train,GSE136967,URS00006EC784_9606,41
P062747,GGGCUGUGGCUGGUCAUAGCC,1,positive,train,GSE136967,URS000002FDBC_9606,25
N011510,UGUGUUCGGGUCUUCUGGUCU,0,negative,train,GSE279647,URS0000572B72_9606,61
P081652,CACUUCUUUCUUUCUUCAUUC,1,positive,train,GSE279647,URS00008E3A5F_9606,132
N018826,UGGAGCAGGGACAUGGACUAG,0,negative,train,GSE279647,URS00006CBB95_9606,113
N016166,NNNNNNNNNAUCACCUCUCGG,0,negative,train,GSE279647,URS000068350A_9606,2
N017380,CCGGAUGUCAUCUCAUCUCGG,0,negative,train,GSE279647,URS00006AA0BB_9606,38
N024807,AUUAUGAUAAUCAUANNNNNN,0,negative,train,GSE279647,URS0000DF1C27_9606,53
N003146,CAGGGGCUGAGGGCANNNNNN,0,negative,train,GSE136967,URS00006D051B_9606,106
N017071,NNNNNNNNNACCACCAGUGAU,0,negative,train,GSE279647,URS00006A238C_9606,2
N027578,AUGAUGAAUGCCAACCGCUCU,0,negative,train,GSE308686,URS000002951F_9606,54
P071486,NNGCCUCAAGUGAUGGAGAGC,1,positive,train,GSE308686,URS00008E3980_9606,9
N023097,GUGACGACUGGCCCCGCCUCU,0,negative,train,GSE279647,URS000075B866_9606,11
P058990,CCAGGUAGGGCAGUGUUGCCC,1,positive,train,GSE136967,URS00000E9A93_9606,46
P060660,CAAGGAUGAUACACACUUGCC,1,positive,train,GSE136967,URS000075AA41_9606,17
P064146,GGCGGUGCCCGUCCCGGGGCU,1,positive,train,GSE308686,URS000075B0DE_9606,40
N020892,GGCAGGAGAGAUACCAUCAUC,0,negative,train,GSE279647,URS0000706BFF_9606,21
N005967,UUAUAGGCUAAAUCCUAUAUA,0,negative,train,GSE279647,URS00000A45EB_9606,53
P060311,CUGUGAUGACUAUCUUAGGAC,1,positive,train,GSE136967,URS00006ADC79_9606,14
P074205,NNNNNNNNAGAUACUAUGAUG,1,positive,train,GSE308686,URS000082A21B_9606,3
P063411,CUUUCUGAUGGAUUAGUGGAG,1,positive,train,GSE136967,URS0000197BB5_9606,43
N023681,CCGGGGCUUCUCCCGCCUUUU,0,negative,train,GSE279647,URS000083167E_9606,53
P071198,NUAGUACUAAUUUUUCUGAUG,1,positive,train,GSE308686,URS000075ED7D_9606,10
N034323,CUGAGAAUGGCUAUAACAAAU,0,negative,train,GSE308686,URS00005A3020_9606,123
P062088,UGGCAAUUUUUGACAGUCUCU,1,positive,train,GSE136967,URS00003F07BD_9606,124
N017211,AUUGGUCACAUUCAGUUACAG,0,negative,train,GSE279647,URS00006A66F2_9606,43
N020581,UUGCUUCAGUAGCACGUAUAC,0,negative,train,GSE279647,URS00006F9707_9606,15
N039555,UGAGGAGAUAUAAAANNNNNN,0,negative,train,GSE308686,URS00003818BD_9606,130
P080875,CACAAUAGCUAAGACCCAAAC,1,positive,train,GSE279647,URS000044DFF6_9606,413
P062653,UAUAAAAAGACGCGUUAUUAA,1,positive,train,GSE136967,URS00003B57B1_9606,23
P065477,UCCUUGAAAUCAAGCUGACUC,1,positive,train,GSE308686,URS00005172B7_9606,32
P068254,NNNNNNNNNNAAGCACUGCCU,1,positive,train,GSE308686,URS0000013F57_9606,1
N003400,CAGCCUGAUUAAACACAUGCU,0,negative,train,GSE136967,URS00006DE18B_9606,56
N082954,AUCACCUAUGUCAGAAAGGGU,0,negative,train,GSE136967,URS00023473A4_9606,279
P064881,UGCCUAAGGAGGGGUGAACCG,1,positive,train,GSE308686,URS00003ACFC1_9606,177
N023149,GUGUGUCGCUCCGGGUCCACG,0,negative,train,GSE279647,URS000075BE91_9606,54
P081904,NNNNNNNNNNUGGCUCGAUUU,1,positive,train,GSE279647,URS0000696CDC_9606,1
N002636,AGAGGUGCAAACAGCAAGCGG,0,negative,train,GSE136967,URS00005357F7_9606,60
P077365,NNUACUUCACAAAGCGCCUUC,1,positive,train,GSE279647,URS000081566B_9606,9
N013193,UCUAUUCAAGGACAAUAUAUU,0,negative,train,GSE279647,URS0000638FCB_9606,82
N041260,AGAGCAUGAGACCCUUAAUCU,0,negative,train,GSE308686,URS00006C58BC_9606,31
N004961,CCGCACAGGGUUGGUGGUACC,0,negative,train,GSE136967,URS000026BDF0_9606,28
N007554,ACAGAGUGGUUCAAUUCCACC,0,negative,train,GSE279647,URS00001DA281_9606,68
N020582,GUAGCACGUAUACUAAAUUUG,0,negative,train,GSE279647,URS00006F9707_9606,23
N002270,GCUGUUGCUGUAUAGAGUUAA,0,negative,train,GSE136967,URS0000018549_9606,116
P068509,AAUAUACCUGCAUGUUAGUCU,1,positive,train,GSE308686,URS000075B5A7_9606,165
N016925,AUGAGAGGCACAAAGCUUGUG,0,negative,train,GSE279647,URS000069B54D_9606,90
P061773,AUGAUGGUUUUAUUCAUAUCG,1,positive,train,GSE136967,URS0000A7E217_9606,22
P063210,GAUUUUAUGUGCUUCUGCUGU,1,positive,train,GSE136967,URS0000708227_9606,36
P078422,CCUGUUCUGUAAUCGAUAAAC,1,positive,train,GSE279647,URS000044DFF6_9606,566
P061210,UCUGUCCAGUUCUGCUACUGA,1,positive,train,GSE136967,URS000067EB9D_9606,26
N035187,NNNNNAGAUACUAUGAUGGUU,0,negative,train,GSE308686,URS000082A21B_9606,6
N014773,CUUAAUUAGUGACUGGAUAAA,0,negative,train,GSE279647,URS000065E84A_9606,107
P058979,GGCGGUGAAACCCAGGCCCCG,1,positive,train,GSE136967,URS00006D48F7_9606,111
N012877,CAGAAUUUAACAUAGUGUCAC,0,negative,train,GSE279647,URS0000633947_9606,36
P074097,AUGAUGGCCAGUGAUAACAAC,1,positive,train,GSE308686,URS000051B5A1_9606,41
N021955,NAGCUUUGCACAUUGGCAGUA,0,negative,train,GSE279647,URS00007257BF_9606,10
N001206,UCUGUUGAAAAAAAAAAACUU,0,negative,train,GSE136967,URS00002524EE_9606,43
P070522,UGUGCAUGGACAGCUCUCCAG,1,positive,train,GSE308686,URS000064B135_9606,34
P082436,GGGUGGAGGCAGCCAGGGCUU,1,positive,train,GSE279647,URS0000ABD8D1_9606,88
N018674,NNNNNUUGCAUUCUUAAACCC,0,negative,train,GSE279647,URS00006C8B95_9606,6
N083485,UCUUUUUGCGUUUUCUCCCAU,0,negative,train,GSE136967,URS00003C5431_9606,430
P073199,NNUGGCGAUGAGGAGGUACCU,1,positive,train,GSE308686,URS000004A26B_9606,9
N014917,NNNNNUGGAUCAAUGAUGAGU,0,negative,train,GSE279647,URS0000661285_9606,6
N055459,UUGGGGCUCUGCCCUGCUAUG,0,negative,train,GSE308686,URS00004BC34C_9606,35
N037594,UUAGCUCUAACUGACUNNNNN,0,negative,train,GSE308686,URS00006B8984_9606,56
P074790,UACUGAGGCUUUUNNNNNNNN,1,positive,train,GSE308686,URS0000269B1D_9606,84
P073017,UGCUGAUUAGUCAUAAUUAAC,1,positive,train,GSE308686,URS0000456F03_9606,53
N026418,UGUUCUCGUCUGAUCUCGUGA,0,negative,train,GSE279647,URS00032B2B1D_9606,40
P061969,GAGAGAGAAAAGAUCUCCUCA,1,positive,train,GSE136967,URS0000210FD6_9606,70
P066290,GUCACCAAGAAUAAUUUGGAG,1,positive,train,GSE308686,URS0000ABD812_9606,66
P073666,UCUGACAUGAUAAUGUAUUUU,1,positive,train,GSE308686,URS0000313FF1_9606,39
N027596,UCUACUGCCUUCCUUCUGAGA,0,negative,train,GSE308686,URS000054DD16_9606,80
N011392,ACUGAUUACCUGAGAAAUAAU,0,negative,train,GSE279647,URS000053D4AB_9606,22
P064487,CUCCCCUUUCCGCCUAGGGGA,1,positive,train,GSE308686,URS00026A2211_9606,62
P059538,AAUUACUGGGGAGACAAACCA,1,positive,train,GSE136967,URS00004A4D73_9606,182
P059877,CACGAGAAGAAGAGAGAAUUC,1,positive,train,GSE136967,URS00004640CB_9606,61
P066807,GAUAAAAUAACAUUGGGCCAC,1,positive,train,GSE308686,URS00005682D3_9606,68
P067475,UGCAAGAAGAACAUGUCCUUG,1,positive,train,GSE308686,URS0000721537_9606,71
P074586,GGGGCCUCCAUGAUGUCCAGC,1,positive,train,GSE308686,URS000075DD61_9606,13
P075909,CGAACCUCAGAGGGGGCANNN,1,positive,train,GSE308686,URS000025E031_9606,66
N017418,CAUACGAUGAAUACGUGUCUG,0,negative,train,GSE279647,URS00006AAF5B_9606,46
P061648,UCUCGCCUGCCACGCGGGAGG,1,positive,train,GSE136967,URS000013B42D_9606,35
N017390,CGGCUGUUAACCGAAAGAUUG,0,negative,train,GSE279647,URS00006AACBE_9606,40
N017960,UCCAUGUUUGUGAGAUGUGCC,0,negative,train,GSE279647,URS00006BABCA_9606,50
P059032,CUGAAAUGGUAUCUUUUGUGA,1,positive,train,GSE136967,URS0000686085_9606,43
N019696,GUAUUUGGAUGGGAGACCACC,0,negative,train,GSE279647,URS00006E06F0_9606,84
N007915,AAAUCCCGGACGAGCNNNNNN,0,negative,train,GSE279647,URS000020CB8F_9606,68
N022810,UGUAGUAUGGUGGUUAUCACG,0,negative,train,GSE279647,URS00007578A8_9606,16
N034704,GCAAUGAUGACCCACUUGCCC,0,negative,train,GSE308686,URS000075CFA2_9606,18
P078881,GCAUAUUCCUACAGCUUCCCA,1,positive,train,GSE279647,URS00004A4D73_9606,149
P070014,NNAUCCAGCGGUUGUCAGCUA,1,positive,train,GSE308686,URS0000148398_9606,9
N044927,CCCAUCUGGGGUGNNNNNNNN,0,negative,train,GSE308686,URS00003A4B65_9606,71
P082342,GGCUCGGAGCCGGGCUUCGGC,1,positive,train,GSE279647,URS0000D53CCC_9606,17
P066390,UAUAGAAAUUGCAGGGGAGUC,1,positive,train,GSE308686,URS00005F2496_9606,72
N003883,UUCUCUUCCCGGUUCUUCCCG,0,negative,train,GSE136967,URS0000D53E88_9606,23
P073160,UGGCUGUCUGAGCAUNNNNNN,1,positive,train,GSE308686,URS000065DBA2_9606,74
P082075,NNNNNNNGGCGAGCGCACGUC,1,positive,train,GSE279647,URS0000EED6D6_9606,4
P062321,GAGGCCUGGAAUGUGCGCUGG,1,positive,train,GSE136967,URS000027315D_9606,24
P063193,CCCUCUACUGAACUGCCAUGA,1,positive,train,GSE136967,URS00006B7869_9606,34
P059737,GCUUAUCCAUUGCACUCCGGA,1,positive,train,GSE136967,URS000032B6B6_9606,67
P068990,UAUUAAAGCUCAGGGUGGAGG,1,positive,train,GSE308686,URS00004C6257_9606,18
N015899,GGACCUAUGAUGAUGACUGGU,0,negative,train,GSE279647,URS000067B8ED_9606,12
P075894,NNNNNNGCCCUCUUAGCGCAG,1,positive,train,GSE308686,URS00006E998F_9606,5
P065989,GUAACUAUGAAGUUUUCUACA,1,positive,train,GSE308686,URS000075BDDC_9606,323
N022548,GACAAGCCCGGGAGACCCAAG,0,negative,train,GSE279647,URS0000744456_9606,55
N016100,NNNNNNNNNAUCCCUUCUAGG,0,negative,train,GSE279647,URS0000680D17_9606,2
N029071,AUUCAGACUACUCUCCUCCGC,0,negative,train,GSE308686,URS000013F331_9606,326
P077751,AGCAUCCCCGUUCCAGUGAGU,1,positive,train,GSE279647,URS000044DFF6_9606,63
P076349,GAAUCCCAUCCUCGUCGNNNN,1,positive,train,GSE308686,URS000067AC87_9606,76
P075505,GUGGGAGACCCGGGUUCAAUU,1,positive,train,GSE308686,URS00007131F2_9606,48
P076279,CAAUGGGGUCUCCCCGCGCAG,1,positive,train,GSE308686,URS00002BF476_9606,51
P078646,UUUCUCUUCAGAUCGCAUAAA,1,positive,train,GSE279647,URS00006D109F_9606,20
P074595,GGGGGUCUGAGGGGCCCUGGN,1,positive,train,GSE308686,URS000075DD61_9606,88
N025274,NNNAGGGCUUAGCUGCUUGUG,0,negative,train,GSE279647,URS0002311075_9606,8
P065340,GAGUUAUGUGUGUUCACUGUA,1,positive,train,GSE308686,URS0000569A4A_9606,109
N004403,UUCUUCACUCAGAGAAUAUUA,0,negative,train,GSE136967,URS00006868E5_9606,83
N042999,UGUGACUCAUGGGCCCUGUUC,0,negative,train,GSE308686,URS00001FC3CF_9606,83
P064980,CUUCAGAUCGCAUAAAUCUUU,1,positive,train,GSE308686,URS000075BAAE_9606,25
P064281,CACCACUGGGAGAUAACUAUA,1,positive,train,GSE308686,URS00005EB5B7_9606,51
P070924,UCUUUAGUCACUACCUCUUCU,1,positive,train,GSE308686,URS000063A91D_9606,67
N013258,NNNNNGUCUAGGCCACACCAC,0,negative,train,GSE279647,URS000063A525_9606,6
N017253,GGGAAUUAGCGCAAGUGGUAG,0,negative,train,GSE279647,URS00006A7FD7_9606,12
N016795,UCCACCUCCCCUCAGCCGAGC,0,negative,train,GSE279647,URS0000696CDC_9606,45
N018767,AAGGCGCUUUUCUCAUGGUCG,0,negative,train,GSE279647,URS00006CA71A_9606,45
P059288,CUGUCAGCCGUGGCAGUCUCC,1,positive,train,GSE136967,URS000029D639_9606,30
N013306,GUCAUCGUGAUGAGGGGCACA,0,negative,train,GSE279647,URS000063BFC1_9606,81
P076399,CCCAGCGGGGCCUNNNNNNNN,1,positive,train,GSE308686,URS000047B05D_9606,72
P074024,UGAAUCUAAGUGAUCUGACUC,1,positive,train,GSE308686,URS0000679D94_9606,45
N017905,GAGGUCCCCGGUUCGAAUCUA,0,negative,train,GSE279647,URS00006B9174_9606,52
N016547,GUGUGUGCAAUGGCUGCACAC,0,negative,train,GSE279647,URS000068DF0F_9606,61
P062703,GUCCAGUUCUGCUACUGACAG,1,positive,train,GSE136967,URS0000A98AD5_9606,30
P074808,NNNNNNNUGGCCAAGGAUGAG,1,positive,train,GSE308686,URS0000708227_9606,4
N009878,GAUCACGGUGAUGGCUGACCA,0,negative,train,GSE279647,URS00003D103A_9606,11
P060631,AAUGUAUUUUUGUCCUCUAAG,1,positive,train,GSE136967,URS0000313FF1_9606,50
N021057,NNNNGUCCACCGCCAUACCAG,0,negative,train,GSE279647,URS000070E245_9606,7
N052389,GCGAUGGCUCCAUACAUGUNN,0,negative,train,GSE308686,URS0000180559_9606,129
P080498,GUUCUGAUAGAAAUGACAUGC,1,positive,train,GSE279647,URS000075B5A7_9606,190
N021525,CAACUGCGUUGUUUGUGGCAG,0,negative,train,GSE279647,URS000071AD14_9606,126
N002202,CAGUAGUGAUGAAAUUCCACU,0,negative,train,GSE136967,URS0000651CAB_9606,11
N012615,AGAGUCUGGCCUGGUUAGUAC,0,negative,train,GSE279647,URS000062C3D7_9606,68
N030748,AUAGUGCAGGGAAAGAAAUCG,0,negative,train,GSE308686,URS000075BE5B_9606,58
N016878,AGAACUUACUAAUAUCAGUGU,0,negative,train,GSE279647,URS0000699390_9606,37
N015718,UGAGUCUUGGAUGAUGAAUAA,0,negative,train,GSE279647,URS0000676D30_9606,39
P065717,AGUAGCUUUCUGUUCUUCCUU,1,positive,train,GSE308686,URS0000466492_9606,81
P069773,GAAAUCGCGGAAAGUGCUUCC,1,positive,train,GSE308686,URS000075BE5B_9606,72
P060167,GCUGCGCUUCUCCCGUGGCUC,1,positive,train,GSE136967,URS00005F2496_9606,99
P072850,GUCUUGGUCACCUGUGUGCCA,1,positive,train,GSE308686,URS0000010A7C_9606,51
N031430,AGAAUUCUCGCCUCCCAUGCG,0,negative,train,GSE308686,URS00006B479B_9606,30
N003533,GCAGUGGUGACAAUGAGACCU,0,negative,train,GSE136967,URS00004ACFCF_9606,111
N017765,AAUAUUCUGAUUAUACCCUGU,0,negative,train,GSE279647,URS00006B57E0_9606,48
N002198,AAUUCCACUUCAUUGGUCCGU,0,negative,train,GSE136967,URS0000651CAB_9606,23
N019198,NNNNNAAGAGUAUAAUUUCAG,0,negative,train,GSE279647,URS00006D4050_9606,6
N000626,UCUUGGAACUGAAUCUAAGUG,0,negative,train,GSE136967,URS0000679D94_9606,36
P057784,AGUAAGGAAAAUAACGAUUCG,1,positive,train,GSE136967,URS00006ECA78_9606,27
N021353,NNNNNNNNNNGUGCUCGCUGC,0,negative,train,GSE279647,URS0000716076_9606,1
N024288,UGGGUUCGAUUNNNNNNNNNN,0,negative,train,GSE279647,URS0000B939A4_9606,59
P078948,UCUCUUCAUAUCGCAUAAAUC,1,positive,train,GSE279647,URS0000631BD4_9606,22
P069274,CAUAGUUGCACUUGGCUUCAC,1,positive,train,GSE308686,URS0000210FD6_9606,26
P071083,NGCCAAAUGAUGUUUAUUUGA,1,positive,train,GSE308686,URS00002F13BD_9606,10
N016671,UGGCCUUUUGGCCUUUGGCUA,0,negative,train,GSE279647,URS0000690FF8_9606,12
N032157,GAGAAUGGGCACUGUUGAUCA,0,negative,train,GSE308686,URS00004ACFCF_9606,23
N001783,GCUGAAUGAUAACGGGCAUGA,0,negative,train,GSE136967,URS0000694F71_9606,40
P065846,UGCUGAUACAUUCCUCCUAGA,1,positive,train,GSE308686,URS00005C0742_9606,52
P058866,UCCUCCUGAUCCCUUUCCCAU,1,positive,train,GSE136967,URS00005D459D_9606,12
N002847,UAGCUUUUUUCCCCGACAGAU,0,negative,train,GSE136967,URS0000643FAE_9606,30
N005474,AUACACCAGUCUUGUAAACCG,0,negative,train,GSE279647,URS000004601F_9606,31
N026617,AAAGUUAAAAAAAAAAAAAAA,0,negative,train,GSE279647,URS00033B08A1_9606,261
N004560,GGGCGAGGUUCAGGCCUUUCA,0,negative,train,GSE136967,URS00004416C5_9606,351
P073733,AAGAGGACAGUGACUGAGAGA,1,positive,train,GSE308686,URS00004D7B5D_9606,76
N008964,ACUUCCCCUAUCAUAGAAGAG,0,negative,train,GSE279647,URS00002EDD4B_9606,115
N034093,UGACAGUCUCUACGGAGACUG,0,negative,train,GSE308686,URS0002A14876_9606,134
P058519,CCCCUCGGCGUCAUGUCUUCG,1,positive,train,GSE136967,URS00000CC074_9606,88
N049019,GAUGGUUUCUACACUUGACCU,0,negative,train,GSE308686,URS000075AAF7_9606,336
N013367,UCGAUCCCCAGUACCUCCANN,0,negative,train,GSE279647,URS000063E4FD_9606,64
P064657,GGAGAACGUAGGGUAGUCAAG,1,positive,train,GSE308686,URS0000734D8F_9606,262
N004060,UACUCGCUGCCACAUAGNNNN,0,negative,train,GSE136967,URS0000714944_9606,145
P066023,UGAGAUCUGCUUUUACUGAAG,1,positive,train,GSE308686,URS000075BDDC_9606,16
P058769,GGAGUUGAUCCUAGUCUGGGU,1,positive,train,GSE136967,URS00007136D1_9606,179
P076880,UUCGAACGCACUUGCGGCCCC,1,positive,train,GSE279647,URS0000005270_9606,109
P058837,GUAGAACCAUUCUCUACUGCC,1,positive,train,GSE136967,URS000054DD16_9606,68
N001961,UGCGCUUUCUGUCUGUCUUUG,0,negative,train,GSE136967,URS000019135F_9606,88
P058355,GGUGAAGUGGCAACAUGUGUU,1,positive,train,GSE136967,URS0000634EB5_9606,94
N017972,AUAAGUUUUCUAAGUGUCUAA,0,negative,train,GSE279647,URS00006BB86E_9606,13
P059667,UGUGGUAGUGGGGGACUGCGU,1,positive,train,GSE136967,URS000032B6B6_9606,139
P074476,UUUUCGAAAGGUGAGCGCUUU,1,positive,train,GSE308686,URS00002B7232_9606,27
N055949,UUGAAUAGAGGAAUACAGGAN,0,negative,train,GSE308686,URS0000721537_9606,125
P068535,UAGUCUAACGUUCUGAUAGAA,1,positive,train,GSE308686,URS000075B5A7_9606,180
N056117,AGUUUCAGGUCUUGGAGACAA,0,negative,train,GSE308686,URS00003CCCBE_9606,111
N023479,UUUGAAAAGGUGCAGGCCAUA,0,negative,train,GSE279647,URS00007E37E4_9606,36
P071355,AAUGAGGACAACAGUCCCUCU,1,positive,train,GSE308686,URS000075CB76_9606,69
N014600,GGCUGGCUCAGUCAGUAGAUC,0,negative,train,GSE279647,URS00006596D4_9606,15
P078903,UUCGAUAGCUCAGCUGGUAGA,1,positive,train,GSE279647,URS0000333F2E_9606,13
N010576,NNNNGGAGAUAUUGCACAUUA,0,negative,train,GSE279647,URS0000472EB8_9606,7
P076434,UCCCAGUGGGGCCUNNNNNNN,1,positive,train,GSE308686,URS000071D869_9606,71
P064249,CAGGGUGAGGUAGUAAGUUGU,1,positive,train,GSE308686,URS000075BF40_9606,27
N000284,CGGCGCUCAGAAGUGAUGAAU,0,negative,train,GSE136967,URS000023DE4C_9606,347
P059976,GGCAUCUUUAGUCACUACCUC,1,positive,train,GSE136967,URS000063A91D_9606,63
N017227,ACCAUAUUCAUGAAGUUGGUU,0,negative,train,GSE279647,URS00006A6D28_9606,33
N014000,NNGGCUGGUCCGAUGGUAGUA,0,negative,train,GSE279647,URS000064C567_9606,9
P058607,UCCGUGGAGAGAAACGAGUGU,1,positive,train,GSE136967,URS0000673862_9606,64
N023859,NNNNNNNCCAGAGUGUAGCUU,0,negative,train,GSE279647,URS0000A29C62_9606,4
P066897,UAAUGACCUAUUGAGCCGUCA,1,positive,train,GSE308686,URS00004EA987_9606,44
P071974,UUCUCGGAUGUUCUGAUGNNN,1,positive,train,GSE308686,URS00004DF250_9606,63
P064528,UUCCUCCCCUUUCCGCCUAGG,1,positive,train,GSE308686,URS00026A2211_9606,59
P059328,GUGGUGCUGUGCACGAGUUCC,1,positive,train,GSE136967,URS000043549A_9606,82
P065209,GUGAUGUGUUGUGAUAGCUGG,1,positive,train,GSE308686,URS000021BC29_9606,64
P068771,UUCCUGCCAGCUCUAACCAGC,1,positive,train,GSE308686,URS000075E772_9606,87
N024047,CCAUCUCAUCUAAUCUUGGAA,0,negative,train,GSE279647,URS0000A9D7B5_9606,36
N023006,NNGUGCGUGGUGGCUCGAGGC,0,negative,train,GSE279647,URS000075AFFE_9606,9
P062517,CACAUAUACUAAAAUUGGAAC,1,positive,train,GSE136967,URS000035C796_9606,27
N000490,CUGGAUGAUGAUAAGCAAAUG,0,negative,train,GSE136967,URS00006B8984_9606,12
N003884,GGAAGAAACAACCNNNNNNNN,0,negative,train,GSE136967,URS0000552BBC_9606,135
P058810,AGGCAGAGAAAGGCUCUCCUA,1,positive,train,GSE136967,URS0000034D55_9606,69
P070209,NNGACCUCCUGGGAUCGCAUC,1,positive,train,GSE308686,URS00003852FE_9606,9
N017859,CCUAGAAAUAGCACUGGACUU,0,negative,train,GSE279647,URS00006B86A6_9606,41
N013902,UACUUGGAUGGAAGAAAUGAA,0,negative,train,GSE279647,URS000064ACCC_9606,86
P065231,UGUGAUAGCUGGGUUUAAGAA,1,positive,train,GSE308686,URS000021BC29_9606,73
P079107,ACGCCUGAACAACACACCCGC,1,positive,train,GSE279647,URS000075ADBA_9606,74
P060976,GGCAAUCAUCUUUCGGGACUG,1,positive,train,GSE136967,URS0000651282_9606,23
N028896,CUGGUGUAGUGGUAUCAUGCA,0,negative,train,GSE308686,URS0000502C74_9606,17
P066178,ACAGGUUAUGCUUCCAUCACA,1,positive,train,GSE308686,URS00004ACFCF_9606,79
P058551,AAACUUUGGAACAUUGAAACU,1,positive,train,GSE136967,URS000068A4EE_9606,60
P070490,GGAUUUAUGGUGGGUCCUUCU,1,positive,train,GSE308686,URS00003D5684_9606,18
P060513,AAACCUUGGAAAUCUGAACAA,1,positive,train,GSE136967,URS000022BCB9_9606,37
N012341,GGGUCUGGUUAGUUUUUGUAU,0,negative,train,GSE279647,URS0000624BAB_9606,73
N003006,GAGCUGAGGUCCNNNNNNNNN,0,negative,train,GSE136967,URS000022BCB9_9606,82
P074374,CUUGAUGACAAUAAAAUAUCU,1,positive,train,GSE308686,URS000069573D_9606,58
P060305,GACACCUUUGGAAUAACUAUG,1,positive,train,GSE136967,URS00006ADC79_9606,32
N020177,GUGGCGUAUGAGUCUUUUGCG,0,negative,train,GSE279647,URS00006F0FAC_9606,31
N014707,CAGCUGGCAGCGCGUCAGUUU,0,negative,train,GSE279647,URS000065DEBF_9606,23
N011736,CUGCAUGUGGCAGGCUGAUGG,0,negative,train,GSE279647,URS00005ACA64_9606,88
P076472,CAGGGGUUAGAGCGCUGGUCU,1,positive,train,GSE308686,URS0000725A6A_9606,23
N025533,NNNNNNNNUAUGUAGCUUACC,0,negative,train,GSE279647,URS0002674F35_9606,3
N013034,UAAUGAGCCUGAUCUCGUCUG,0,negative,train,GSE279647,URS00006367D8_9606,31
P072125,GACUUGCUGAGGCUCAGCNNN,1,positive,train,GSE308686,URS0000ABD829_9606,73
N025807,NNNNNNNNNUCCAUUGGUCUU,0,negative,train,GSE279647,URS0002CC038A_9606,2
N016315,UUGUAAUGCAGUGAGCACUGG,0,negative,train,GSE279647,URS0000688011_9606,106
P071065,NNNNNNNNNGCCAAAUGAUGU,1,positive,train,GSE308686,URS00002F13BD_9606,2
P058143,UCUAGCGGUUAGGAUUCCUGG,1,positive,train,GSE136967,URS0000639DBE_9606,21
P061772,UGUCUGAAGCAUCUCAGUGAU,1,positive,train,GSE136967,URS0000A7E217_9606,51
N046362,ACACAUGACUGACUGACUGGU,0,negative,train,GSE308686,URS00003CCCBE_9606,83
P059725,CACUCCGGAUGUGCUGACCCC,1,positive,train,GSE136967,URS000032B6B6_9606,79
P074032,GUGAUCUGACUCAUUCGUCAC,1,positive,train,GSE308686,URS0000ABD8C9_9606,49
P064609,GGGCGAUCUGGCUGCGACAUC,1,positive,train,GSE308686,URS0000734D8F_9606,19
N021728,UCUUGUCAAAGCUAAGCCAGG,0,negative,train,GSE279647,URS00007202B6_9606,61
N008436,GGGUUCAAUCCCCGGCACCUC,0,negative,train,GSE279647,URS0000282AB2_9606,60
P073989,UUUGACCAGGGUAUGAUCUCU,1,positive,train,GSE308686,URS00005D7632_9606,68
P074842,UGUUUCUGAGCNNNNNNNNNN,1,positive,train,GSE308686,URS0000571896_9606,63
P068299,ACUGGGGCUCUUCAGCUCUCA,1,positive,train,GSE308686,URS0000013F57_9606,93
P073812,UGUGUAGUGGUGAACCUAUGG,1,positive,train,GSE308686,URS00006B6C71_9606,53
N005219,CCCACUCUGCAUCAACUGAAC,0,negative,train,GSE279647,URS00000133BF_9606,26
N005309,NNNNCAGAGAAUAGUUUAAAU,0,negative,train,GSE279647,URS000002176F_9606,7
P072633,UCUACUGAAGAAAGCCUGCGU,1,positive,train,GSE308686,URS00000335D1_9606,50
P072643,AAGAAAGCCUGCGUCUGAGGN,1,positive,train,GSE308686,URS00000335D1_9606,57
P063093,GGAGGCGUGGGUUCGAAUCCC,1,positive,train,GSE136967,URS0000572B72_9606,64
N005671,UGAAAAAGUCAUGGAGGCCAU,0,negative,train,GSE279647,URS000005DB15_9606,11
N016050,AUCUUGGAAGCUAAGUAUGGU,0,negative,train,GSE279647,URS000067F521_9606,52
N007413,UUCCUGGGGAUGGGAUUUGCU,0,negative,train,GSE279647,URS00001CC864_9606,23
P072232,AUGGGCGACACCAUGGCUGCC,1,positive,train,GSE308686,URS00006D051B_9606,57
P063499,GCUUAAUGAUGACUGUUUUUU,1,positive,train,GSE136967,URS0000446770_9606,12
P064421,AGUUUGUACAGUUUGAGGGUC,1,positive,train,GSE308686,URS00003DBD40_9606,24
N022324,CCAUAGCAAAUGGCAGCCUCG,0,negative,train,GSE279647,URS000072D77E_9606,69
N020719,GGCUAAGUAGGGUCAGGCCUG,0,negative,train,GSE279647,URS00006FF7E2_9606,61
N016436,GCUCUGAGUGCGGUGGUGUUU,0,negative,train,GSE279647,URS000068B213_9606,16
N033062,GAUGUUUUCUUUUCGAAAGGU,0,negative,train,GSE308686,URS00002B7232_9606,18
P078803,CUACAUUUUCUACCCCAGAAA,1,positive,train,GSE279647,URS000044DFF6_9606,726
N003925,NNNNNNNNGUGCUCGCUUCGG,0,negative,train,GSE136967,URS00001EC8D7_9606,3
P061328,AGUAAACCCCAGCUUAGGAAA,1,positive,train,GSE136967,URS000063C47F_9606,69
N015377,GUUAUGAGAACUGAUUAACAU,0,negative,train,GSE279647,URS0000670DF5_9606,31
N002993,UCGAGCCGCACGUUGGGCGNN,0,negative,train,GSE136967,URS00006C0A49_9606,65
N016916,UUUUUUUUUUUUUUUUUUUUU,0,negative,train,GSE279647,URS000069B08B_9606,140
P063564,GAGAUACUAUUAUCAAACGAA,1,positive,train,GSE308686,URS000075AD80_9606,28
P076671,UGACUCCAGAUCAGAAGGUUG,1,positive,train,GSE308686,URS00001618FC_9606,38
P078307,NCCGCCGGGCGCGGUGGCGCG,1,positive,train,GSE279647,URS000014C5D2_9606,10
N018034,UCACUUGACUAGCCUUUCNNN,0,negative,train,GSE279647,URS00006BBD5F_9606,95
P060639,GACAGGCCCAUCCCCCUGGAC,1,positive,train,GSE136967,URS0000656163_9606,28
P076541,GCUUAACAUUCAUGAGGCUCU,1,positive,train,GSE308686,URS000071ED2F_9606,39
N024132,CAACUCUUGUGUUGACUACCC,0,negative,train,GSE279647,URS0000AAB145_9606,116
P067833,UGCUAGAGUCCUCGAAGAGUA,1,positive,train,GSE308686,URS00002BF97D_9606,55
N012869,UUGAAGCUAAGCAGAGUGGGG,0,negative,train,GSE279647,URS00006338FF_9606,56
P072220,AUCCUUGCUCCCCGUGCCCCC,1,positive,train,GSE308686,URS00006D051B_9606,28
P064556,CGGGGCUCAUUCUCAGCGCGG,1,positive,train,GSE308686,URS00026A2211_9606,255
N000368,UCUCAUAGUGUACCCAUGCCA,0,negative,train,GSE136967,URS000072D77E_9606,51
N004727,AGUCUCCUUCAGACAAAANNN,0,negative,train,GSE136967,URS000033A30E_9606,121
P062460,CUCCCAUGAUGUCCAGCACUG,1,positive,train,GSE136967,URS00006611EB_9606,14
P060230,AUCGACUAUGUUGAUCUAACU,1,positive,train,GSE136967,URS0000643FAE_9606,49
N024289,NNNNNNNNNNUGCUGACUCCU,0,negative,train,GSE279647,URS0000B9F763_9606,1
N038368,CGCAGUAGGUAGCGCGUCAGU,0,negative,train,GSE308686,URS0000145C5E_9606,21
N016239,AAUGGUAGAAUUCUCGCCUCC,0,negative,train,GSE279647,URS0000684E4B_9606,24
N015285,CGUCCGUUCUCGUCUGAUCUC,0,negative,train,GSE279647,URS000066C40E_9606,36
P062741,CAUAGCCAUGGGAUCUCCAAC,1,positive,train,GSE136967,URS000002FDBC_9606,39
N018513,AACGAAAGGUUGGUGGUUCGU,0,negative,train,GSE279647,URS00006C6310_9606,49
N021782,NNNNNNNNGCCCGACUACCUC,0,negative,train,GSE279647,URS00007217B5_9606,3
N017094,GAGAAGAUUAUUAGCAUGGCC,0,negative,train,GSE279647,URS00006A3256_9606,56
P065805,NNNNAAUGGAAGCUGCUGGAA,1,positive,train,GSE308686,URS000075E781_9606,7
P077479,GCUCGUGCGUCGAUGAAGAAC,1,positive,train,GSE279647,URS0000005270_9606,35
P071411,CGUCUUAUAUUUUGCCAGUUA,1,positive,train,GSE308686,URS0000359B05_9606,58
N019557,UUUGGUUAAGUUCAAGUGUAG,0,negative,train,GSE279647,URS00006DD183_9606,26
P081872,ACUCUAGUUUCUCUUCAUAUC,1,positive,train,GSE279647,URS0000631BD4_9606,13
P059965,NNNNNNNGAGAAAUGAUGAGG,1,positive,train,GSE136967,URS0000A90AA7_9606,4
P060684,GUCGCUGGUUCGAUUCCAGCU,1,positive,train,GSE136967,URS000073FCEB_9606,56
P061889,GUUAAACAUUCGUAGUUUCCA,1,positive,train,GSE136967,URS000066E3F5_9606,29
P072822,CAUGUAUUAGCUGAAUCUAAA,1,positive,train,GSE308686,URS00002F8E76_9606,28
P059069,UGGGCUAUACCACUUAGUAUA,1,positive,train,GSE136967,URS000063EA00_9606,101
P066974,UGUUUUUCAUUCAGAUCUUGC,1,positive,train,GSE308686,URS0000818C5D_9606,69
N017909,NNNNNNNNGCCCGGAGAGCUC,0,negative,train,GSE279647,URS00006B98D7_9606,3
P067629,NNNNNUUCCAAAGUGUUGAGU,1,positive,train,GSE308686,URS000061AA47_9606,6
P075417,UAGGAUUCGGCGCUUUCACCG,1,positive,train,GSE308686,URS000064074C_9606,30
N024391,NNNNNGUUUCCAUAGCGUAGU,0,negative,train,GSE279647,URS0000C8E9E5_9606,6
N024460,AACUCAGAAGCUAAGCAAGCU,0,negative,train,GSE279647,URS0000CC5DF1_9606,42
P065592,AGGCUCCUGUGUUGUUGAGCC,1,positive,train,GSE308686,URS000015F227_9606,24
N017840,CACCUCUCUGGGUUGUUCGAG,0,negative,train,GSE279647,URS00006B799B_9606,53
N013125,GGGUCAGGCCUGGUAACUACU,0,negative,train,GSE279647,URS0000637B64_9606,69
P070422,NNNNNNNNNGCAUGGGUUUGG,1,positive,train,GSE308686,URS0000647500_9606,2
N015827,UUACCUGAAGUACAAUUAUUG,0,negative,train,GSE279647,URS000067848F_9606,47
P064577,GCAGAGAGUGCCACGUGCAUA,1,positive,train,GSE308686,URS00026A2211_9606,100
N016270,AGUUGCCUUCCAAGCAGUUGA,0,negative,train,GSE279647,URS000068668E_9606,36
P065842,GUAUCACAGGGCUGACUGUAC,1,positive,train,GSE308686,URS00005C0742_9606,107
P058555,GUUCAGGGUAGCUUCCCUGCU,1,positive,train,GSE136967,URS000068A4EE_9606,30
N013191,AUCUGAUAUGUCCUCUAUUCA,0,negative,train,GSE279647,URS0000638FCB_9606,69
N012661,GGGAUAGUUUUCACUUGUUCC,0,negative,train,GSE279647,URS000062D0A0_9606,20
N016357,AAUGUGCCUGAUCUCAUCUGA,0,negative,train,GSE279647,URS0000688F51_9606,31
N018274,ACCAUGAAUGUGGCUGAUCUU,0,negative,train,GSE279647,URS00006C1AFB_9606,26
N046361,UAGCAUUUCCAGCGACACAUG,0,negative,train,GSE308686,URS00003CCCBE_9606,69
P062135,UGAAAACUUUUCCCAAUACCC,1,positive,train,GSE136967,URS00003F07BD_9606,73
P069693,UGCCUUUGCCCUGGUCAUUGA,1,positive,train,GSE308686,URS000045555D_9606,36
N019679,GCCAUACCAUCCUGAACAUGC,0,negative,train,GSE279647,URS00006E06F0_9606,17
P078689,GUGCGCUAUGCCGAUCGGGUG,1,positive,train,GSE279647,URS000233AD7D_9606,180
P074062,ACUGCUGACAGCACACGNNNN,1,positive,train,GSE308686,URS00006A38AA_9606,80
P059137,CCACCCUUGAACCUUGUUACG,1,positive,train,GSE136967,URS000064F355_9606,69
N023274,GGUUCAGGGACACCCUCUCAC,0,negative,train,GSE279647,URS000075D553_9606,43
P065158,CAGAGGCGGCCCUAACAGGGC,1,positive,train,GSE308686,URS000013F331_9606,104
N025786,UGUGACAGAGAGAGAGAGAGA,0,negative,train,GSE279647,URS0002A56FDB_9606,160
P060975,GAUGGCAAUCAUCUUUCGGGA,1,positive,train,GSE136967,URS0000651282_9606,20
P070780,AUGAGAAUCUUUGUUAAUGGA,1,positive,train,GSE308686,URS000075CFA2_9606,61
N012299,UCUCCACUCCCACUACUUCAC,0,negative,train,GSE279647,URS0000624A33_9606,78
P076127,AUCAUAUUUACCAANNNNNNN,1,positive,train,GSE308686,URS00001EC0B3_9606,62
N014983,AUGGGAGAAUACUGUCGCUAG,0,negative,train,GSE279647,URS0000661539_9606,93
P078576,GCCUAGCCACACCCCCACGGG,1,positive,train,GSE279647,URS000044DFF6_9606,154
N025916,NNGCCCAUGACCAUGCCACCC,0,negative,train,GSE279647,URS000307382D_9606,9
N019321,CGCUUAUCCGCAGGGGAGGUA,0,negative,train,GSE279647,URS00006D73D5_9606,12
N003641,CCGUCAUUCUCGUCGAACUGA,0,negative,train,GSE136967,URS00006BC7F5_9606,77
N013301,ACACACCCAACAGGAAGCUGG,0,negative,train,GSE279647,URS000063BFC1_9606,59
P074236,GAUGUUGAUCAAAUGUCUGAC,1,positive,train,GSE308686,URS00006CFC33_9606,18
P078761,GACGCCCGAAUCCUCACUGCU,1,positive,train,GSE279647,URS0002A398C5_9606,660
P067822,NNNNNNNNNAUCGAGGCUAGA,1,positive,train,GSE308686,URS00002BF97D_9606,2
P078468,CGUAAAGACGUUAGGUCAAGG,1,positive,train,GSE279647,URS000044DFF6_9606,677
P063478,CUUAACGCUGUGACCAAAGAU,1,positive,train,GSE136967,URS00003818BD_9606,55
N003131,GAAAUGGGCUAGGGGAGAUGA,0,negative,train,GSE136967,URS0000629234_9606,75
N026144,GGUGGGCCUAGUUAGUGCUUG,0,negative,train,GSE279647,URS000316ED4B_9606,73
P070582,GCGUGCUUGGGUCUGCGGUGA,1,positive,train,GSE308686,URS000033FC0E_9606,24
P070629,GCUCCAUCCAGAGCAAGGUUA,1,positive,train,GSE308686,URS000033FC0E_9606,105
N006080,CCUCCUAUCCCUCAACCCCGA,0,negative,train,GSE279647,URS00000B09B7_9606,54
P061319,AACAGGGUUGUUCUUCAUGUG,1,positive,train,GSE136967,URS000063C47F_9606,88
P063109,NNGUCAGGAUGGCCGAGUGGU,1,positive,train,GSE136967,URS0000572B72_9606,9
P059053,GCGAUGAGGAGGUACCUAUUG,1,positive,train,GSE136967,URS00006D4FDA_9606,13
N046746,AGUAACAGCACUAGAUUGUAA,0,negative,train,GSE308686,URS00025E358E_9606,103
P064945,CAUCAAGAGAUUUCGGAAGCA,1,positive,train,GSE308686,URS000000A142_9606,75
P059947,GACGAAUUGAGUGAAAUCGUA,1,positive,train,GSE136967,URS0000608804_9606,96
N022934,ACUACUGUGCUCUGAGAAGCA,0,negative,train,GSE279647,URS000075A590_9606,36
N020437,UAUCAGUUUCAUAUCUGAUAU,0,negative,train,GSE279647,URS00006F6B56_9606,57
P059574,CUGUGAUGAUGGUUUUCCAAC,1,positive,train,GSE136967,URS000062548B_9606,14
N022299,CAGCUACGCAGGGUCUGGCCU,0,negative,train,GSE279647,URS000072D430_9606,49
N018876,GGACCAGUGAUGAAUAUCAUG,0,negative,train,GSE279647,URS00006CC403_9606,12
P074516,ACUUAAAUUACUUUUUGCCGU,1,positive,train,GSE308686,URS000075BEB6_9606,20
N032659,UAAACGCUUUCUGAUGUANNN,0,negative,train,GSE308686,URS000062539F_9606,56
P060618,GGUUCAUGAUGACACAGGACC,1,positive,train,GSE136967,URS000061A08C_9606,11
P064598,GCUAGGCGGGUGUCCCCUUCC,1,positive,train,GSE308686,URS0000734D8F_9606,84
P065275,AAGCCCAGGGACCUUUGGCCU,1,positive,train,GSE308686,URS0000569A4A_9606,56
N019458,CUGACCUCGGAAGCUAAGUAG,0,negative,train,GSE279647,URS00006DA5DB_9606,43
P057955,GCAUUUCUUAGGACACCUUUG,1,positive,train,GSE136967,URS00004BB247_9606,22
P064172,UGUCUCUGCUGUGUAAAUAGU,1,positive,train,GSE308686,URS000070F95C_9606,47
P058527,UGGUUCUAUCCUCAAACGCCG,1,positive,train,GSE136967,URS00000CC074_9606,131
P064355,GAGGUAGUAGGUUGCAUAGUU,1,positive,train,GSE308686,URS000075B243_9606,19
N016862,CAGGCGGGAUAAUCCUUACCU,0,negative,train,GSE279647,URS00006988DC_9606,15
P067140,CUCUCCCAUGAGACAAGCCGU,1,positive,train,GSE308686,URS00000F8A5F_9606,98
P072258,UGCUAUCUGAGAGAUGGUGAU,1,positive,train,GSE308686,URS000052FCE0_9606,34
P070673,UCCUGGGCAAAGGAUCAGUCU,1,positive,train,GSE308686,URS0000706530_9606,117
P064118,GACAUGGUUAAUGGAAUUGUC,1,positive,train,GSE308686,URS000071B780_9606,52
N006276,NNNNCUGGGGGCUCCAAAGUG,0,negative,train,GSE279647,URS00000DDD35_9606,7
P057589,CAGGGAUCAUUUCUAUAGUGU,1,positive,train,GSE136967,URS0000650B1E_9606,24
N014454,NNGUCUAUGGUCACACCACCC,0,negative,train,GSE279647,URS000065782C_9606,9
N012554,GAACCUAAGCAGGGUCAGGCC,0,negative,train,GSE279647,URS000062A50C_9606,60
N001761,AAGGGGCUGAAUGAAAAUGGC,0,negative,train,GSE136967,URS0000691595_9606,49
P069846,AUUGGUAGUGCAGGCAGAGGA,1,positive,train,GSE308686,URS00005B5A80_9606,54
P064143,AUAAAGGAAGUUAGGCUGAGG,1,positive,train,GSE308686,URS000075B951_9606,11
N032236,GUUAAGGUCCCUGAGAAUGGC,0,negative,train,GSE308686,URS00005A3020_9606,113
P060186,AACUGACGACGUCUAAUGUCU,1,positive,train,GSE136967,URS0000660E95_9606,54
N002623,GUCGUGUUCACAGUGGCUAAG,0,negative,train,GSE136967,URS0000233054_9606,55
P082390,UCAGGAAAAGAAAGUUAAAAA,1,positive,train,GSE279647,URS00033B08A1_9606,251
N028718,UGAACUUAUUGACGGGCGGAC,0,negative,train,GSE308686,URS000022EFB6_9606,20
N024848,NNNNNNNUAAAGCUAACUUAG,0,negative,train,GSE279647,URS0000E568C3_9606,4
N026036,AGUACUUGGAUGGGAGAAACU,0,negative,train,GSE279647,URS00031234AA_9606,81
P066619,GAUUUCUACACUCAGUGCUCG,1,positive,train,GSE308686,URS000075A77B_9606,83
P077507,CAGUUGACACAAAAUAGACUA,1,positive,train,GSE279647,URS000044DFF6_9606,365
P065552,CCCAACCCUGACCUAAAGUAA,1,positive,train,GSE308686,URS000015F227_9606,79
P062186,NAGCUUUGCGCAGUGGCAGUA,1,positive,train,GSE136967,URS00003F07BD_9606,10
N025166,NNNNNNNNNCUGGUUUCAUAU,0,negative,train,GSE279647,URS000230EE3D_9606,2
P060008,GCUGCUGUGGUCAAAAAGGAG,1,positive,train,GSE136967,URS00006D2F8D_9606,47
N014408,UCCACUCUUUCCCCUUUCUCA,0,negative,train,GSE279647,URS0000655B70_9606,77
P075734,NNNGCCUGGAUAGCUCAGUUG,1,positive,train,GSE308686,URS00006587E4_9606,8
N017985,UAAUGAUGAAUUUCAUAGGGC,0,negative,train,GSE279647,URS00006BB86E_9606,31
N017669,NGGUCCCAUGGUGUAAUGGUU,0,negative,train,GSE279647,URS00006B4735_9606,10
P061064,GUGAUGUAUUUGUCAACACAU,1,positive,train,GSE136967,URS00006E0396_9606,16
N013711,UUGCCUUGUUUCUUCUCCUCU,0,negative,train,GSE279647,URS0000646A59_9606,65
P057801,UGUGAGACGAAUUUUUGAGCG,1,positive,train,GSE136967,URS00006ECA78_9606,75
N010384,UGCGUUGUGGCCGCAGCAACC,0,negative,train,GSE279647,URS000044BAE3_9606,38
P070601,UCUGCGGUGACCCUAUGCAUU,1,positive,train,GSE308686,URS000033FC0E_9606,35
P063253,GGUCCGCUCCUGUCCCUUUCA,1,positive,train,GSE136967,URS00007168E7_9606,104
P059262,GCCAUUGCUUCACUGUUGGCU,1,positive,train,GSE136967,URS00005D7632_9606,48
P068814,CAACUCUCACAUUCNNNNNNN,1,positive,train,GSE308686,URS000065E84A_9606,133
N027368,CGUUGGAAACGCCUCAUAGAG,0,negative,train,GSE308686,URS0000202A89_9606,54
N004386,UGAGCAUUCUAGCAGCAGUUU,0,negative,train,GSE136967,URS000015F227_9606,148
P061663,UAGAGCGUGGUGCUAAUAACG,1,positive,train,GSE136967,URS0000610FFE_9606,31
N018398,CCCAAAGAAUGGCUCCUCUGU,0,negative,train,GSE279647,URS00006C38E6_9606,33
P069689,UUCCCCGUGUUUGAAGGGUCC,1,positive,train,GSE308686,URS000045555D_9606,87
P059306,CUUUGACUUCUGACACCUCGU,1,positive,train,GSE136967,URS000053336F_9606,27
P074821,GGCUGUGAUGAUUGGCGCAGG,1,positive,train,GSE308686,URS00005ACA64_9606,13
P067344,NNCUGGCACUUUCACAGUUCC,1,positive,train,GSE308686,URS000022C1CA_9606,9
N019582,AUCCAAGGACAAUCUGUUAAA,0,negative,train,GSE279647,URS00006DE490_9606,72
N022079,NCAGCCUGAAGUGAUGAUUCA,0,negative,train,GSE279647,URS0000729A81_9606,10
P062350,ACUGCUGACCUUAUUCACUGG,1,positive,train,GSE136967,URS00002BF97D_9606,76
N004880,UCUGUUCCUAGGAGUGCGACA,0,negative,train,GSE136967,URS0000034D55_9606,120
N019572,NNGUGGGGCCAGGCGGUGGUG,0,negative,train,GSE279647,URS00006DE17B_9606,9
N007673,GGGCUAGAGCUUUUUGACUGU,0,negative,train,GSE279647,URS00001F1A89_9606,25
N021022,UCGAUCCCCGUGCCGGUCANN,0,negative,train,GSE279647,URS000070BF11_9606,66
P078848,UAGCGCGCGGUACUUAUAUGA,1,positive,train,GSE279647,URS0000757938_9606,31
P063327,AUGAUGAAUCAAACUAGCUCA,1,positive,train,GSE136967,URS0000164B86_9606,16
P059951,GGAGGCUGAUACACAAAUUGG,1,positive,train,GSE136967,URS0000608804_9606,13
P059585,AUCUGCUUACCUGAUUGUGUU,1,positive,train,GSE136967,URS00006F5B60_9606,25
P081353,CAGCAAACCCUGAUGAAGGCU,1,positive,train,GSE279647,URS000044DFF6_9606,634
P071319,CCUCUAAGAAGUUGACUGAAG,1,positive,train,GSE308686,URS000068C891_9606,73
N000086,CUGCUUCCGCAUAGCUGCUGU,0,negative,train,GSE136967,URS00006D2F8D_9606,34
N022930,GCCGCGCGGUGCCGCCGGCGG,0,negative,train,GSE279647,URS000075A546_9606,78
P063162,GGCCUCGGGGCAAAGAGAAAG,1,positive,train,GSE136967,URS00006CC68C_9606,60
P068594,CUCGUGGGACUCUAGAGGGAG,1,positive,train,GSE308686,URS00004C6FD8_9606,40
P065325,UACUUUUGAGCUACCUCUUUU,1,positive,train,GSE308686,URS0000569A4A_9606,156
N003568,NNNNNNNNNNGCCCCGGUGGC,0,negative,train,GSE136967,URS000005A7A9_9606,1
P068892,AGUGCCCGUUUCUGUCAUAGC,1,positive,train,GSE308686,URS000072157F_9606,29
N015951,GCACGUGUAUUAAAAUUGGAA,0,negative,train,GSE279647,URS000067CBCB_9606,26
N022153,UUUUGAUUAAAGCCAUCUGUA,0,negative,train,GSE279647,URS0000729F65_9606,50
P070971,GGAUCAAUGAUGAGUAUGCGU,1,positive,train,GSE308686,URS00006B57E0_9606,12
P060638,UUUGGAUUAUGACAGGCCCAU,1,positive,train,GSE136967,URS0000656163_9606,18
P058023,ACCAAUGAUGUAAUGAUUCUG,1,positive,train,GSE136967,URS0000507EBE_9606,12
P059974,GAUUUCCUUUUGGAUAAUGAA,1,positive,train,GSE136967,URS000063A91D_9606,42
P063063,CAAUUGAUUGUUCACAGUCAG,1,positive,train,GSE136967,URS0000103047_9606,38
N022668,GUGUCCUUAGACAUCCUUAGG,0,negative,train,GSE279647,URS000074FC25_9606,54
N001745,ACCAUAAAAAAAUUUCCCAGU,0,negative,train,GSE136967,URS00004AEC70_9606,62
N010180,UAGCAGCACAUCAUGGUUUAC,0,negative,train,GSE279647,URS000041CB9C_9606,30
N083360,ACCCUGAUAGUUUGAGGAUGC,0,negative,train,GSE136967,URS0002869D3B_9606,80
P069818,NNNNNNCGCCUGCAUUCGUAA,1,positive,train,GSE308686,URS00005B5A80_9606,5
N018359,AUCUGUUCUUAUCGUCUUAAU,0,negative,train,GSE279647,URS00006C30CA_9606,48
P059169,UAAAUCCUAUUCCAUUGCUGA,1,positive,train,GSE136967,URS000062C164_9606,26
P081854,GUUGGCAGGCUACCGGUAAGA,1,positive,train,GSE279647,URS00006BA413_9606,155
N022370,NNNNNNNNNCCUUCAAUAGUU,0,negative,train,GSE279647,URS0000730EC3_9606,2
N024681,NNNNNNNNCAUUGGACUGUAA,0,negative,train,GSE279647,URS0000DD4879_9606,3
N025772,GAGGCGGAGGUUGCGGUGAGC,0,negative,train,GSE279647,URS0002A398C5_9606,1600
N002954,AUGAUUGGGUANNNNNNNNNN,0,negative,train,GSE136967,URS000042B108_9606,24
N018216,NNNNNNNNNAGGAAGUUAGGC,0,negative,train,GSE279647,URS00006C130C_9606,2
N016608,UCCCCUGUGCAAGGAUGACAU,0,negative,train,GSE279647,URS000068F0FA_9606,69
N004271,UGGGCCCGUCCCCCUGGACCU,0,negative,train,GSE136967,URS000068824B_9606,31
P074900,CGAUGAUUAUAAAAAGACGCG,1,positive,train,GSE308686,URS00003B57B1_9606,16
P067727,UUCAAUGGGACAAUUNNNNNN,1,positive,train,GSE308686,URS000037D7AE_9606,125
N022296,CCUGAUCUUGUCAGCUACGCA,0,negative,train,GSE279647,URS000072D430_9606,38
P066997,ACAAACAUCAUGCGGCCAAAG,1,positive,train,GSE308686,URS0000818C5D_9606,97
P062118,CCCCGCCGUGACGACUUGCAA,1,positive,train,GSE136967,URS00003F07BD_9606,91
N023120,CGCCCCGCCCCGCGCCCGCAC,0,negative,train,GSE279647,URS000075B9C6_9606,55
P067765,CUGUGCCAGUGGCAGCUGUCA,1,positive,train,GSE308686,URS000037D7AE_9606,104
P058960,UCAAAUCUCGCUGGGGCCUNN,1,positive,train,GSE136967,URS000068C296_9606,64
N004992,UUCCAGCUCUUUUNNNNNNNN,0,negative,train,GSE279647,URS0000000A8C_9606,86
N035709,GUAGUGUGGCCGAGCGGUCUA,0,negative,train,GSE308686,URS0000637E4A_9606,12
P061960,UGGGCCUUACUGUGGCCUCUC,1,positive,train,GSE136967,URS0000210FD6_9606,101
N008450,ACUUAAGAUUAAAAUCACAUU,0,negative,train,GSE279647,URS0000283D0A_9606,55
N026995,GUGCUGAUUGUCACGUUCUGA,0,negative,train,GSE308686,URS000022EFB6_9606,50
P079482,GUGUGUUGGCAGGCUACCGGU,1,positive,train,GSE279647,URS00006BA413_9606,151
P075671,NNNNGCUCCAGUGGCGCAAUC,1,positive,train,GSE308686,URS00007362AD_9606,7
P061719,UCACGGCCAUGAGAUCAACCC,1,positive,train,GSE136967,URS00006D7506_9606,53
P076864,NNNNGACUCUUAGCGGUGGAU,1,positive,train,GSE279647,URS00006CE1FB_9606,7
P069856,GGUUGCUGUGUUUGGAGGGUC,1,positive,train,GSE308686,URS00005B5A80_9606,86
N025254,GUGCUGAUGCUGUCUAUUCUA,0,negative,train,GSE279647,URS0002310E6A_9606,22
P064629,UAGCUGCGCUCCCCUGCUAGA,1,positive,train,GSE308686,URS0000734D8F_9606,209
P068595,GCAACAGUAAGUGGUGAGUUC,1,positive,train,GSE308686,URS00004C6FD8_9606,68
N005760,NNNNNNUGGUAUAUAGUUUAA,0,negative,train,GSE279647,URS000008A8CC_9606,5
P061891,GUGAUUGUUAAACAUUCGUAG,1,positive,train,GSE136967,URS000066E3F5_9606,23
N018365,CCUCCAUCUGAGGACAACAUA,0,negative,train,GSE279647,URS00006C30CA_9606,80
N006101,UUGGAGGAAAAUAAAUGUGGA,0,negative,train,GSE279647,URS00000B589B_9606,61
N016579,UAAGCAGGUUUGGGCCUGGUU,0,negative,train,GSE279647,URS000068E17B_9606,54
N020282,CCUAGGAACUGAUUGGUCUUU,0,negative,train,GSE279647,URS00006F4229_9606,19
P061295,AGUGAUGGAGAGCAAUACCCG,1,positive,train,GSE136967,URS00008E3980_9606,17
N046706,CAGCUCCCUGGGGACACAGGU,0,negative,train,GSE308686,URS00006FB8B0_9606,115
N018043,UGCCCCACUCCACCCAUUGAC,0,negative,train,GSE279647,URS00006BC301_9606,137
N017559,GAUAGAGUGUAGUAUCUGUUC,0,negative,train,GSE279647,URS00006B0107_9606,35
N006741,AUUUGCAAUUCAAUAUGAAAA,0,negative,train,GSE279647,URS000013A388_9606,43
N083191,GCAUGAUACUUUGGCCUUCCU,0,negative,train,GSE136967,URS00006DF28D_9606,98
N048382,UGGAUAAGGCGUCUGAUUCCG,0,negative,train,GSE308686,URS00001D909A_9606,26
P078955,CACGGGAAACAGCAGUGAUUA,1,positive,train,GSE279647,URS000044DFF6_9606,169
P060611,AGUACGUUCUGACUUUCGUUC,1,positive,train,GSE136967,URS000075A693_9606,26
P073526,NNNNNNNNNCCUUCUAUGAUG,1,positive,train,GSE308686,URS00004BEE5E_9606,2
N006508,CGGGGGUUCCAGGGCACGAGU,0,negative,train,GSE279647,URS000010A63C_9606,65
P060290,AGGCAGGGGGGACAGUGUAUG,1,positive,train,GSE136967,URS000065E84A_9606,50
P074440,GCCUUCCUUCUGAGAACAGCN,1,positive,train,GSE308686,URS000054DD16_9606,86
P073402,AUAAAUUCUGAGCAGCNNNNN,1,positive,train,GSE308686,URS000005BADB_9606,60
N017212,CAUUCAGUUACAGAUUUAUUU,0,negative,train,GSE279647,URS00006A66F2_9606,51
N003908,GUGUGUUGGAGGAUGAAAGUA,0,negative,train,GSE136967,URS00006A38AA_9606,12
N013256,CAGCUGCAUAAUUUGUGGUAG,0,negative,train,GSE279647,URS000063A3A7_9606,126
P072097,AUGGUAUCUUUUGUGAGGAGG,1,positive,train,GSE308686,URS0000ABD829_9606,49
P063321,AUCAAACUAGCUCACUAUGAC,1,positive,train,GSE136967,URS0000164B86_9606,23
P068596,UGGCUCGUGGGACUCUAGAGG,1,positive,train,GSE308686,URS00004C6FD8_9606,37
P073827,NNNNNNNNNAAAUGAUGAAAU,1,positive,train,GSE308686,URS00006B6C71_9606,2
P059043,ACGGUGAUAAUUUUAUACGCU,1,positive,train,GSE136967,URS00006D4FDA_9606,43
N019995,UCCAGGAGUAAUUAUUGCUAA,0,negative,train,GSE279647,URS00006EB83A_9606,50
P067017,AAAGAGUAACUUGGGAUCAUA,1,positive,train,GSE308686,URS0000818C5D_9606,114
P060697,CUGCUGGCUGAGUUUCAGAGA,1,positive,train,GSE136967,URS000065DBA2_9606,39
P068653,CUUUCUAGUCUGGCUCGUGGG,1,positive,train,GSE308686,URS00004C6FD8_9606,27
N055775,GCCUAACUCUGCCACAUAUAU,0,negative,train,GSE308686,URS000002084A_9606,58
P069536,AGGUUGCAAUUACAGUGCUUC,1,positive,train,GSE308686,URS00002982D8_9606,16
N037603,AGAAUUACACUGAGACCUNNN,0,negative,train,GSE308686,URS00002F8E76_9606,64
P064251,UAAGUUGUAUUGUUGUGGGGU,1,positive,train,GSE308686,URS000075BF40_9606,40
N046674,GGUGCAAACAAUUNNNNNNNN,0,negative,train,GSE308686,URS0000148398_9606,198
N023573,GUGCGAGAAUANNNNNNNNNN,0,negative,train,GSE279647,URS00007EA7AF_9606,47
N016322,CAAACUGUAGCCCUGAACCAU,0,negative,train,GSE279647,URS000068824B_9606,74
P061539,UUCCAAUUAAAGCACGUGUUA,1,positive,train,GSE136967,URS00006F39E7_9606,23
P061516,GCAUGGUAAUGGAUUUAUGGU,1,positive,train,GSE136967,URS000072D77E_9606,11
P059582,CAAAAAAACUGAUUUAAUGAG,1,positive,train,GSE136967,URS0000406CED_9606,54
P080843,UGGGGGAGCCCGUCCCGGUCG,1,positive,train,GSE279647,URS0000D509D9_9606,19
P074130,AGUGAUGAAAAAAGUUUCGGU,1,positive,train,GSE308686,URS000051B5A1_9606,15
P074607,CACUGGGCUCCGACUGCCACU,1,positive,train,GSE308686,URS000075DD61_9606,33
P079229,GCGGCCCUAACAGGGCUCUCC,1,positive,train,GSE279647,URS0000D5E272_9606,107
N021122,UCCAUCGCACUCCGGAUAUGC,0,negative,train,GSE279647,URS000070FCA1_9606,72
P073112,NNNNNNNNNGGGAAUGAUGAU,1,positive,train,GSE308686,URS0000716E7D_9606,2
N023527,NNNNNNNNNNAGGCGGAGACU,0,negative,train,GSE279647,URS00007E4973_9606,1
P065316,GCUAAGCCCAGGGACCUUUGG,1,positive,train,GSE308686,URS0000569A4A_9606,53
N005332,AGUGGUUAGAGCACUGGUCUU,0,negative,train,GSE279647,URS0000023412_9606,24
N021345,GAACUAUUCAGAGGUUAGCAU,0,negative,train,GSE279647,URS0000715073_9606,44
P072137,NNNNNNNNNNUGGAUAUGAUG,1,positive,train,GSE308686,URS000053D4AB_9606,1
P065814,NNNNNNNAAUGGAAGCUGCUG,1,positive,train,GSE308686,URS000075E781_9606,4
P067291,GUAGGGAAUGGCUAUUUCAUU,1,positive,train,GSE308686,URS0000552BBC_9606,113
N019345,AUCCUAAAAUUGGAAAAAUAC,0,negative,train,GSE279647,URS00006D8531_9606,32
P070586,NNNNNNNNUAGCAAGCCUCCA,1,positive,train,GSE308686,URS000033FC0E_9606,3
N007808,UGUAUAUGUGGCUGUGCAAAU,0,negative,train,GSE279647,URS0000204276_9606,60
P061063,UGUCAACACAUCACUCUGAAG,1,positive,train,GSE136967,URS00006E0396_9606,26
N011960,UAAUUGAUCACAACCAGUUAC,0,negative,train,GSE279647,URS00005CF03F_9606,41
P061014,UGAUGAUUUUAUCAAAAUGAC,1,positive,train,GSE136967,URS00004BEE5E_9606,18
P082748,UUGGCAGAAGUGUCCUAUUUA,1,positive,train,GSE279647,URS000043549A_9606,104
P076247,NNNNNNGUAGUCGUGGCCGAG,1,positive,train,GSE308686,URS000038D8D3_9606,5
P069359,AGGAAAGUAGCAGCUUGGAAU,1,positive,train,GSE308686,URS00004C8BD1_9606,53
N002840,NNNNNGCUGGCAUAUAUGAUG,0,negative,train,GSE136967,URS0000643FAE_9606,6
N018161,AGAAGAUUAGCGUGUCCCCUG,0,negative,train,GSE279647,URS00006C0952_9606,55
N006402,UUAGUACUUGGAUGGGAGACC,0,negative,train,GSE279647,URS00000F9D45_9606,82
P067141,GGCAGAUGAUCAAAACUGUCU,1,positive,train,GSE308686,URS00000F8A5F_9606,25
N008071,UUGCUUCAGUGAACAUUCAAC,0,negative,train,GSE279647,URS000022682F_9606,23
N007098,NNGGGCUUUCAAGUCACUAGU,0,negative,train,GSE279647,URS0000184017_9606,9
P058295,UUUGCCCUGGUCAUUGAUAGU,1,positive,train,GSE136967,URS0000A8E179_9606,64
P064082,UCUUUUGGUGUUCAGAGUCAA,1,positive,train,GSE308686,URS00004E9304_9606,21
P071818,GCUCUUGGUCCUUGUCAGUGC,1,positive,train,GSE308686,URS000043549A_9606,53
P078223,AAGUUUAACUAAGCUAUACUA,1,positive,train,GSE279647,URS000044DFF6_9606,208
P076118,GGGCCCAUACCCCGAAAAUGU,1,positive,train,GSE308686,URS000006E464_9606,36
N016631,AUCGAUGAUGACUACUGGUGG,0,negative,train,GSE279647,URS0000690AB9_9606,14
P063040,UCUACUCUUUCCCCCCUUCUC,1,positive,train,GSE136967,URS0000103047_9606,79
P067620,AGGGCAGCUUCCCUGUUCUGU,1,positive,train,GSE308686,URS000061AA47_9606,34
N025890,NNNNNNNNNNAUACUUUCUUG,0,negative,train,GSE279647,URS000305EF31_9606,1
P073008,AAUUAACUGACUGCACCCNNN,1,positive,train,GSE308686,URS0000456F03_9606,67
N025924,UCAGAAACUAAGCAGGGUCGG,0,negative,train,GSE279647,URS00030758EE_9606,55
P076195,AACGCGUCUGACUACGGAUCA,1,positive,train,GSE308686,URS0000416E93_9606,31
P062621,GUGAGCGAAGAUUAUGAGAUA,1,positive,train,GSE136967,URS00003B57B1_9606,123
P071996,AAAUGAUUUUGUGGAAGUUCU,1,positive,train,GSE308686,URS00003DDA12_9606,53
N050905,GAAAAUUAAUAAAUUCUGAGC,0,negative,train,GSE308686,URS000005BADB_9606,52
N003542,GUAUCCUGUCAGAGGAAACAA,0,negative,train,GSE136967,URS00005F1DD0_9606,114
N006734,CUUCUUCGAAUUUGCAAUUCA,0,negative,train,GSE279647,URS000013A388_9606,34
N016923,AGAGCAGGGGGCCUAAAGAAU,0,negative,train,GSE279647,URS000069B54D_9606,22
P076647,AAGGUCCUCGGGUCGAAACCG,1,positive,train,GSE308686,URS0000753215_9606,53
N025487,NCUUUUUGUUCUAAGGUGCAU,0,negative,train,GSE279647,URS0002331E48_9606,10
P063045,CUCCUUGUUCUACUCUUUCCC,1,positive,train,GSE136967,URS0000103047_9606,71
N025877,GCCAUGUUGUUAGACAUGGGG,0,negative,train,GSE279647,URS0002EF7A97_9606,18
P058691,GGAUAAGGCAUUGGCCUCCUA,1,positive,train,GSE136967,URS000005A7A9_9606,27
P066956,NNNNNNNNNCAUGGCUGCUGU,1,positive,train,GSE308686,URS0000818C5D_9606,2
P060592,NNNNCACCAGUGAUGAGUUGA,1,positive,train,GSE136967,URS0000130A5F_9606,7
P060308,CUAUCUUAGGACACCUUUGGA,1,positive,train,GSE136967,URS00006ADC79_9606,23
P059161,NNNNNNNGAGUUAUGAUGUGU,1,positive,train,GSE136967,URS000062C164_9606,4
P060507,NNCCUCUUCUCAGAACACUUC,1,positive,train,GSE136967,URS0000A8C404_9606,9
P061344,CAGGUCUCUGUUGGCUGGUGC,1,positive,train,GSE136967,URS000063C47F_9606,29
N017092,NNNNAUGCUUGUUUCGGCAGC,0,negative,train,GSE279647,URS00006A3256_9606,7
P063743,ACCGGUCUCUUUCCCUACUGU,1,positive,train,GSE308686,URS000046FA49_9606,71
P074613,NNNNCUGGGGCUCCCAUGAUG,1,positive,train,GSE308686,URS000075A57C_9606,7
N019659,UAUGAGUCUUACAUGAUGAAU,0,negative,train,GSE279647,URS00006DFE33_9606,37
N020984,UGUAUGCGUUGCUCUAAGGGA,0,negative,train,GSE279647,URS000070876C_9606,111
P067163,CAAUUUGAGCUUGCUAUAGCA,1,positive,train,GSE308686,URS00000F8A5F_9606,50
N005297,AGCCAGUUGAUUAGGGUGCUU,0,negative,train,GSE279647,URS00000208B4_9606,19
N006466,NNNNNNNNGUCCUUGUAGUAU,0,negative,train,GSE279647,URS00000FCDE9_9606,3
P061376,UCCUCAUGGGGACCCAGUGUG,1,positive,train,GSE136967,URS00000D55EA_9606,41
P079298,UAGAUACCCCACUAUGCUUAG,1,positive,train,GSE279647,URS000044DFF6_9606,440
P060089,GGCGCCGGGGGUCAAUCUGCA,1,positive,train,GSE136967,URS0000A9F116_9606,47
N023542,NNNNNNNNNNUGAAGUUCUGU,0,negative,train,GSE279647,URS00007E4DB3_9606,1
P070420,UGGGCCUGUCAUAGUACCCCA,1,positive,train,GSE308686,URS0000647500_9606,45
P074228,CAUGUAGACAAAGGUAACACU,1,positive,train,GSE308686,URS00006CFC33_9606,49
P067328,AUUUGGUAGCUGGUGCUGAGA,1,positive,train,GSE308686,URS000022C1CA_9606,52
N026050,ACUAUCCUGAGCGCACCCCAU,0,negative,train,GSE279647,URS000313FDA5_9606,20
P064085,CACAUGGUGGCUUAGAUUUUU,1,positive,train,GSE308686,URS00001E96DA_9606,28
N005025,CGCACGUUGGGNNNNNNNNNN,0,negative,train,GSE279647,URS0000001346_9606,73
N025302,NNNNNNNNNNACAUCCCUUGC,0,negative,train,GSE279647,URS0002311711_9606,1
N019343,NAUGCUCACCUCGGCAGCACA,0,negative,train,GSE279647,URS00006D8531_9606,10
P078532,CAAUGAGCGCAUAGUGAGGGC,1,positive,train,GSE279647,URS000075ADBA_9606,43
N019256,UGAGAUUACGCUCUGUGGUCC,0,negative,train,GSE279647,URS00006D5693_9606,20
N011946,UCCAGUCCUUUUNNNNNNNNN,0,negative,train,GSE279647,URS00005CCF67_9606,97
N012362,AGAUCCAAUGGGCUGGUGCCC,0,negative,train,GSE279647,URS0000625435_9606,46
N017498,GGAUGGGUUGCUCUAAGGGAC,0,negative,train,GSE279647,URS00006AEB04_9606,112
P063797,AGUGCAGGUAGUGAUAUGUGC,1,positive,train,GSE308686,URS000032AA22_9606,36
P062892,UGGCGUCCAUGAUGUUCCGCA,1,positive,train,GSE136967,URS00006283BD_9606,11
N039497,AUCACAGUAUGCAUAUUGCAG,0,negative,train,GSE308686,URS00004ACFCF_9606,94
N005213,ACACCUGUCAUCCCAUUGAUC,0,negative,train,GSE279647,URS00000122E3_9606,36
P058658,CUUUUCCCAAUACCCCGCCAU,1,positive,train,GSE136967,URS0000149178_9606,79
N023603,NNNNNNNNNNGUUGAAAUACA,0,negative,train,GSE279647,URS0000803B68_9606,1
P064771,GAUCGGGUGUCCGCACUAAGU,1,positive,train,GSE308686,URS00000478B7_9606,111
P071072,CUAUCACCCAUGACUGAUGGC,1,positive,train,GSE308686,URS00002F13BD_9606,65
P068713,GUGCCGCUCCCCGUAAUGUAC,1,positive,train,GSE308686,URS00000CC074_9606,42
P060773,UAAAAAUAAAUGUCUGAACAU,1,positive,train,GSE136967,URS000071E913_9606,29
P074215,UUCAGCAGAUUUAAUCAUGAA,1,positive,train,GSE308686,URS000082A21B_9606,33
P062488,GAUUAGCAUGGCCCCUGCGCA,1,positive,train,GSE136967,URS000035C796_9606,59
P072336,UCCAUGAUGAACACAAAAUGA,1,positive,train,GSE308686,URS000041615F_9606,13
P059483,GGCUCUGCCCCAUGAUGUACA,1,positive,train,GSE136967,URS00004A4D73_9606,77
P076251,NNNNNNNNNNGUAGUCGUGGC,1,positive,train,GSE308686,URS000038D8D3_9606,1
N010622,GUAUUGCAACUUACUGAGGGC,0,negative,train,GSE279647,URS000047C095_9606,21
P070796,GAGAGCAUUGUUCUGAGCCAG,1,positive,train,GSE308686,URS000075AA41_9606,63
P071126,UAACCUUGACUGAAGCUGAUG,1,positive,train,GSE308686,URS000075EC44_9606,38
P071598,NNNNNUCACUAUGAUGAUUGG,1,positive,train,GSE308686,URS0000080E9E_9606,6
P061363,UUAUUCAAAAUGUCUGAACCU,1,positive,train,GSE136967,URS0000A92109_9606,55
P057929,AGCCAGGGACAAAGCAACUCC,1,positive,train,GSE136967,URS0000438819_9606,63
N047103,UGGGGCCAAUGCCCAGGGGCU,0,negative,train,GSE308686,URS00006D051B_9606,93
N015001,ACCCUGAACGCGCCCAGUCUU,0,negative,train,GSE279647,URS0000661606_9606,26
P070481,GUGGGUCCUUCUCUGUGGGCC,1,positive,train,GSE308686,URS00003D5684_9606,27
N017562,UAUCUGAUGUAUCCUCUGUCC,0,negative,train,GSE279647,URS00006B0107_9606,68
N012693,UUGUCUAGUAGGCUUUCUGGG,0,negative,train,GSE279647,URS000062EE50_9606,34
P066816,GUAGUCUCACAGUGAUACGAG,1,positive,train,GSE308686,URS00005682D3_9606,32
N000362,CCGGGCGGGCGGGAGGGACGG,0,negative,train,GSE136967,URS000075BA3A_9606,17
P060320,UUGUUCACCUGAUAACAUAAA,1,positive,train,GSE136967,URS0000653FA4_9606,41
P058967,ACCAGGGUCGCGAGUUCAAAU,1,positive,train,GSE136967,URS000068C296_9606,49
P081869,AUGUUCAUACACCUAUCCCCC,1,positive,train,GSE279647,URS00000B09B7_9606,28
P058428,UGCCUGGCGGGAAGGUCCUGG,1,positive,train,GSE136967,URS0000706530_9606,102
P081386,NNNNGAUGUGAGGGCGAUCUG,1,positive,train,GSE279647,URS000067B5FE_9606,7
P071950,UGGUGAAAAUCUGAUCACNNN,1,positive,train,GSE308686,URS00006BA413_9606,230
N009864,NNGAGCACUGUUCGUAACCCG,0,negative,train,GSE279647,URS00003CCCBE_9606,9
N024236,UAAAGACUUUUNNNNNNNNNN,0,negative,train,GSE279647,URS0000B1FFF1_9606,61
P067449,UCCACCACAGAUGCAAGAAGA,1,positive,train,GSE308686,URS0000721537_9606,60
N014667,UAUUCAUUGCACUCCAGAUGU,0,negative,train,GSE279647,URS000065C46E_9606,72
N023994,GAACACUCUCGAUCUCGUGUG,0,negative,train,GSE279647,URS0000A91C06_9606,31
P062729,AGCGCAGGUCAGUACAAUACC,1,positive,train,GSE136967,URS000002FDBC_9606,92
N016148,UGGCAGAAGAAAUGUUAUGAU,0,negative,train,GSE279647,URS0000681820_9606,20
N013877,ACUGGGGUUCGAUUCCCUGAG,0,negative,train,GSE279647,URS000064A807_9606,56
N012691,ACAGCUCUUUUAGAAUUUGUC,0,negative,train,GSE279647,URS000062EE50_9606,18
P063168,UCUGCUGUGCCUGUGGCCUCG,1,positive,train,GSE136967,URS00006CC68C_9606,46
P061082,GGAGACACCAGGUAGGGAGUU,1,positive,train,GSE136967,URS000071BC75_9606,39
P059305,ACUUCUGACACCUCGUAUGAA,1,positive,train,GSE136967,URS000053336F_9606,32
N003190,GAGGAUCUGAGGAANNNNNNN,0,negative,train,GSE136967,URS00006A65B9_9606,73
N012865,UCUGAUCUGUUGAAGCUAAGC,0,negative,train,GSE279647,URS00006338FF_9606,47
N031571,UGACAAUCAUAUUUACCAANN,0,negative,train,GSE308686,URS00001EC0B3_9606,57
N013189,GCUUAAAAUCUGAUAUGUCCU,0,negative,train,GSE279647,URS0000638FCB_9606,62
N008056,AGUCCCACCAGAGUCGNNNNN,0,negative,train,GSE279647,URS0000225EE1_9606,81
P061449,UAUGAUGAUUGGUUGCCAGAC,1,positive,train,GSE136967,URS00006F7FE3_9606,15
N021092,CCAGCAAUCCGAGUUCGAAUC,0,negative,train,GSE279647,URS000070F1D2_9606,50
P057696,CGUUGCUUGGCUGCAACUGCC,1,positive,train,GSE136967,URS0000650B1E_9606,138
N024293,ACGCUGUCGGUGAGUUUGGGA,0,negative,train,GSE279647,URS0000BACDAC_9606,20
N023939,UUUUCUGAUUAAGCCAGNNNN,0,negative,train,GSE279647,URS0000A77ED7_9606,74
N007044,NNNNNNNNNNUACCCUGUAGA,0,negative,train,GSE279647,URS000016D2D4_9606,1
P074495,GCUCCCUGACCUAUACAGGCC,1,positive,train,GSE308686,URS00003D103A_9606,34
P058135,UCCUGGUUUUCACCCAGGUGG,1,positive,train,GSE136967,URS0000639DBE_9606,36
P076153,CACUCUGGACUCUGAAUCCAG,1,positive,train,GSE308686,URS0000415026_9606,33
N010020,NNNNNNNNNNGCUCCGAGGUG,0,negative,train,GSE279647,URS00003F0CDE_9606,1
N033483,UUAACUUCCAAUUAACUAGUU,0,negative,train,GSE308686,URS00000C6674_9606,35
N000239,GAGCGUGUUAGGCGAGUGCGU,0,negative,train,GSE136967,URS000023DE4C_9606,131
P076126,ACAAAACGAAUGAUUUCGACU,1,positive,train,GSE308686,URS00001EC0B3_9606,26
P059959,UGUCCUGCAUGUGGCAGGCUG,1,positive,train,GSE136967,URS00005ACA64_9606,84
P076772,UUCGAGUACAUUGUAACCACC,1,positive,train,GSE308686,URS0000000A8C_9606,35
P058318,AUCAAGAAGUCCCCGGUUCAA,1,positive,train,GSE136967,URS0000646601_9606,47
P063301,AAGGUUCCGGGUUCGAGUCCC,1,positive,train,GSE136967,URS000047CD44_9606,53
P082310,AACUGUGCACUCGGUCGAAGA,1,positive,train,GSE279647,URS00006D5B02_9606,135
P061604,GGGCGGUGAUGACCCCAACAU,1,positive,train,GSE136967,URS00006CCF53_9606,12
N026847,GCCAGUUUCUGUCUGAUAUGC,0,negative,train,GSE308686,URS000075BC17_9606,83
N024784,GAAUUGCAAAUNNNNNNNNNN,0,negative,train,GSE279647,URS0000DE95DE_9606,34
N014402,GUCUUUUGUCUUUUACUAAAG,0,negative,train,GSE279647,URS00006555EC_9606,40
P062300,AACCGUUCCUUGUUGCCUUCC,1,positive,train,GSE136967,URS000027315D_9606,70
N038860,NNNNNNGCUUCUGUAGUGUAG,0,negative,train,GSE308686,URS000009DDCA_9606,5
N007570,GACUGUAGAUUGUAUAGACAU,0,negative,train,GSE279647,URS00001E28FC_9606,40
P058742,GGGGGCUGUGGCCGUGCCCCU,1,positive,train,GSE136967,URS00005357F7_9606,96
P066732,GCCUGCACAUCGUUGGAAACG,1,positive,train,GSE308686,URS0000202A89_9606,44
P059436,NNNNNNNUGCCACAAUGAUGA,1,positive,train,GSE136967,URS0000361A8E_9606,4
P065212,GUGUGUAAAGAUACACUCUGA,1,positive,train,GSE308686,URS000021BC29_9606,134
N026622,AAAAAAAAAAAAACAAGAAUN,0,negative,train,GSE279647,URS00033B08A1_9606,281
P067109,UGUCUUUAUUGGUCAUUCAAG,1,positive,train,GSE308686,URS00005F1DD0_9606,42
P079889,CGGUUAGCGCGCGGUACUUAU,1,positive,train,GSE279647,URS0000757938_9606,27
P081785,UGGCCUGUCAGCCUUUUGCCU,1,positive,train,GSE279647,URS00006BFA75_9606,12
P063750,NNNNNNNNUGUGCAGUGGGAA,1,positive,train,GSE308686,URS000046FA49_9606,3
P068905,GCUGGCCCAGAUGGCUGCCAC,1,positive,train,GSE308686,URS000072157F_9606,54
N026027,UGGAAGGGAGAAAAUAAAUGC,0,negative,train,GSE279647,URS000312137C_9606,90
P065445,AACAGAUGGUUCCUGCCGACA,1,positive,train,GSE308686,URS0000180559_9606,80
N048885,UUGGUAAUCUGAUGGCUNNNN,0,negative,train,GSE308686,URS0000569A4A_9606,324
N003662,AUAAAUUCAAGACCUACUUAU,0,negative,train,GSE136967,URS00005172B7_9606,105
P068396,UCCCUGCCGGUCCAUCUGUGG,1,positive,train,GSE308686,URS00003E7565_9606,24
P064074,AUCUGAAAUCGGUUAUNNNNN,1,positive,train,GSE308686,URS00004E9304_9606,59
N003159,UCAGAGGAAACAAAUNNNNNN,0,negative,train,GSE136967,URS00005F1DD0_9606,122
P060188,AAUGUUCAACUGCUCUGAAGG,1,positive,train,GSE136967,URS0000691595_9606,32
P066393,CUUCGUUCUAAGUGCUUCCAA,1,positive,train,GSE308686,URS00005F2496_9606,36
N017768,AUUCUGAUUAUACCCUGUCUG,0,negative,train,GSE279647,URS00006B57E0_9606,51
P068978,UUUGGUAGUACUCGCUGCCAC,1,positive,train,GSE308686,URS00004C6257_9606,135
N001372,NNNNNNNGUCCAGAAAACAAU,0,negative,train,GSE136967,URS00006457BC_9606,4
P081001,UACCGCCAUCUUCAGCAAACC,1,positive,train,GSE279647,URS000044DFF6_9606,622
N017496,GCAGACUGUUUCUUGGAUGGG,0,negative,train,GSE279647,URS00006AEB04_9606,98
N024549,AGACCGCCUGAGAAUACCAGG,0,negative,train,GSE279647,URS0000DA5E3A_9606,88
P068842,GCCCAGAAGGCUGCCACAGAA,1,positive,train,GSE308686,URS00001FC3CF_9606,58
P072539,UUAGCUGAUGCCAGGAGNNNN,1,positive,train,GSE308686,URS000026935A_9606,80
P064067,ACCAUCUGAAAUCGGUUAUNN,1,positive,train,GSE308686,URS00004E9304_9606,56
N029599,GUAAACCUUCCUUGGAUGUCU,0,negative,train,GSE308686,URS000032B59A_9606,74
N006946,UUACUUCCCCAAAGCAAUACA,0,negative,train,GSE279647,URS000015DE7D_9606,22
N024400,UAGUAAUUAUCAAGUUUGCCU,0,negative,train,GSE279647,URS0000C8E9E5_9606,23
N025101,NNNNGGAUAACAGCUAUCCAU,0,negative,train,GSE279647,URS000222256E_9606,7
P063119,UGAUGAUAAACUGGAUCUGAC,1,positive,train,GSE136967,URS00006292A1_9606,24
P061917,CGUUUUGAGUUUCAAGCAAAU,1,positive,train,GSE136967,URS00006729B1_9606,79
N000904,UGCCCAUUCACUUUGGAAACU,0,negative,train,GSE136967,URS00001BD443_9606,22
P061906,AGCUGACUUGUGCCAUUCUGC,1,positive,train,GSE136967,URS0000018549_9606,97
P063971,CUGCAUUAUGAGCACUUAAAG,1,positive,train,GSE308686,URS0000507C9B_9606,55
P061083,GUUGCCAUGCUAAUACGGAGA,1,positive,train,GSE136967,URS000071BC75_9606,23
N016017,GCCAUACCAGCCUGAAAGCAC,0,negative,train,GSE279647,URS000067D6F9_9606,18
N025641,CCCGACGGGGAGGCANNNNNN,0,negative,train,GSE279647,URS0002915684_9606,71
N010448,UAGAGAUCAAGAGGUCCCUGG,0,negative,train,GSE279647,URS0000450772_9606,42
N025116,UGGGUUUAAGUNNNNNNNNNN,0,negative,train,GSE279647,URS0002244902_9606,60
P064131,UGGCUCACACCAGUAAUCCCA,1,positive,train,GSE308686,URS000075A325_9606,13
P079501,AAACUGGGAUUAGAUACCCCA,1,positive,train,GSE279647,URS000044DFF6_9606,430
N003358,GGCGCGUGCAGGGUGAGUGUG,0,negative,train,GSE136967,URS000023DE4C_9606,76
P065110,UUUGCCGGAGCUUGGAACAGA,1,positive,train,GSE308686,URS000013F331_9606,240
N017375,AACCAGUUAGAGGUUUCUUGG,0,negative,train,GSE279647,URS00006A9EAD_9606,52
P073323,GGGUCUGAGUGANNNNNNNNN,1,positive,train,GSE308686,URS0000434604_9606,70
P060956,UUUUUGAGGUCUCGCUUUAGC,1,positive,train,GSE136967,URS000071EA53_9606,101
N007336,GCGAAGCUAAUUCGUGCAACU,0,negative,train,GSE279647,URS00001BC474_9606,62
P080775,UACUUCAAAGGACAUUUAACU,1,positive,train,GSE279647,URS000044DFF6_9606,869
P075070,NNNNNNNNNGGGGGAUUAGCU,1,positive,train,GSE308686,URS00003D2CC9_9606,2
N023267,GGUUUGGGGGAGAGCGUGGGC,0,negative,train,GSE279647,URS000075D553_9606,19
P059451,NNCCAACGUGGAUACACCCGG,1,positive,train,GSE136967,URS00004A4D73_9606,9
P081981,CUAUCUGAGGACAAUAUAUUA,1,positive,train,GSE279647,URS00006D1735_9606,83
P068199,UUUUGAUCCGUGCCCAUGCCU,1,positive,train,GSE308686,URS0000438819_9606,103
N052784,GCUGCAUAAGUAACAGUUNNN,0,negative,train,GSE308686,URS00001BD443_9606,126
P060274,UACCUUUGGUGUAGGAGCUGC,1,positive,train,GSE136967,URS00001BD443_9606,110
N019990,AAUACCGGGUGCUAUAGGCUN,0,negative,train,GSE279647,URS00006EAA8D_9606,104
N008703,UUUUGACAACAUUCAAAAAAG,0,negative,train,GSE279647,URS00002B3D67_9606,57
P068627,UUAUCCCUUUCUAGUCUGGCU,1,positive,train,GSE308686,URS00004C6FD8_9606,21
P073852,NAAAUGAUGAAAUCACCCAAA,1,positive,train,GSE308686,URS00006B6C71_9606,10
P062901,CCGCAACUACCUACAUUGUUU,1,positive,train,GSE136967,URS00006283BD_9606,27
N019285,GGCCUGGAUAAUACUUGGAUG,0,negative,train,GSE279647,URS00006D6794_9606,75
P075484,NNNGCGUUGGUGGUUUAGUGG,1,positive,train,GSE308686,URS00006B479B_9606,8
P074872,CUUGACGUUUUUCUCUCUUUU,1,positive,train,GSE308686,URS00003B57B1_9606,64
N020872,GUGGUUUCCCCAGGGUGAGGC,0,negative,train,GSE279647,URS0000705A6A_9606,48
N025979,GGGAGACAAUUAUAUUUUUAU,0,negative,train,GSE279647,URS0003103663_9606,95
N016347,UUGGAUGGGAUUCCGCCUGGU,0,negative,train,GSE279647,URS000068881D_9606,89
P057729,UGAUCGUUCUUCUCUCCGUAU,1,positive,train,GSE136967,URS0000650B1E_9606,171
N049162,CAGUCUCUACGGAGACUGANN,0,negative,train,GSE308686,URS0002A14876_9606,137
N023324,CUGUGUUUUCUGACUCAGUCA,0,negative,train,GSE279647,URS000075E397_9606,57
N025984,CCUGAAGGCGCCAGAUCUUGU,0,negative,train,GSE279647,URS000311AF9C_9606,24
N026181,UUCACAUACCACCCUGAACAC,0,negative,train,GSE279647,URS000318B3AE_9606,16
P059404,CAUUCUGGCCCUGGUUCAUGC,1,positive,train,GSE136967,URS0000AAB145_9606,95
N015153,NNNNNNNNUUCAAUGUUGUCA,0,negative,train,GSE279647,URS0000666DC3_9606,3
N019917,UUUCCCAAUACUCCACCAUGA,0,negative,train,GSE279647,URS00006E9214_9606,81
N023387,NNNNGAAAUAUGUCUGAUAAA,0,negative,train,GSE279647,URS000076C388_9606,7
N017249,GUUCUAUCCUUUCCCCCUUCU,0,negative,train,GSE279647,URS00006A717B_9606,71
N014314,GAUUGAGCCUGGUUAGUACUU,0,negative,train,GSE279647,URS0000653686_9606,71
P062999,CUGGGGGAGAAGAGGAAGAUU,1,positive,train,GSE136967,URS000066FABB_9606,89
P081994,UAGGGCCAGAGGCGGCCCUAA,1,positive,train,GSE279647,URS0000D5E272_9606,96
N047239,GUCAUAGUUACACUGACUNNN,0,negative,train,GSE308686,URS0000010A7C_9606,91
N026513,NNGUCUACAGCCAGACCACCC,0,negative,train,GSE279647,URS0003312628_9606,9
N023199,CGUAAUCAGCAGCUACAUCUG,0,negative,train,GSE279647,URS000075C381_9606,69
N016775,UUGAUUAUUCAGUCAAUUACA,0,negative,train,GSE279647,URS0000696377_9606,41
N026172,NNNNNNNAUCAAUUCAUGGCC,0,negative,train,GSE279647,URS00031822AE_9606,4
P065393,GUGCUCAGUUCUAACAGGGUA,1,positive,train,GSE308686,URS00001B2620_9606,39
P076145,CGGGUGUGAGAGGUCCCGGGU,1,positive,train,GSE308686,URS00006744D5_9606,43
N025674,UACGACCCCUUAUUUACCGAG,0,negative,train,GSE279647,URS0002915778_9606,62
P075653,AGCGUGGUGCUGAUAACACCA,1,positive,train,GSE308686,URS00006E0DAF_9606,34
P067524,GUCUGUCUAAUUGUGGCAGCU,1,positive,train,GSE308686,URS0000721537_9606,100
N023038,CCUGACCUCUCCGCUCCGCAC,0,negative,train,GSE279647,URS000075AFFE_9606,62
P076898,UUAUUCAUUGUACUCCGGAUG,1,positive,train,GSE279647,URS000012964C_9606,70
N015247,AUAUUCCCACAGCCUCUCAGA,0,negative,train,GSE279647,URS000066958C_9606,133
P070585,CCUAUGCAUUCCUUCAGUGCU,1,positive,train,GSE308686,URS000033FC0E_9606,46
P061413,AGUGCCGUCAGAAGCGAUAAC,1,positive,train,GSE136967,URS00003B08B2_9606,36
P078930,GGUAUUGCAGUACCUCCAGGA,1,positive,train,GSE279647,URS00021ED9AF_9606,425
N049786,UCGCUACUAUUUUGUGGCCUA,0,negative,train,GSE308686,URS000000AB5A_9606,123
P062267,AAGCACAUUUGAACCCUUUUC,1,positive,train,GSE136967,URS0000714052_9606,49
N002553,GCAUUCUAGCAGCAGUUUGAU,0,negative,train,GSE136967,URS000015F227_9606,151
N004988,CCGCGGGUGCUUUCCAGCUCU,0,negative,train,GSE279647,URS0000000A8C_9606,75
P057869,CGAUGAUGACUUUUAUACAUG,1,positive,train,GSE136967,URS00004219CE_9606,15
N013995,AGGAUUUUUGAUUAAACCCAU,0,negative,train,GSE279647,URS000064C51A_9606,46
P075901,CUCAGAGGGGGCANNNNNNNN,1,positive,train,GSE308686,URS000025E031_9606,71
N024061,UGGGAGAGUUUAGCUGAAUUG,0,negative,train,GSE279647,URS0000A9E2B5_9606,94
P058315,GAAGUCCCCGGUUCAAAUCCG,1,positive,train,GSE136967,URS0000646601_9606,52
N024785,NNNNNUGAUUAGGGUGCUUAG,0,negative,train,GSE279647,URS0000DEAC5A_9606,6
N021035,GUCCCCAAAAAAAACAUUCCU,0,negative,train,GSE279647,URS000070C400_9606,24
N022141,CUGAAUCAAAAAUUUUGAUUA,0,negative,train,GSE279647,URS0000729F65_9606,38
N017962,UGUUUGUGAGAUGUGCCACCC,0,negative,train,GSE279647,URS00006BABCA_9606,54
P058985,GUGUUGCCCUGGUUUGGGUGC,1,positive,train,GSE136967,URS00000E9A93_9606,58
N018719,CAGCACACACACUAAACUUGG,0,negative,train,GSE279647,URS00006C94EE_9606,24
N034687,CUGCCAUGAGGAAACUGCCAU,0,negative,train,GSE308686,URS000065DEBC_9606,46
P066203,GCUCUCCUAAUGCACGACAGA,1,positive,train,GSE308686,URS0000034D55_9606,81
N083006,GGGUUGCACAAUANNNNNNNN,0,negative,train,GSE136967,URS000068824B_9606,134
P075936,NNNGUCUCUGUGGCGCAAUCG,1,positive,train,GSE308686,URS000068D6AF_9606,8
N083329,CCUCCUCCCGCUUACACUUUG,0,negative,train,GSE136967,URS000023DE4C_9606,169
N007541,CCUGUAGCUGUCUAGCGACAG,0,negative,train,GSE279647,URS00001DA281_9606,51
N005140,CAAAUCCCGGACGAGCCCGGN,0,negative,train,GSE279647,URS0000009B16_9606,63
P058509,GGCUUGUGGUGCCGCUCCCCG,1,positive,train,GSE136967,URS00000CC074_9606,34
P066112,GGGUUCGAGGGCACGAGUUCG,1,positive,train,GSE308686,URS000041911A_9606,68
N004663,CUCACAUGAAGAUCUGAGGGG,0,negative,train,GSE136967,URS00000E9A93_9606,99
P074333,UCCUAUCUGAUGNNNNNNNNN,1,positive,train,GSE308686,URS000050BD61_9606,70
N018864,CUCUAAAGUUAGUAUACAACC,0,negative,train,GSE279647,URS00006CC1A3_9606,58
N029535,CUUGCAACACCCUGAUUGCUC,0,negative,train,GSE308686,URS00021EDA78_9606,116
N003655,CUCCUACUGUGGAAUCUGAAG,0,negative,train,GSE136967,URS00006BB86E_9606,87
N001171,GACUUAAGAUCCAAUGGGCUG,0,negative,train,GSE136967,URS0000625435_9606,40
P063190,CAACUGGCUCCCUCUACUGAA,1,positive,train,GSE136967,URS00006B7869_9606,25
P063621,NNNNNNNUUGUGCUUUCAGCU,1,positive,train,GSE308686,URS0000302909_9606,4
P061982,GUGUGACUUUCGUAACGGGGA,1,positive,train,GSE136967,URS0000210FD6_9606,49
P058227,NNNNNNNGGUCAAUGAUGAGU,1,positive,train,GSE136967,URS0000668E0B_9606,4
P058292,GGUCAUUGAUAGUGCAGGGAG,1,positive,train,GSE136967,URS0000A8E179_9606,72
P060318,CACUUAUUGUUGUUCACCUGA,1,positive,train,GSE136967,URS0000653FA4_9606,32
N025738,GGAGCACGGAGGACGGGGCCG,0,negative,train,GSE279647,URS0002A2133F_9606,60
P059131,UGAGAUGUGCCACCCUUGAAC,1,positive,train,GSE136967,URS000064F355_9606,60
N010061,GUGUCUGAGGAGANNNNNNNN,0,negative,train,GSE279647,URS000040478E_9606,67
N023908,NNNNNNNNNNCUGGUUGCAUG,0,negative,train,GSE279647,URS0000A77ED7_9606,1
N000838,AGGUUGACCCAGUGCUUUAAG,0,negative,train,GSE136967,URS00006810EA_9606,22
N005294,UGGGCCUAACUCUGCCACAUA,0,negative,train,GSE279647,URS000002084A_9606,55
P061025,GUUCACCUAGUGAGUGUUGAG,1,positive,train,GSE136967,URS0000434604_9606,44
P073999,GCUUCACUGUUGGCUUUGACC,1,positive,train,GSE308686,URS00005D7632_9606,54
N021895,UGGUGGGGGCAGUUGUUGCUU,0,negative,train,GSE279647,URS0000724753_9606,88
N015162,AUGCAUUCUUAUUGGAACUGA,0,negative,train,GSE279647,URS0000666DC3_9606,27
P067946,GUAUGUUUUUGUUUAACGUGG,1,positive,train,GSE308686,URS00002587B6_9606,20
P065687,CAGCCCUCGAGGAUCGUCGUC,1,positive,train,GSE308686,URS000075C168_9606,73
N019244,AUAUUUGAUAUGUCCUCUAUC,0,negative,train,GSE279647,URS00006D4DB0_9606,67
P069025,AACGCAGGGAGAGGAAUUGCU,1,positive,train,GSE308686,URS0000468B49_9606,60
P079458,CUAGUUUCUCUUCAUAUCGCA,1,positive,train,GSE279647,URS0000631BD4_9606,16
N008692,NNNNNNNNNNCUUACUCUUUU,0,negative,train,GSE279647,URS00002B3D67_9606,1
P062083,CGGUAGCGCGUCUGACUCCAG,1,positive,train,GSE136967,URS000038F4B2_9606,26
P080763,UUGUGAUAGUAGGGGACUGCG,1,positive,train,GSE279647,URS000069B06F_9606,139
N005460,GUCAGCUAAAUAAGCUAUCGG,0,negative,train,GSE279647,URS000004104A_9606,17
N026383,AGCCCACACAUUCAGGGAUCU,0,negative,train,GSE279647,URS000326F854_9606,12
P077143,NNNNNNNNNNGGGGCGGUGAU,1,positive,train,GSE279647,URS00006CCF53_9606,1
P068418,CUUGUGGACCAGAGCACCCUA,1,positive,train,GSE308686,URS00003E7565_9606,59
N011745,CUGAUGGGGAGCACUUACAUG,0,negative,train,GSE279647,URS00005ACA64_9606,102
N014206,CAUCGACACUUGAAUGCACUU,0,negative,train,GSE279647,URS0000650C37_9606,99
N012208,CGCCCUUCGGGGAGGGGCCCG,0,negative,train,GSE279647,URS000061A549_9606,481
P073726,CAAUAGCAGGGAGAUGAAGAG,1,positive,train,GSE308686,URS00004D7B5D_9606,60
P079975,AGAACACUACGAGCCACAGCU,1,positive,train,GSE279647,URS000044DFF6_9606,500
P068552,UGGCUUUCAGUUUCAGGUCUU,1,positive,train,GSE308686,URS00003CCCBE_9606,103
P070964,NNUGGAUCAAUGAUGAGUAUG,1,positive,train,GSE308686,URS00006B57E0_9606,9
N004803,UGAAAUCUCAAGAAAAUUCCU,0,negative,train,GSE136967,URS000053D4AB_9606,46
N048762,ACUGACCCUUUUAUGCAANNN,0,negative,train,GSE308686,URS0000A76E3A_9606,101
P062222,AGAUCGACCCUGUUGAUCUCU,1,positive,train,GSE136967,URS00006B5455_9606,47
N006945,GUAGCUUACUUCCCCAAAGCA,0,negative,train,GSE279647,URS000015DE7D_9606,17
P064313,GGUAGUAGGUUGUGUGGUUUC,1,positive,train,GSE308686,URS000075A6A4_9606,19
P057717,GUCAGCCAUUGAUGAUCGUUC,1,positive,train,GSE136967,URS0000650B1E_9606,159
P063524,NAACUUCCUGUAUAAGCACUG,1,positive,train,GSE308686,URS00006CEBFE_9606,10
N007447,NNNNNNNNNNCACCAUUAGCA,0,negative,train,GSE279647,URS00001D8E7F_9606,1
P064722,AGGACCGGUCUUCGGUCAAGG,1,positive,train,GSE308686,URS0000734D8F_9606,179
P058678,ACCAUGCAUGUGUCCCCAAAC,1,positive,train,GSE136967,URS00002C6D40_9606,77
N014244,GAAAUAGCUCAGUUGGGAGAG,0,negative,train,GSE279647,URS0000651E1C_9606,14
N025323,UUUUUACCAGCUCCGAGGUGA,0,negative,train,GSE279647,URS0002311975_9606,106
N025120,CAUAACUUUGUNNNNNNNNNN,0,negative,train,GSE279647,URS00022605CF_9606,32
N003307,CCCCAGUGGAACCANNNNNNN,0,negative,train,GSE136967,URS000038803E_9606,70
N025398,AGCCUGUUUCUUAUAUGGGUU,0,negative,train,GSE279647,URS00023227D6_9606,99
N023604,NNNNNNGUUGAAAUACAACGA,0,negative,train,GSE279647,URS0000803B68_9606,5
P076634,AGUGUAGCGGUUAUCACGUCU,1,positive,train,GSE308686,URS000038803E_9606,19
P064454,GCUUCCCACUCCAAAGUCCGC,1,positive,train,GSE308686,URS00026A2211_9606,139
N026386,AUGAAUAAAUCUUUUUGCCUU,0,negative,train,GSE279647,URS000327F219_9606,20
P058755,ACUGUCUUUAUUGAGGUUUGG,1,positive,train,GSE136967,URS00007136D1_9606,80
P064786,GGUGUCCGCACUAAGUUCGGC,1,positive,train,GSE308686,URS00000478B7_9606,116
N022999,UUUGCUUUAUUUUGGUGCAAU,0,negative,train,GSE279647,URS000075ADBA_9606,108
P066981,UAAUGUGUGCAUAGGUUUCAU,1,positive,train,GSE308686,URS0000818C5D_9606,22
P059590,AGUAAAGCCAUGUUACGAGCC,1,positive,train,GSE136967,URS00006F5B60_9606,75
P068239,UAGCUUCACGGGCCAAGCAAC,1,positive,train,GSE308686,URS0000013F57_9606,45
N053727,UGCUUGUUAAACCUGGUAUUU,0,negative,train,GSE308686,URS00003A960A_9606,115
P066803,CAUUGGGCCACUGUAAAUUGA,1,positive,train,GSE308686,URS00005682D3_9606,78
N023501,UGAUUUCUUUUGGUGUUCAGA,0,negative,train,GSE279647,URS00007E4123_9606,13
N024494,NNNNNNNNNCUAAGGUGCAUC,0,negative,train,GSE279647,URS0000D52DAE_9606,2
N013302,AGCUGGGGUCAUCGUGAUGAG,0,negative,train,GSE279647,URS000063BFC1_9606,74
P078476,CCUCUAAAUCACCACGAUCAA,1,positive,train,GSE279647,URS000044DFF6_9606,88
N006159,AAUCGAACCCCCCAAAGCUGG,0,negative,train,GSE279647,URS00000CBD3B_9606,24
P076542,UGAGGCUCUGGGUUCGAUCCC,1,positive,train,GSE308686,URS000071ED2F_9606,51
P060125,ACGCUGAAAGAGGUUGUCCCC,1,positive,train,GSE136967,URS00006EC784_9606,74
P058672,GGUUUAUCCGAGGCGCGAUUA,1,positive,train,GSE136967,URS0000149178_9606,44
N018293,AAGUGCCGUGGUGUUCACAAC,0,negative,train,GSE279647,URS00006C2054_9606,20
N018901,NNNGUGCUUCCUUCAGCAGCU,0,negative,train,GSE279647,URS00006CCBBC_9606,8
N053001,AUUUCAUUUGGAAGAAACAAC,0,negative,train,GSE308686,URS0000552BBC_9606,126
P074988,GCGGCGCGAUUCCCUGAGCUG,1,positive,train,GSE308686,URS00004A7003_9606,407
N013795,NNNNNNNUGGACCAAUGAUGA,0,negative,train,GSE279647,URS000064A1E7_9606,4
P070529,UUUAUGCAUGGAGGCUGCUUC,1,positive,train,GSE308686,URS000064B135_9606,85
P059120,UCAUACGCUUGUGUGAGAUGU,1,positive,train,GSE136967,URS000064F355_9606,47
N022913,NNNNCCUGCCCUCGAGGAGCU,0,negative,train,GSE279647,URS000075A13B_9606,7
P075953,UGGUUCCAGCCCACCCAGGGA,1,positive,train,GSE308686,URS00006ABBAC_9606,62
P077911,AAGGUGGAUUUAGCAGUAAAC,1,positive,train,GSE279647,URS000044DFF6_9606,779
P065749,CCUUUGCAAGUAAAAAGGGUG,1,positive,train,GSE308686,URS0000466492_9606,98
P072772,UGUCACGUUCUGAUUNNNNNN,1,positive,train,GSE308686,URS000022EFB6_9606,58
N013329,AGAUCAAGUGUAGUAUUUAUA,0,negative,train,GSE279647,URS000063C619_9606,34
N010854,CCUGGUUUCCAGGACGGGGUU,0,negative,train,GSE279647,URS00004B92A1_9606,30
N046313,AUGGGGGAACAUAGNNNNNNN,0,negative,train,GSE308686,URS00004F2BDE_9606,129
N056161,CAAAUGCUGGCGCUUUCACAC,0,negative,train,GSE308686,URS0000468B49_9606,124
P060439,GAGUCUGACUUGGGGAUGUUC,1,positive,train,GSE136967,URS00003A9200_9606,32
N012585,CUCUUUCUUCUCUUCUCACUA,0,negative,train,GSE279647,URS000062BAA7_9606,83
P064820,GUAGUGCGCUAUGCCGAUCGG,1,positive,train,GSE308686,URS00003ACFC1_9606,96
P082599,GUAUGAAGGCUUUUGGUCUCC,1,positive,train,GSE279647,URS0000ABD8D1_9606,59
N015511,GACAUGCAAAUUUGUGAAGAG,0,negative,train,GSE279647,URS0000673DB0_9606,81
N008075,NNNNNNNNNAACUUUUAAAGG,0,negative,train,GSE279647,URS00002273FD_9606,2
N004464,GUCUGAUGCACCNNNNNNNNN,0,negative,train,GSE136967,URS000046CCFB_9606,71
N003735,GACUUGGAGAAAUCUGGGGCC,0,negative,train,GSE136967,URS00006C5E80_9606,80
N020863,UUCGGCUGCACAUAUCCUAAA,0,negative,train,GSE279647,URS0000704AD6_9606,19
N012664,GCUAAGAUGAAGUUUAGUAUC,0,negative,train,GSE279647,URS000062D3E9_9606,30
P058351,GAGUGCGCGGUGGGGAAGCCA,1,positive,train,GSE136967,URS00003941F3_9606,48
N011313,GACUCGAAAUCCAAUGGGGGU,0,negative,train,GSE279647,URS0000530C88_9606,40
P073832,UAGUGGUGAACCUAUGGUUUU,1,positive,train,GSE308686,URS00006B6C71_9606,57
P073908,GUGCACAGGGGCCAUCUGACU,1,positive,train,GSE308686,URS00006A5FBC_9606,97
N025045,NNNNNNNUAACUUAGCAUUAA,0,negative,train,GSE279647,URS0002205828_9606,4
P063954,CUAAAGUGCUUAUAGUGCAGG,1,positive,train,GSE308686,URS0000507C9B_9606,17
P060380,CUGAACAAAGUGAUUGGUACC,1,positive,train,GSE136967,URS000046CCFB_9606,45
N020697,GCUUCACUUGACUAGCCUUAA,0,negative,train,GSE279647,URS00006FF680_9606,92
N013692,GGAAGCUGAGCAGGGUUGGGC,0,negative,train,GSE279647,URS00006464AF_9606,57
N019505,UGAACCUGCCUGAUCUCAGAA,0,negative,train,GSE279647,URS00006DC26B_9606,31
N025150,CCUACUGAGCUGAUAUCAGUU,0,negative,train,GSE279647,URS000230E99A_9606,15
P060710,CGCCGCUGGUGUAGUGGUAUC,1,positive,train,GSE136967,URS0000502C74_9606,12
N022905,UUGCACUACUGUACUUUACAG,0,negative,train,GSE279647,URS0000759EFA_9606,36
N083338,AAAGGCAAGGUCAAAGGAGUU,0,negative,train,GSE136967,URS00023473A4_9606,470
P072260,GAUGUAAAAGAAUAUUUGCUA,1,positive,train,GSE308686,URS000052FCE0_9606,18
N007101,UGCAUUGUUUCAAAAUGGUGC,0,negative,train,GSE279647,URS0000184017_9606,52
P063628,NNNGAAAAAGUCAUGGAGGCC,1,positive,train,GSE308686,URS0000BA5588_9606,8
N056344,AAUUAAAAUUUGAUUUUCUUC,0,negative,train,GSE308686,URS00006868E5_9606,68
P076780,AGACCCGCGGGUGCUUACUGA,1,positive,train,GSE308686,URS0000A76E3A_9606,85
N021311,AAUCACAACCAGCUACAGAUU,0,negative,train,GSE279647,URS0000714A39_9606,46
N004457,UUUUCUAAGCCAGUUUCUGUC,0,negative,train,GSE136967,URS0000643FAE_9606,69
N025612,NNNNCCCUCCGGUGCCUACUG,0,negative,train,GSE279647,URS0002912919_9606,7
P062936,GGAAGGUCUGAGACUAGGGCC,1,positive,train,GSE136967,URS000013F331_9606,84
P061829,UGGGUUCCUUGGAAAGUUGAA,1,positive,train,GSE136967,URS000067E73A_9606,34
P072785,NNNNNNNCCUGGAUGAUGAUA,1,positive,train,GSE308686,URS00006B8984_9606,4
N015341,ACAGGUUUUCAAAAUAUUACU,0,negative,train,GSE279647,URS000066EB6F_9606,237
P075589,AGAAUUCUCGCCUGCCACGCG,1,positive,train,GSE308686,URS000009AC8B_9606,30
N015155,UUCAAUGUUGUCAAUGAUGCA,0,negative,train,GSE279647,URS0000666DC3_9606,11
N024610,NNNNNNNNNUGGACUGUAAAU,0,negative,train,GSE279647,URS0000DCB279_9606,2
N006196,AUUGCAGGUUCGAGUCCUGCC,0,negative,train,GSE279647,URS00000CC06A_9606,56
P061364,ACUGCUGUUCACAUCAUGAUU,1,positive,train,GSE136967,URS0000A76B4D_9606,35
N007768,NNNAGAUUGAAGCCAGUUGAU,0,negative,train,GSE279647,URS0000200C14_9606,8
P063485,CAAAGAGGGCUUAUGAGGCUG,1,positive,train,GSE136967,URS00003818BD_9606,20
N013391,GCCCCAGGCAGGGUCGGCCUG,0,negative,train,GSE279647,URS000063F1A1_9606,48
N014981,UGGAUGGGAGAAUACUGUCGC,0,negative,train,GSE279647,URS0000661539_9606,90
P075090,GUAGAGCGCGCGCUUCGCAUG,1,positive,train,GSE308686,URS00006F4537_9606,28
P074398,NACAGCACAAAUGAUGAAUAA,1,positive,train,GSE308686,URS00005160A3_9606,10
P064041,UUAAAAUCACAUUGCCAGGGA,1,positive,train,GSE308686,URS0000283D0A_9606,63
P067725,GUGGCAGCUGUCAUUCAAUGG,1,positive,train,GSE308686,URS000037D7AE_9606,112
P080071,UAAACGAAAGUUUAACUAAGC,1,positive,train,GSE279647,URS000044DFF6_9606,201
P066288,AUAUAAAGGUCACCAAGAAUA,1,positive,train,GSE308686,URS0000ABD812_9606,58
N032572,AUUGUUCUGAGCCAGUCNNNN,0,negative,train,GSE308686,URS000075AA41_9606,69
P075846,GUGGGUUCGAACCCCACUCCU,1,positive,train,GSE308686,URS000064E10F_9606,69
P072262,AUUUUAAACCACCAAGAUCGC,1,positive,train,GSE308686,URS000052FCE0_9606,58
P066061,GCCAGCCUGGUCCACAUGGGU,1,positive,train,GSE308686,URS000010A63C_9606,91
N006701,CGCGGGAGACCGGGGUUCAAU,0,negative,train,GSE279647,URS000013899F_9606,48
N025289,NNNNNNNNNNUCAGUUAUCAC,0,negative,train,GSE279647,URS00023110F0_9606,1
P065359,UCACUGUAAGGGCAGACCAAC,1,positive,train,GSE308686,URS0000569A4A_9606,122
P079311,NUUACUCUAGUUUCUCUUCAU,1,positive,train,GSE279647,URS0000631BD4_9606,10
N004049,GAAGUCGUUAAGGUCCCUGAG,0,negative,train,GSE136967,URS00006F5B60_9606,107
P059889,CCCGGGUUCGAUUCCCGGCCA,1,positive,train,GSE136967,URS0000716B70_9606,57
P067137,GCAACACUCUGUGGCAGAUGA,1,positive,train,GSE308686,URS00000F8A5F_9606,13
P073302,AUGAUGGCAAUAUUUUUCGUC,1,positive,train,GSE308686,URS0000434604_9606,16
P066520,UUCUUUUAUCAGUAGUUUACA,1,positive,train,GSE308686,URS00006C8A51_9606,29
N083053,UGAGUGGACGCGUGAGUGUGU,0,negative,train,GSE136967,URS000023DE4C_9606,95
P076633,GUCUGCUUUACACGCAGAAGG,1,positive,train,GSE308686,URS000038803E_9606,36
N008661,GCAAAGCUGUCACCAUUUAAU,0,negative,train,GSE279647,URS000029D639_9606,87
P072586,GUAAAACCGAGCUUUUUAACA,1,positive,train,GSE308686,URS00003BC8C2_9606,55
N017015,GGGAGAAAAAACUUUUUGUAG,0,negative,train,GSE279647,URS000069E544_9606,95
P058399,AUGUGAGUAGUGUUAUUUCUU,1,positive,train,GSE136967,URS000033A30E_9606,40
N017264,GUGGUAGAGUGCUUGCUUAGC,0,negative,train,GSE279647,URS00006A7FD7_9606,26
N022096,UUCAUGUCUCUUCUCUGAUAA,0,negative,train,GSE279647,URS0000729A81_9606,33
P082226,GAAGGCUUUUGGUCUCCCUGG,1,positive,train,GSE279647,URS0000ABD8D1_9606,63
P065085,CGUGGACCCCGCCCUUCGGGG,1,positive,train,GSE308686,URS000013F331_9606,198
P062737,GAUCUCCAACUGCAUGCAAGA,1,positive,train,GSE136967,URS000002FDBC_9606,50
P070261,GGCGAUUGGAAGACACUCUGC,1,positive,train,GSE308686,URS00003852FE_9606,122
P069569,AAGCCGACUGAGUUCCUUUCC,1,positive,train,GSE308686,URS00000D55EA_9606,23
P063848,NNNNNNNUGCUUGUAACUUUC,1,positive,train,GSE308686,URS000059EAAC_9606,4
N037906,GAAACCUAAUUUGAGUGGACA,0,negative,train,GSE308686,URS000075A722_9606,24
P058714,UCUCAUAAUCUGAAGGUCGUG,1,positive,train,GSE136967,URS000072890F_9606,41
N019270,NNNNGUCUAUGGCCAUAACAC,0,negative,train,GSE279647,URS00006D6794_9606,7
P072431,UGACUUGCUGUUGAGACUCUG,1,positive,train,GSE308686,URS00004E0FA9_9606,47
N008483,CUAUCCAUUGGUCUUAGGCCC,0,negative,train,GSE279647,URS0000287E21_9606,28
N024100,UUCCGAAGCUAAGCAGGGUCG,0,negative,train,GSE279647,URS0000AA4149_9606,54
N046698,AGAGGUAUAUUUAGCUGUAUU,0,negative,train,GSE308686,URS00004640CB_9606,116
P067997,UAUGUUUUUGUUUAACUUGUG,1,positive,train,GSE308686,URS00006607B4_9606,21
P073296,CACAAUGAUGGCAAUAUUUUU,1,positive,train,GSE308686,URS0000434604_9606,12
P080838,GGCCCCGCGCGUGUGUCCCGG,1,positive,train,GSE279647,URS000075A546_9606,105
N055714,CUUCGUGGCAUCUAACCAUCG,0,negative,train,GSE308686,URS0000443498_9606,110
N023008,UGCGUGGUGGCUCGAGGCGGG,0,negative,train,GSE279647,URS000075AFFE_9606,12
P061578,AUGAUGUAAAGGUUUUACGAC,1,positive,train,GSE136967,URS000070F968_9606,16
P080922,ACCAUCCCCAACAGAGGAGGA,1,positive,train,GSE279647,URS00006AE53D_9606,153
P060668,AAAGGGUUGGAGAGAGCAGCC,1,positive,train,GSE136967,URS000071234F_9606,74
P071957,AUUCGCUGAGUGCGCUGCACU,1,positive,train,GSE308686,URS00006BA413_9606,35
N018720,CACACUAAACUUGGAAUGAUA,0,negative,train,GSE279647,URS00006C94EE_9606,31
P065472,ACUAAGAAAAUAGAGUCCUUG,1,positive,train,GSE308686,URS00005172B7_9606,17
P065451,CAACCAUAGACAGUCACACAC,1,positive,train,GSE308686,URS0000180559_9606,54
N002068,NNNNNNNNNGGUUCAUGAUGA,0,negative,train,GSE136967,URS000061A08C_9606,2
P070124,UGAGCUCCUUUCUGUCUAUCA,1,positive,train,GSE308686,URS00004640CB_9606,21
P077129,GUACUUAUACAGCAGUACAUG,1,positive,train,GSE279647,URS00007362AD_9606,40
P062079,AUGAUGAAAAGGUUUUACUAC,1,positive,train,GSE136967,URS00002E82E5_9606,300
P061098,GGCAUGUAUUAUCUGAAUCUA,1,positive,train,GSE136967,URS00000A3335_9606,26
N000627,UGGAACUGAAUCUAAGUGAUC,0,negative,train,GSE136967,URS0000679D94_9606,39
P080393,GGGUCGAAGGUGGAUUUAGCA,1,positive,train,GSE279647,URS000044DFF6_9606,773
P070687,GUGCAGCCCUGGCAGUGUCCU,1,positive,train,GSE308686,URS0000706530_9606,62
P068462,AGAAACAUCCAGCAACUUUUU,1,positive,train,GSE308686,URS000075B5A7_9606,100
N026342,UGGAAACUAAGCAGAGUCGGG,0,negative,train,GSE279647,URS0003239187_9606,56
N006208,CUGCCGCGGUCGNNNNNNNNN,0,negative,train,GSE279647,URS00000CC06A_9606,72
P061017,GCGGCCUGGGUCCUGGGUGUU,1,positive,train,GSE136967,URS0000EB4911_9606,66
P062728,AGGUCAGUACAAUACCUGCAA,1,positive,train,GSE136967,URS000002FDBC_9606,97
P070636,GUCAUCUGAGCCUCUGGCUUC,1,positive,train,GSE308686,URS0000706530_9606,34
P058610,GUGGAGAGAAACGAGUGUGAG,1,positive,train,GSE136967,URS0000673862_9606,67
N003292,AAUGGCUAUAACANNNNNNNN,0,negative,train,GSE136967,URS00006F5B60_9606,128
P068507,UAUCAGGACUCGACUCGUGUG,1,positive,train,GSE308686,URS000075B5A7_9606,231
P059785,UACCUGGCAGGGGAGAUACCA,1,positive,train,GSE136967,URS000032B6B6_9606,16
P060545,GACCUUGAACAAUUUACUGUU,1,positive,train,GSE136967,URS000019135F_9606,26
P062873,GCUGAUGACAGCACUUCUGCU,1,positive,train,GSE136967,URS000064B8EB_9606,20
N026206,CACCCAAUCUCAUCAGAUCUC,0,negative,train,GSE279647,URS000318D3D0_9606,36
N025229,NNNNNNNGUGAGGUAGUAGAU,0,negative,train,GSE279647,URS0002310A45_9606,4
N013261,NGUCUAGGCCACACCACCCUG,0,negative,train,GSE279647,URS000063A525_9606,10
P058743,CCCUCAAAGUGAAUUUGGAGG,1,positive,train,GSE136967,URS00005357F7_9606,113
P057991,GAAAGAGGAGGUAGAGUAAAC,1,positive,train,GSE136967,URS00004F2BDE_9606,58
N052819,UAAAGGUGAAUACAAAUNNNN,0,negative,train,GSE308686,URS00006C8A51_9606,129
N015419,CAAACAGUUACAGAUUCCUUU,0,negative,train,GSE279647,URS00006729E8_9606,51
N028008,GAAACUGUGUGCUGAUUGUCA,0,negative,train,GSE308686,URS000022EFB6_9606,42
P079180,UCACACGAUUAACCCAAGUCA,1,positive,train,GSE279647,URS000044DFF6_9606,266
P080379,NNNNCGCGACUGCGGCGGCGG,1,positive,train,GSE279647,URS000075A546_9606,7
P070518,UGCCAUAGCCCGGUCGCUGGU,1,positive,train,GSE308686,URS000064B135_9606,117
N025547,NNNNNNNNNNGUUAAAGAUUA,0,negative,train,GSE279647,URS00026A7FF7_9606,1
N000609,NNNACUGAGGAAUGAUGACAA,0,negative,train,GSE136967,URS0000633321_9606,8
P063759,UGAUGAAAGGGCAUCGGUCAG,1,positive,train,GSE308686,URS000075E379_9606,69
P058435,GCUGGGCACAAGCCACCUGAG,1,positive,train,GSE136967,URS000014FF3E_9606,241
N000522,CGAUCCUACAUAAAUAUAUGG,0,negative,train,GSE136967,URS0000648DBA_9606,76
P075029,AGCUCAAAUGGUAGAGCGCUC,1,positive,train,GSE308686,URS000052A1C9_9606,19
P069892,UGGAUACACCCGGGAGGUCAC,1,positive,train,GSE308686,URS00000DE3E2_9606,18
P071577,CACCAGAAAUGUUUUUCCUUA,1,positive,train,GSE308686,URS0000080E9E_9606,48
N041388,GUUAGCGCAGUAGGUAGCGCG,0,negative,train,GSE308686,URS0000145C5E_9606,16
P060623,ACCUUGUCUGAACAUAAUGAU,1,positive,train,GSE136967,URS000061A08C_9606,29
P059378,AGCAAUAUUAAGUCUUUCGCU,1,positive,train,GSE136967,URS000050BD61_9606,50
P079925,ACCUGUUCCUCCUCCGGAGGG,1,positive,train,GSE279647,URS00021EDA78_9606,33
P061046,GUGAUGAGCUGUGUUUACUGA,1,positive,train,GSE136967,URS00006A82CA_9606,17
P069823,CUGGUCAUUGGUAGUGCAGGC,1,positive,train,GSE308686,URS00005B5A80_9606,48
N023955,AUUUUCCCAGCACGAGGCUCA,0,negative,train,GSE279647,URS0000A84128_9606,50
N007411,NNNGGCCGGCUGGGGUUCCUG,0,negative,train,GSE279647,URS00001CC864_9606,8
N002060,GCAGUCGAGAUAUUGUUUAGC,0,negative,train,GSE136967,URS000026BDF0_9606,223
P066560,GAAAAUACAGUUNNNNNNNNN,1,positive,train,GSE308686,URS00006020BE_9606,133
N004975,GUACUCUGCGUUGUGGCCGCA,0,negative,train,GSE136967,URS000044BAE3_9606,32
P080717,AGUAUCCAACAAAACCAGUUA,1,positive,train,GSE279647,URS000075D68F_9606,200
N002606,NNNNNNCCCCUAUCUCUCAUG,0,negative,train,GSE136967,URS0000467AB5_9606,5
N026130,UCUCAUCUGAUCUGAUCUUGU,0,negative,train,GSE279647,URS000316ED4B_9606,40
N029505,CUUCUGACUACAGCNNNNNNN,0,negative,train,GSE308686,URS000065DEBC_9606,73
N014456,UCUAUGGUCACACCACCCUGA,0,negative,train,GSE279647,URS000065782C_9606,12
P071949,AGGAACUUGAGGCUAUGUAGC,1,positive,train,GSE308686,URS00006BA413_9606,86
N017935,CUAAAGUUGGGUGUAGUAUCU,0,negative,train,GSE279647,URS00006BA5A9_9606,31
P065569,UAAAUUCCCGGAAGAAGUCUU,1,positive,train,GSE308686,URS000015F227_9606,97
P061355,NCCCGCCACUGCACCUGACCA,1,positive,train,GSE136967,URS000063C47F_9606,10
P076394,AGAUCCUGGGUUCGAAUCCCA,1,positive,train,GSE308686,URS00000A1A88_9606,55
P072270,GUGAUGACAUUUUAAACCACC,1,positive,train,GSE308686,URS000052FCE0_9606,50
P058208,UACUGAGGUGGUUCUUUCUAU,1,positive,train,GSE136967,URS0000656AFD_9606,111
N014393,ACCCAUCUGCUAUUCUGUAGC,0,negative,train,GSE279647,URS00006546BC_9606,93
P082783,NNNNNNNCGCGACUGCGGCGG,1,positive,train,GSE279647,URS000075A546_9606,4
N013886,NNNNNNNNNUUCUAUGCCCAU,0,negative,train,GSE279647,URS000064ACCC_9606,2
P080582,ACUCGGCUGCUGCGUCAAUGA,1,positive,train,GSE279647,URS00007244F3_9606,29
N015141,AGGUGAUACCAUGAUCAUGAA,0,negative,train,GSE279647,URS00006658FA_9606,26
P071075,GAUGUUUAUUUGAAACAGGAG,1,positive,train,GSE308686,URS00002F13BD_9606,18
P069009,ACCAGUAGAGCUUGCCUCUAU,1,positive,train,GSE308686,URS00004C6257_9606,106
P063157,CACUCAGUGCUCGGGAACCAG,1,positive,train,GSE136967,URS00006CC68C_9606,93
P071242,UGAUGUUUUAUUUCCAAGCAC,1,positive,train,GSE308686,URS000075AF9C_9606,23
N003346,AUUUACCUGAGGCCANNNNNN,0,negative,train,GSE136967,URS0000708227_9606,70
P058559,UGUUAAGUUCAGUUCAGGGUA,1,positive,train,GSE136967,URS000068A4EE_9606,19
P076392,CCAGCGGUGCCUNNNNNNNNN,1,positive,train,GSE308686,URS00000A1A88_9606,73
N083195,GAGAGGUAUGUAGGACUCAAU,0,negative,train,GSE136967,URS00008E3A3C_9606,122
P064593,UCUGGCUGCGACAUCUGUCAC,1,positive,train,GSE308686,URS0000734D8F_9606,25
P063536,AGAUCAAGUGUAGUAUCUGUU,1,positive,train,GSE308686,URS00006A3E7F_9606,34
N013305,UGGGGUCAUCGUGAUGAGGGG,0,negative,train,GSE279647,URS000063BFC1_9606,77
P075907,CUGAAGGUCCUGAGUUCGAAC,1,positive,train,GSE308686,URS000025E031_9606,50
N083014,CGAAAAUUAUUUUUUCUUUCC,0,negative,train,GSE136967,URS00023473A4_9606,874
N040066,AAGACACUCUGCGACAGUGNN,0,negative,train,GSE308686,URS00003852FE_9606,131
P082360,NNAUGGCCUGUCAGCCUUUUG,1,positive,train,GSE279647,URS00006BFA75_9606,9
N005899,GGAGCUUAAACCCCCUUAUUU,0,negative,train,GSE279647,URS00000A15FA_9606,57
P073708,AGCAGGGAGAUGAAGAGGACA,1,positive,train,GSE308686,URS00004D7B5D_9606,64
P064142,GCUCGGUCUGAGGCCCCUCAG,1,positive,train,GSE308686,URS000075B951_9606,64
P058244,AAUCUAAAGUUGAUUAUUACU,1,positive,train,GSE136967,URS0000668E0B_9606,39
P058204,GUUAGCCUCAGACACUACUGA,1,positive,train,GSE136967,URS0000656AFD_9606,96
P057983,ACCACAGGCUGUGUUCUUACA,1,positive,train,GSE136967,URS00004F2BDE_9606,26
N000605,GGCCGAAUUGCAGUGUCUCCA,0,negative,train,GSE136967,URS0000633321_9606,34
P078488,GCUACAAAGUAAGCGCAAGUA,1,positive,train,GSE279647,URS000044DFF6_9606,652
P071492,UCCAACUCUGAGCUCACCCUG,1,positive,train,GSE308686,URS00008E3A6E_9606,63
N013373,CCCAGUACCUCCANNNNNNNN,0,negative,train,GSE279647,URS000063E4FD_9606,70
P078159,NNNNNAUGCCUUAAACUUAUG,1,positive,train,GSE279647,URS00006ECA78_9606,6
P066427,GUUUACACAGCCAGACACCAU,1,positive,train,GSE308686,URS000031F86D_9606,41
N013170,AUCCCACCACUGCCANNNNNN,0,negative,train,GSE279647,URS0000637E4A_9606,78
P071226,ACAUAUCUGAUGAUUCCAUGU,1,positive,train,GSE308686,URS000075D829_9606,48
N004123,ACAUGAACAAAGGAACCACUG,0,negative,train,GSE136967,URS00006F0D71_9606,48
N000889,NNNNNUUGCAUGUGGAAAUGU,0,negative,train,GSE136967,URS00005A2612_9606,6
P058492,GGGACAUUAAAAUGGGCUAAG,1,positive,train,GSE136967,URS000061AA47_9606,67
P082715,NNNNGGGCUGGUGACGCGUGC,1,positive,train,GSE279647,URS0000EEBE7C_9606,7
P071501,GAAUUCAUGAUACUGUAAACG,1,positive,train,GSE308686,URS000062539F_9606,41
N021759,UCAAAAGAUUGCAGGUUUGAG,0,negative,train,GSE279647,URS0000720AB7_9606,49
P065668,GGCGAUUCUGAUCUGGNNNNN,1,positive,train,GSE308686,URS000023DE4C_9606,415
P075010,AGAGGUAGUGGGAUCGAUGCC,1,positive,train,GSE308686,URS0000652AB1_9606,52
N016444,UUUGCACAGUGGCAGUAGUGU,0,negative,train,GSE279647,URS000068B2A7_9606,14
N025272,NNNNNNAGGGCUUAGCUGCUU,0,negative,train,GSE279647,URS0002311075_9606,5
P057881,UGGAAAGCUGAACAAAAUGAG,1,positive,train,GSE136967,URS00004219CE_9606,43
P072773,ACAGAAACUGUGUGCUGAUUG,1,positive,train,GSE308686,URS000022EFB6_9606,39
P059229,CCUAUCCCGAAGCUGAUAACC,1,positive,train,GSE136967,URS00006F8A66_9606,25
N013701,UGGAUGGGAGAUAAAAGGAAU,0,negative,train,GSE279647,URS00006464AF_9606,90
N032985,AAAGAACGUGUGGAAAACUAA,0,negative,train,GSE308686,URS00005BBB0D_9606,46
P057779,ACUUAUGAGUAAGGAAAAUAA,1,positive,train,GSE136967,URS00006ECA78_9606,20
P062487,UAGCAUGGCCCCUGCGCAAGG,1,positive,train,GSE136967,URS000035C796_9606,62
N046080,CCAUGAGACAAGCCGUUAUAU,0,negative,train,GSE308686,URS00000F8A5F_9606,103
N027700,CACGCCUGUAAUCCCAGCAUU,0,negative,train,GSE308686,URS000075C9AA_9606,60
P070630,NNNNNNNNNGCUCUGUGAUGG,1,positive,train,GSE308686,URS0000706530_9606,2
N017942,ACCACCCUGAACACGCCAGAU,0,negative,train,GSE279647,URS00006BA75E_9606,23
N004544,GGGACUGGCUGGGGGAGAAGA,0,negative,train,GSE136967,URS000066FABB_9606,81
P060215,AUGAUGACUUUAAUUGUCGGA,1,positive,train,GSE136967,URS000034C57A_9606,17
N018998,NNNNNNNNNGCCUAUGUCCAU,0,negative,train,GSE279647,URS00006CE795_9606,2
P061325,CCAGCUUAGGAAACAGGGUUG,1,positive,train,GSE136967,URS000063C47F_9606,77
P070498,AAGACUGGGGUGGACCUCUUU,1,positive,train,GSE308686,URS00025E358E_9606,123
P079778,AGAGAAAAGAUCUCCUCAGGA,1,positive,train,GSE279647,URS0000210FD6_9606,73
P063170,CAGACAGUUGCUCUGCUGUGC,1,positive,train,GSE136967,URS00006CC68C_9606,35
P071076,UUUAUUUGAAACAGGAGCACC,1,positive,train,GSE308686,URS00002F13BD_9606,22
P076835,UCGACACUUCGAACGCACUUG,1,positive,train,GSE279647,URS0000005270_9606,102
P080004,GAGCCUGUUCUGUAAUCGAUA,1,positive,train,GSE279647,URS000044DFF6_9606,563
P059973,CCUGAUUUCCUUUUGGAUAAU,1,positive,train,GSE136967,URS000063A91D_9606,39
P073336,CCUUGUAGAAUGGAGGCAAAA,1,positive,train,GSE308686,URS0000406CED_9606,38
N024622,NNNNAAAAGAGUUACUUUGAU,0,negative,train,GSE279647,URS0000DCBD36_9606,7
P058502,GGCGGGGAUCGGGCUUGUGGU,1,positive,train,GSE136967,URS00000CC074_9606,23
P062611,ACCUAAUUUGAGUGGACAUCC,1,positive,train,GSE136967,URS00006E3D71_9606,27
P065778,ACAGAAAUAUAGUAGCUUUCU,1,positive,train,GSE308686,URS0000466492_9606,71
N083625,CCCUAUUUUGUCCCUGUAUUC,0,negative,train,GSE136967,URS0000A8E179_9606,23
N020733,UUGUUGUAUAGGUUGCUCUAA,0,negative,train,GSE279647,URS00006FFE91_9606,107
P073105,GGCUGAGUUCGUGAUGGAUUU,1,positive,train,GSE308686,URS000004E6C0_9606,46
N042981,CAGUGUAUGCAAGAAUAAUUU,0,negative,train,GSE308686,URS000075E772_9606,62
P070743,GCUCUGAAAGCUNNNNNNNNN,1,positive,train,GSE308686,URS0000446770_9606,71
N013689,CUCUGAUCUUGGAAGCUGAGC,0,negative,train,GSE279647,URS00006464AF_9606,47
P057897,UGAAAACUCUAUACCGUCAUC,1,positive,train,GSE136967,URS00004219CE_9606,64
P060987,ACUGACCUGAAAUGAAGAGAA,1,positive,train,GSE136967,URS0000651282_9606,40
N003936,CUUCCCUGUAAAUGCUUCCAA,0,negative,train,GSE136967,URS00006C8B95_9606,36
N038466,GUUCAAUUCCUCUUCUUAACA,0,negative,train,GSE308686,URS000061A10B_9606,65
P060090,GCCGGGGGUCAAUCUGCAGCG,1,positive,train,GSE136967,URS0000A9F116_9606,50
P065876,NNNNNNUGGGAGGCUGAUACA,1,positive,train,GSE308686,URS0000608804_9606,5
P081710,UGGUCUUGGUGGUCGUAAAAG,1,positive,train,GSE279647,URS00005D459D_9606,46
N004062,ACUGAGGAAUGAUGACAAGAA,0,negative,train,GSE136967,URS0000633321_9606,11
P065837,UGAUACAUUCCUCCUAGAAAA,1,positive,train,GSE308686,URS00005C0742_9606,55
N004013,UUGGUGGUAUAGUGGUUAGCA,0,negative,train,GSE136967,URS00000AED6F_9606,14
P074687,GUUUUCUAAGUGUCUAAUGAU,1,positive,train,GSE308686,URS000075D383_9606,13
P067851,UGGGCCUUAUGGCACAGUCAG,1,positive,train,GSE308686,URS00002BF97D_9606,100
N017518,NNNNNNNNNNUGGACCAGUGA,0,negative,train,GSE279647,URS00006AF21F_9606,1
P065871,UCCCUAGAAUAAACUGCCUUU,1,positive,train,GSE308686,URS0000608804_9606,65
P070483,UAAUGGAUUUAUGGUGGGUCC,1,positive,train,GSE308686,URS00003D5684_9606,14
P072205,GUCCUAGUCCCAGAGCCUGUA,1,positive,train,GSE308686,URS000066FABB_9606,46
N009960,ACCGAGCUUUUGGAAAAUAGA,0,negative,train,GSE279647,URS00003DAB6F_9606,45
P058591,GCCUUUUACUAAAGAUUUCCG,1,positive,train,GSE136967,URS0000673862_9606,47
N014532,UGCUCUGUCCACUCCACACAU,0,negative,train,GSE279647,URS0000658797_9606,140
P061434,ACCUUUUCACAGACCUGUACU,1,positive,train,GSE136967,URS00006B61AB_9606,26
N026565,NNAUUUGGCCAUACCACCCUG,0,negative,train,GSE279647,URS0003375478_9606,9
P060465,GCGUUCUGUGGCACAGUUUAA,1,positive,train,GSE136967,URS00003A9200_9606,81
N010619,AAUUAAGUAUUGCAACUUACU,0,negative,train,GSE279647,URS000047C095_9606,15
N010398,CAACCUCGGUUCGAAUCCGAG,0,negative,train,GSE279647,URS000044BAE3_9606,54
P065787,GGGUGGGUCGUUCCACUACUG,1,positive,train,GSE308686,URS0000466492_9606,114
P065192,UCUGAGACUAGGGCCAGAGGC,1,positive,train,GSE308686,URS000013F331_9606,90
N014975,UAGUACUUGGAUGGGAGAAUA,0,negative,train,GSE279647,URS0000661539_9606,83
N000048,GAAAUGCGGAUAUGGGACUGA,0,negative,train,GSE136967,URS00006E3D71_9606,56
N007750,ACGACCCCUUAUUUACCNNNN,0,negative,train,GSE279647,URS00001FBD75_9606,63
P076894,UUAGCGGUGGAUCACUCGGCU,1,positive,train,GSE279647,URS00006CE1FB_9606,16
P072157,NNGCUGAAUGAUGAUAUCCCA,1,positive,train,GSE308686,URS00002E0A2C_9606,9
P060999,ACAUUAAAACAGAUGGUUCCU,1,positive,train,GSE136967,URS00006B01A6_9606,73
P068587,AGACAGGUUGUUUUCCAUUUG,1,positive,train,GSE308686,URS000027BAE7_9606,93
N056163,AUGCUGGCGCUUUCACACACN,0,negative,train,GSE308686,URS0000468B49_9606,127
N007560,UCAAUUCCACCUUUCGGGCGN,0,negative,train,GSE279647,URS00001DA281_9606,78
P064703,AGAGGACGACCAUCCCCGAUA,1,positive,train,GSE308686,URS0000734D8F_9606,154
P058789,UCUCCAAGGGGACAUCAGUGC,1,positive,train,GSE136967,URS00004C8BD1_9606,27
N083435,AGUGGAUUGGUGGGCUAUGGA,0,negative,train,GSE136967,URS00023473A4_9606,357
P071081,GGAGCACCUCAGUGCAAGGAC,1,positive,train,GSE308686,URS00002F13BD_9606,35
P075883,CCCACCGCUGCCANNNNNNNN,1,positive,train,GSE308686,URS00001B506A_9606,80
P080803,AUAGGUUUGGUCCUAGCCUUU,1,positive,train,GSE279647,URS000044DFF6_9606,12
P075570,CGGGUUUGAUUCCCGGCCAGU,1,positive,train,GSE308686,URS000009AC8B_9606,58
P071147,UGAGUUUGUAUAAUUAAGCAG,1,positive,train,GSE308686,URS000075EC44_9606,60
N014620,GGAAAGCCCCUNNNNNNNNNN,0,negative,train,GSE279647,URS0000659914_9606,63
N009585,UCAGAAGGCUGCGUGUUCGAA,0,negative,train,GSE279647,URS000038F4B2_9606,48
P064503,GUGCUGAAGGCCUGUAUCCUA,1,positive,train,GSE308686,URS00026A2211_9606,17
N056550,AAGAUGACUUAGAGGCAUUUG,0,negative,train,GSE308686,URS00003A9200_9606,128
P072353,NNNNACUCCAUGAUGAACACA,1,positive,train,GSE308686,URS000041615F_9606,7
P067437,UUUCUGUCUGUCUUUGUGGCG,1,positive,train,GSE308686,URS000019135F_9606,93
P058649,CUUGAAAUAUAGUCGGCAUUG,1,positive,train,GSE136967,URS0000149178_9606,105
N019539,UAAGCAGGGUCGGGCCUGCUU,0,negative,train,GSE279647,URS00006DC6C9_9606,63
P068963,GGAAGUGUGCUAUAUCAAUGG,1,positive,train,GSE308686,URS00004C6257_9606,69
N056309,UCUGGGAGCAGACAGAGNNNN,0,negative,train,GSE308686,URS000000D517_9606,198
P063494,NNNNGGGUCAUUUCAAAGAGG,1,positive,train,GSE136967,URS00003818BD_9606,7
P068155,CUGGGUAGAGUGGCAUCUGGU,1,positive,train,GSE308686,URS0000438819_9606,21
P060084,UCUGACUACGGAUCAGAAGAU,1,positive,train,GSE136967,URS00002DDD59_9606,37
P063990,AGCUUAUCAGACUGAUGUUGA,1,positive,train,GSE308686,URS00000AF93C_9606,19
N018434,NNNUGGCUCGGUUUCCUGGGG,0,negative,train,GSE279647,URS00006C4777_9606,8
N016317,NNNNNUACAUUCCAUGAUGUC,0,negative,train,GSE279647,URS0000688170_9606,6
P075059,CCCCAGCACCUCCANNNNNNN,1,positive,train,GSE308686,URS0000677B31_9606,69
N017141,CGUGAAGCCAAGCAGGGUGGG,0,negative,train,GSE279647,URS00006A4CA5_9606,56
P059554,CAUGUUCAGGGUAUCAGGGCC,1,positive,train,GSE136967,URS0000569A4A_9606,246
P078612,NNNNNNNNNNAGCAGCCCUCG,1,positive,train,GSE279647,URS000075B0DE_9606,1
P077577,AAAACUACGAUAGCCCUUAUG,1,positive,train,GSE279647,URS000044DFF6_9606,744
P059178,NNNNNNNUGUGCACAUUGUUA,1,positive,train,GSE136967,URS0000716F59_9606,4
N018037,GUGGUAUCUGUUUAUAUCAGU,0,negative,train,GSE279647,URS00006BC301_9606,40
P067847,GCCUUAUGGCACAGUCAGUCA,1,positive,train,GSE308686,URS00002BF97D_9606,103
P066622,AGAGAAAGUGGCGAUUUCUAC,1,positive,train,GSE308686,URS000075A77B_9606,71
P078738,UUCACCCUCUAAAUCACCACG,1,positive,train,GSE279647,URS000044DFF6_9606,83
P066280,UUGGAGGUUGCCAAGGACUUA,1,positive,train,GSE308686,URS0000ABD812_9606,81
P064435,UACCACCCGGUACAGGAGAUA,1,positive,train,GSE308686,URS00003DBD40_9606,50
P072891,CCAUUUUGAUUCUGAGGUUNN,1,positive,train,GSE308686,URS0000507EBE_9606,69
N021054,UAUUAACCGAACGGUGAGUAG,0,negative,train,GSE279647,URS000070D4B4_9606,44
N013182,CUUAUUCUCCUCUUUUCCCCC,0,negative,train,GSE279647,URS000063860F_9606,70
P058394,UUUCUUAUGUGCUAUACAAAU,1,positive,train,GSE136967,URS000033A30E_9606,55
N045485,GGCUCUUAAAGGCACGAGAGG,0,negative,train,GSE308686,URS00001B2620_9606,121
P061852,GGUAGAAUUCUCGCCUCCCAC,1,positive,train,GSE136967,URS00007131F2_9606,27
P069465,UUAAACAGAGGUGCAAACAGC,1,positive,train,GSE308686,URS00005357F7_9606,54
N003731,UGCCUUUGAACCUGAUGUGUC,0,negative,train,GSE136967,URS0000013F57_9606,17
P058679,CGCUAUAUUAAGACCAUGCAU,1,positive,train,GSE136967,URS00002C6D40_9606,65
P069997,NNNNNNNNNAUCCAGCGGUUG,1,positive,train,GSE308686,URS0000148398_9606,2
N023582,NNNNNNNUCAUUGGUCGUGGU,0,negative,train,GSE279647,URS00007F86BF_9606,4
P070195,UGGCUGUCCGUUAGUGCCUUC,1,positive,train,GSE308686,URS0000704142_9606,114
N019836,CAAGUACAGUGUCUCUUCUUA,0,negative,train,GSE279647,URS00006E3DE1_9606,38
P076311,CACGCGUGGGUUCGAAUCCCA,1,positive,train,GSE308686,URS0000664EAD_9606,63
N019830,CAGGGUUAGGCCUGUUAGUAC,0,negative,train,GSE279647,URS00006E3908_9606,67
N011688,AGCCUGUAGAAACAUUUGUGG,0,negative,train,GSE279647,URS00005A29A1_9606,46
N023855,NNNNNNNUGAUAGGUGGCACG,0,negative,train,GSE279647,URS0000A0C3D0_9606,4
P078305,UCGCCAGAACACUACGAGCCA,1,positive,train,GSE279647,URS000044DFF6_9606,495
P062078,NNNNNNNUUCUCACCUAAACC,1,positive,train,GSE136967,URS00006ACA80_9606,4
P065533,GGGGAAAGGCUCCUGUGUUGU,1,positive,train,GSE308686,URS000015F227_9606,18
P060405,GAUGACUGAUUACCUGAGAAA,1,positive,train,GSE136967,URS000053D4AB_9606,18
N022038,UUUUUUUUUGGAGACAGGGUC,0,negative,train,GSE279647,URS00007288AA_9606,288
P064762,AAGUUCGGCAUCAAUAUGGUG,1,positive,train,GSE308686,URS00000478B7_9606,128
N005215,NNNNNNNNNNUAAGGACUGCA,0,negative,train,GSE279647,URS00000133BF_9606,1
N003070,CUGAGGCUCAGNNNNNNNNNN,0,negative,train,GSE136967,URS0000686085_9606,78
P060608,UGGGAACUCUGUACUAUCAUC,1,positive,train,GSE136967,URS000063EF58_9606,64
P072155,UUUCAAGACGGGACUGAUGGC,1,positive,train,GSE308686,URS00002E0A2C_9606,82
N012864,GCCUCUGAUCUGUUGAAGCUA,0,negative,train,GSE279647,URS00006338FF_9606,44
N001339,AAACAUUCGCUAUAUUAAGAC,0,negative,train,GSE136967,URS00002C6D40_9606,58
N004148,UAGGGUGGGUGCAGUGGUGCA,0,negative,train,GSE136967,URS0000A92109_9606,189
P072950,CCAGGUAACUCUGAGUGUGUC,1,positive,train,GSE308686,URS00002E0EE8_9606,24
P076395,AAAGCGCCUGUCUAGUAAACA,1,positive,train,GSE308686,URS00000A1A88_9606,32
P057860,ACCUGUCUGCUAUUCUCCUGU,1,positive,train,GSE136967,URS00006623A0_9606,93
N021866,CAUAUAAAUCUUUCACCUUUU,0,negative,train,GSE279647,URS0000724319_9606,33
P059887,UUCCAAGCAGUUGACCCGGGU,1,positive,train,GSE136967,URS0000716B70_9606,43
N021203,CACAUAUACAAAAAAAAAUUG,0,negative,train,GSE279647,URS0000712D41_9606,27
N002746,UAAACCUACCCCAUAUACACC,0,negative,train,GSE136967,URS00004F2BDE_9606,74
P061211,UCCAGUUCUGCUACUGAAGGG,1,positive,train,GSE136967,URS000067EB9D_9606,30
N020805,UUCACUUGAAUAGCUUUUUNN,0,negative,train,GSE279647,URS0000703102_9606,94
N013826,AUACCUGAUAUGUCCUCUACC,0,negative,train,GSE279647,URS000064A434_9606,56
P062334,CGCUUGGGUAUCGGCUAUUGC,1,positive,train,GSE136967,URS00002BF97D_9606,27
P058486,GUCCAGGGCAGCUUCCCUGUU,1,positive,train,GSE136967,URS000061AA47_9606,30
P060288,GUCUGACUGUGCUCAUGGCCA,1,positive,train,GSE136967,URS000065E84A_9606,30
N008682,GUGAUAGGUGGCACGGAGAAU,0,negative,train,GSE279647,URS00002A6C58_9606,23
P077692,AUUGGCAAGGUUUUUUUUUUU,1,positive,train,GSE279647,URS000069B08B_9606,122
P061124,AUGCUUUAAGAGUAGUGGACA,1,positive,train,GSE136967,URS000026D828_9606,19
P071176,ACUACCUCAUCUGAUGCCAUC,1,positive,train,GSE308686,URS000075ED7D_9606,94
P076908,AGGGAGAUGGAAUAGGAGCUU,1,positive,train,GSE279647,URS00021ED9AF_9606,378
P082339,NNNNNNNNNNGAGACGAGACG,1,positive,train,GSE279647,URS0000EF6C07_9606,1
N003443,UGGCUUAGCUGAUGCCAGGAG,0,negative,train,GSE136967,URS000026935A_9606,76
P070936,NNGUGUUCAAUGAUGAUUUCU,1,positive,train,GSE308686,URS000063A91D_9606,9
P070035,GGUGUUACACUGUUGGAAGAG,1,positive,train,GSE308686,URS0000148398_9606,55
P064470,GUCCGCGCACCAACCACACGG,1,positive,train,GSE308686,URS00026A2211_9606,237
P061522,UCUCUUUUCUGUCUUUUAUCA,1,positive,train,GSE136967,URS00008E3A5F_9606,113
P065728,NNNNNNNUGGACAUUUAUUUU,1,positive,train,GSE308686,URS0000466492_9606,4
P062000,NNNNNNNACUCUCUCGGCUCU,1,positive,train,GSE136967,URS0000210FD6_9606,4
P064517,GUAGACAUUCCCCGCUUCCCA,1,positive,train,GSE308686,URS00026A2211_9606,126
N055496,AAAGGACUUAGCUUGUGUUAU,0,negative,train,GSE308686,URS0000569A4A_9606,276
P062432,CAGGCGGCCCGGGUUCGACUC,1,positive,train,GSE136967,URS00003C9A26_9606,50
P059024,GCUGAGGAUGAUUUAAAGUUA,1,positive,train,GSE136967,URS0000686085_9606,15
P070558,GCCAUAGCAAUCCUGUGAUUU,1,positive,train,GSE308686,URS000064B135_9606,67
N026531,GCCAAGCAGGGUUGGGCCUGG,0,negative,train,GSE279647,URS00033560D7_9606,61
P062957,UGGUGUGCUAGAGUACUCGAA,1,positive,train,GSE136967,URS0000451E99_9606,49
N003612,UCCCGGGGCUGCGCGAGGCAC,0,negative,train,GSE136967,URS000075B0DE_9606,51
P071257,UAUGUGUGGACAGCACUGAGA,1,positive,train,GSE308686,URS000075AF9C_9606,56
P076162,GAAUCCAGCGAUCCGAGUUCG,1,positive,train,GSE308686,URS00006365BC_9606,46
N021477,AUUGGCCCCUGCCCAAGGAUG,0,negative,train,GSE279647,URS000071A9AA_9606,67
N017303,GGUGGUGCUCAGAUCGCCUCU,0,negative,train,GSE279647,URS00006A8564_9606,54
P057885,UGAACAAAAUGAGUGAAAACU,1,positive,train,GSE136967,URS00004219CE_9606,51
P063161,CUCGGGGCAAAGAGAAAGUGG,1,positive,train,GSE136967,URS00006CC68C_9606,63
P075735,CCCUGUUCAGGCANNNNNNNN,1,positive,train,GSE308686,URS00006587E4_9606,71
N011566,NNNNNNNNNNGAAGCCCCGGC,0,negative,train,GSE279647,URS000058D04B_9606,1
P059253,CGCGUCAGUCUCAUAAUCUGA,1,positive,train,GSE136967,URS0000145C5E_9606,33
P068650,CAGUUAUCCCUUUCUAGUCUG,1,positive,train,GSE308686,URS00004C6FD8_9606,18
P079631,ACUACGAUAGCCCUUAUGAAA,1,positive,train,GSE279647,URS000044DFF6_9606,747
N005163,AGUGUAGCUUAACACAAAGCA,0,negative,train,GSE279647,URS000000A699_9606,14
N010325,UCCUGCUCCGUCGCCCCAGUG,0,negative,train,GSE279647,URS000043F622_9606,27
P077016,GGCCAUACCACCCUGAACGCG,1,positive,train,GSE279647,URS00000F9D45_9606,17
N011445,CAGUGCUGCCUUGUUGCAUAU,0,negative,train,GSE279647,URS0000561D92_9606,31
N026579,CUUGAACGUGCCCGGUCUCCU,0,negative,train,GSE279647,URS000338C3E2_9606,28
P061463,AGGUGUUUGAGGAUGCAGUGA,1,positive,train,GSE136967,URS0002869D3B_9606,15
N012040,ACUGUAAAUCUAAAGACAGGG,0,negative,train,GSE279647,URS00005E8BA6_9606,36
P081459,ACCUCGGAUGUGAGGGCGAUC,1,positive,train,GSE279647,URS0000D56E44_9606,12
P067877,GAGACUAGAGUCACAUCCUGA,1,positive,train,GSE308686,URS0000451E99_9606,14
P082891,GUCCCAUAUUGAACUCGAGUU,1,positive,train,GSE279647,URS000075B866_9606,40
N022757,UCGGGUCGAAACCGAGCGGAA,0,negative,train,GSE279647,URS0000753215_9606,60
N014763,UUUGUGCUAACUCUAGCCAGC,0,negative,train,GSE279647,URS000065E84A_9606,87
N026666,UACAGCUAUACCACCCUGAAU,0,negative,train,GSE279647,URS00033D96C8_9606,14
N017444,CUCGCCUGCCAUGCGGGCGGC,0,negative,train,GSE279647,URS00006ABCCE_9606,36
N024056,AGCUAAGCAGAGCUGGGCCUG,0,negative,train,GSE279647,URS0000A9E2B5_9606,60
P073800,UGACUUUCUGUGACUGAGCAU,1,positive,train,GSE308686,URS0000ABD834_9606,61
N015943,GAGCAGACAGANNNNNNNNNN,0,negative,train,GSE279647,URS000067C18D_9606,201
N010578,AGGCUUAACCCCUGUCUUUAG,0,negative,train,GSE279647,URS0000473F8D_9606,21
N007562,UUCCACCUUUCGGGCGNNNNN,0,negative,train,GSE279647,URS00001DA281_9606,82
N017326,UUUAGUAGUACAUAUAUAAAA,0,negative,train,GSE279647,URS00006A9CAD_9606,19
P060140,CCAGUGAUGCCUCUUUUCUCU,1,positive,train,GSE136967,URS00006C2FB0_9606,53
P057846,ACAAUAUAGCUGCUAAGUGCU,1,positive,train,GSE136967,URS00006623A0_9606,27
P075389,NNNUCCCUGGUGGUCUAGUGG,1,positive,train,GSE308686,URS0000635088_9606,8
N000675,AUCUCAAGAAAAUUCCUCUAG,0,negative,train,GSE136967,URS000053D4AB_9606,50
N012108,CUGGUAUCUGUGGCUAUGAUC,0,negative,train,GSE279647,URS00005F3006_9606,235
N021864,CAGAUCAUAUAAAUCUUUCAC,0,negative,train,GSE279647,URS0000724319_9606,28
P077552,NNNNNAGUUGGUCCGAGUGUU,1,positive,train,GSE279647,URS00004A2461_9606,6
N013486,GCUAAGCGGGGUUGGGCCUGG,0,negative,train,GSE279647,URS0000641393_9606,60
P070976,CUUCUGUGAGCUGAGGUCCAN,1,positive,train,GSE308686,URS000075A82F_9606,85
N026403,UCAAAGAUAGACCGAUCUAUC,0,negative,train,GSE279647,URS000328E076_9606,262
P072424,NNNNNNNNNNGUUUGUGAUGA,1,positive,train,GSE308686,URS00004E0FA9_9606,1
N013264,GCCUGCUCGCCUCUGAUCUGU,0,negative,train,GSE279647,URS000063A525_9606,36
P074426,GGACAGUGUAGAACCAUUCUC,1,positive,train,GSE308686,URS000054DD16_9606,61
N082984,GAGAAAGGUUUUCGCCUCCUG,0,negative,train,GSE136967,URS00003C5431_9606,314
P076833,UUAAUGUGAAUUGCAGGACAC,1,positive,train,GSE279647,URS0000005270_9606,73
P068689,CCGUAAUGUACGGAGGAAGAG,1,positive,train,GSE308686,URS00000CC074_9606,52
P076148,GGUAUGAUUCUCGGUUUGGGU,1,positive,train,GSE308686,URS000062C4DE_9606,27
N014720,CAGAGAGGGCANNNNNNNNNN,0,negative,train,GSE279647,URS000065DEBF_9606,73
P060370,ACAUGAUGAUCUCAAUCCAAC,1,positive,train,GSE136967,URS000069573D_9606,17
N018757,NGGGGAAUUGGCUCAAGCGGU,0,negative,train,GSE279647,URS00006CA4D9_9606,10
N027929,CAACACCCUGAUUGCUCCUGU,0,negative,train,GSE308686,URS00021EDA78_9606,120
N000322,UGGCUGUUAACUAAAAGGUUG,0,negative,train,GSE136967,URS000068D6AF_9606,40
P061515,GGCCUCUCAUAGUGUACCCAU,1,positive,train,GSE136967,URS000072D77E_9606,47
N022833,UAAGACAGUGCACCUGUGAGC,0,negative,train,GSE279647,URS0000758A62_9606,47
P058015,UGAUUCUGCCAAAUGAAAUAU,1,positive,train,GSE136967,URS0000507EBE_9606,25
N023257,CGGCCCCGCGGUGCAUUGCUG,0,negative,train,GSE279647,URS000075D54F_9606,16
P064107,GAGGCAGGGCCUUUGUGAAGG,1,positive,train,GSE308686,URS00006A8564_9606,31
N083075,GGGCUGCCGGUGGCGUAGGGG,0,negative,train,GSE136967,URS0000EB4911_9606,488
P074090,AGCUUAUCAGUGAUGUUGUAA,1,positive,train,GSE308686,URS000071E913_9606,11
N043605,GUUGCAUAUGAUGCGAUAAUU,0,negative,train,GSE308686,URS00002E0A2C_9606,60
P072154,AUUGUUUCAAGACGGGACUGA,1,positive,train,GSE308686,URS00002E0A2C_9606,78
N005570,GCUUAACACAAAGCACCCAAC,0,negative,train,GSE279647,URS0000059DA7_9606,21
P062809,UGGUCCCGGCGCCCUUUNNNN,1,positive,train,GSE136967,URS000000A142_9606,129
N019264,UUUCCAUUGCACUGUGGACGU,0,negative,train,GSE279647,URS00006D5E8B_9606,67
P061371,AUCAGGACUUGCAACACCCUG,1,positive,train,GSE136967,URS00006B483D_9606,108
N014504,UUCUUGUUAAUAUAGUGGUGA,0,negative,train,GSE279647,URS00006580F4_9606,11
P076857,CACUUCGAACGCACUUGCGGC,1,positive,train,GSE279647,URS0000005270_9606,106
P059045,UUGUGUUGAGUAACGGUGAUA,1,positive,train,GSE136967,URS00006D4FDA_9606,31
N024920,NNNNNCAUUAACCUUUUAAGU,0,negative,train,GSE279647,URS00019DE2AD_9606,6
N015174,UGUAUAAUUUGUGGCAGUGGU,0,negative,train,GSE279647,URS0000667BF0_9606,130
P070467,GCCUGGCCUCUGUGCCCGUAG,1,positive,train,GSE308686,URS0000647500_9606,96
P076087,NNNNGUUUAUGUAGCUUACCU,1,positive,train,GSE308686,URS00003E8921_9606,7
N011547,GUAUUUUAGUAACAUCACAAG,0,negative,train,GSE279647,URS000058997A_9606,50
P059770,CCAUGAUCACGAAGGUGGUUU,1,positive,train,GSE136967,URS000032B6B6_9606,34
N013028,AGUCAUACAAUGAAUACGUGU,0,negative,train,GSE279647,URS0000636753_9606,41
P063789,UGAAAUUCAGUUCUUCAGCUG,1,positive,train,GSE308686,URS000075D8A0_9606,71
N017529,NNNNUUGGUCCUGAUUCAAGG,0,negative,train,GSE279647,URS00006AF63C_9606,7
N007494,GUGGUAAGGCGUCGGUCUCGU,0,negative,train,GSE279647,URS00001D9AFB_9606,25
P082704,CCCCAUCAAUUGCCAGGGUUG,1,positive,train,GSE279647,URS000070EF58_9606,45
N016289,UAUUAGGAUAAUGGAGUUAUC,0,negative,train,GSE279647,URS00006868E5_9606,99
P071325,GUGUUUCAGCUGAUCAGCCUG,1,positive,train,GSE308686,URS0000759F95_9606,55
N012436,UGGCCUUUUAGCUAAGACCAA,0,negative,train,GSE279647,URS00006287CA_9606,20
N013680,CCACCCCGAACGCGCCCGAUC,0,negative,train,GSE279647,URS00006464AF_9606,24
P076615,AGUGGUAGGGUUCUCGCCUCA,1,positive,train,GSE308686,URS0000676AD7_9606,24
P064111,UUCCACAGUGCAUCACAGNNN,1,positive,train,GSE308686,URS00000CBE63_9606,62
P058770,GUUGAUCCUAGUCUGGGUGCA,1,positive,train,GSE136967,URS00007136D1_9606,182
P061635,CCAGUGGAUUCGAUGGGCCAU,1,positive,train,GSE136967,URS000064B135_9606,51
N023046,UUUUGAGGCCUUGUUCCGACA,0,negative,train,GSE279647,URS000075B029_9606,101
N056886,AUUGGAACUGAAUUUAAGUGA,0,negative,train,GSE308686,URS0000ABD8C9_9606,32
N012919,AGAAAGGCCUUUCUGUGUGGA,0,negative,train,GSE279647,URS0000634240_9606,53
N006145,ACGGACUACAACCACGACCAA,0,negative,train,GSE279647,URS00000C4980_9606,20
P065831,NNNNNNNNNACUGGAGGACUA,1,positive,train,GSE308686,URS00005C0742_9606,2
P075593,NNNGCAUUGGUGGUUCAGUGG,1,positive,train,GSE308686,URS000009AC8B_9606,8
N015773,CACGAGGCCCUGGGUUCAAUC,0,negative,train,GSE279647,URS0000677B31_9606,49
P066307,CCAAGGACUUAUUUAAAAGUG,1,positive,train,GSE308686,URS0000ABD812_9606,91
P066428,ACUGUGUUUUUAUCAGUAGUU,1,positive,train,GSE308686,URS000031F86D_9606,23
P078926,CGCGCGGUACUUAUAUGACAG,1,positive,train,GSE279647,URS0000757938_9606,34
P082921,GAGCGGAGGACUGUAGGGGUU,1,positive,train,GSE279647,URS0000755767_9606,32
N025794,CUGGAAACUAAAAACCAAAAA,0,negative,train,GSE279647,URS0002A5FC86_9606,145
P072722,UAUUGGAAAAGAAUGACAUGA,1,positive,train,GSE308686,URS00022AE7D9_9606,31
P059187,UGUGCUACAUGAGGGGCAAGU,1,positive,train,GSE136967,URS0000716F59_9606,77
P060159,GGUUCGAUUCCGGCUCGAAGG,1,positive,train,GSE136967,URS0000636E2A_9606,62
N014039,GAACAAUACAGAGAAAUUAGC,0,negative,train,GSE279647,URS000064D693_9606,44
P064129,CACACCAGUAAUCCCAGCACU,1,positive,train,GSE308686,URS000075A325_9606,18
P074794,NNNNNUGGUGCUGUGAUGAUG,1,positive,train,GSE308686,URS000075E488_9606,6
N012853,UAGCCACGUUGUGAUUAUUGC,0,negative,train,GSE279647,URS0000632F03_9606,48
P058361,GGGAGAGUGAAAACAUCGCUU,1,positive,train,GSE136967,URS0000634EB5_9606,70
P073060,CUGAACUUCUGUUGAAAAAAA,1,positive,train,GSE308686,URS00002524EE_9606,36
P072976,CCUGUCUGAUUNNNNNNNNNN,1,positive,train,GSE308686,URS00003B08B2_9606,71
N053670,AUAGUACCCCAUGCCAGAGCA,0,negative,train,GSE308686,URS0000647500_9606,55
P072046,CAACUCUGAUCUUNNNNNNNN,1,positive,train,GSE308686,URS0000ABD85F_9606,65
N031354,UCCCUGGUACCUCCANNNNNN,0,negative,train,GSE308686,URS00006D68C3_9606,68
P057601,CUAUAGUGUGUUACUAGAGAA,1,positive,train,GSE136967,URS0000650B1E_9606,36
N022662,GGCUGUUUGAACCGAAAGGCU,0,negative,train,GSE279647,URS000074D670_9606,41
P068585,UUCCCAUUCCUUGCUGCCUCG,1,positive,train,GSE308686,URS000027BAE7_9606,25
P071247,GUUUUAUUUCCAAGCACAUAU,1,positive,train,GSE308686,URS000075AF9C_9606,27
P068710,UCUGGCCCCCUCGGCGUCAUG,1,positive,train,GSE308686,URS00000CC074_9606,82
N050009,UUGGUCUCAUACAUGUNNNNN,0,negative,train,GSE308686,URS00004B4AC7_9606,130
N010036,AGGAUGGGGUGUGAUAGGUGG,0,negative,train,GSE279647,URS00003F4919_9606,12
N021019,GGGUUCGAUCCCCGUGCCGGU,0,negative,train,GSE279647,URS000070BF11_9606,62
N082978,UGUGCUGAUGUGCNNNNNNNN,0,negative,train,GSE136967,URS0000626A32_9606,68
N003205,ACGCCGGGACACCGNNNNNNN,0,negative,train,GSE136967,URS00000CC074_9606,146
N034005,UGAUGAAGUAAGACUUUGCUG,0,negative,train,GSE308686,URS00005C0742_9606,36
N023266,GGUAGGGUUUGGGGGAGAGCG,0,negative,train,GSE279647,URS000075D553_9606,14
N006688,GUUAGUAUCCCCGCCUGUCAC,0,negative,train,GSE279647,URS000013899F_9606,28
N030781,UAGUCUGGGUGCAAACAAUUN,0,negative,train,GSE308686,URS0000148398_9606,191
P059567,AACAUUCGCAGUUUCCACCAG,1,positive,train,GSE136967,URS000062548B_9606,32
P081613,UCUCUCUCUCCUCUCUCUGUC,1,positive,train,GSE279647,URS00021ED9AF_9606,884
N015493,CAGAAUGAGCAGAGGAAAUCC,0,negative,train,GSE279647,URS0000673CF7_9606,70
N022187,ACAAAGAUGGUUUUCCCAGGG,0,negative,train,GSE279647,URS000072B4B1_9606,42
N045550,GAAGUGAUGAAUUGAUCAGAU,0,negative,train,GSE308686,URS000023DE4C_9606,356
N021566,CUGUGUUCCUUCUCAUUCCCA,0,negative,train,GSE279647,URS000071B960_9606,69
P069988,GACAAACCAUGCAGGAAACAG,1,positive,train,GSE308686,URS00000DE3E2_9606,195
P065242,AUGUGUUGUGAUAGCUGGGUU,1,positive,train,GSE308686,URS000021BC29_9606,67
P076240,GCGCAAUGGAUAGCGCAUUGG,1,positive,train,GSE308686,URS0000755838_9606,20
N014993,CAUCCACUCCACACAUCGACC,0,negative,train,GSE279647,URS00006615F7_9606,145
N012564,GGAUGGGAGACUUCAAGGGAA,0,negative,train,GSE279647,URS000062A50C_9606,93
P076797,GCGGUGGAUCACUCGGCUCGU,1,positive,train,GSE279647,URS00006CE1FB_9606,19
P063924,CAUAGUUGCACUACAAGAAGA,1,positive,train,GSE308686,URS0000539083_9606,31
N015995,NNNGGCCAGUCAGAAGGUAGU,0,negative,train,GSE279647,URS000067D57B_9606,8
N005207,UUAACCUUUUAAGUUAAAGAU,0,negative,train,GSE279647,URS000000EE2E_9606,32
P062380,GUGGUUUCGACUCACUGAGAG,1,positive,train,GSE136967,URS0000706C1B_9606,35
N016350,NNGUACAGGGCACACCACCCU,0,negative,train,GSE279647,URS0000688F51_9606,9
P074532,AUAAUUUUAAGACUGAGANNN,1,positive,train,GSE308686,URS000075BEB6_9606,69
P075099,CGCAUGUACGAGGUCCCUGGU,1,positive,train,GSE308686,URS00006D68C3_9606,43
P059256,GAUGAUGAGUGAAGUAGAGCC,1,positive,train,GSE136967,URS00005D7632_9606,15
P062313,CACAGCGCCCGAGACAGACUG,1,positive,train,GSE136967,URS000027315D_9606,46
P066317,CCAAGAAUAAUUUGGAGGUUG,1,positive,train,GSE308686,URS0000ABD812_9606,70
P067686,GAAACUGGCUAGGGAAAAUGA,1,positive,train,GSE308686,URS000068A4EE_9606,75
N013872,CGGGAGACUGGGGUUCGAUUC,0,negative,train,GSE279647,URS000064A807_9606,50
P058497,UGAUUGGGUAGAAAGUAUUAU,1,positive,train,GSE136967,URS000061AA47_9606,93
P063756,CGCUGGGAAGCAGUGCAAUGA,1,positive,train,GSE308686,URS000075E379_9606,51
P060458,ACUCUGUGCUGCGUUCUGUGG,1,positive,train,GSE136967,URS00003A9200_9606,71
P062372,GAUGCCUUAAUAUUGUGGUUU,1,positive,train,GSE136967,URS0000706C1B_9606,21
P067774,CUUUGGACACGUAAGAAUUGG,1,positive,train,GSE308686,URS00000B589B_9606,44
P082173,CUGCGUUCAAAUCGCACCCUC,1,positive,train,GSE279647,URS00006DCB39_9606,39
N007172,UACUGUUGUUCUUUUGGUUUG,0,negative,train,GSE279647,URS000019135F_9606,40
P060853,GGACUGUAGAUCCUUAGGUCG,1,positive,train,GSE136967,URS0000333F2E_9606,39
N006710,CCGGGGUUCAAUUCCCCGACG,0,negative,train,GSE279647,URS000013899F_9606,57
P079433,ACGUCCUUAUGCCUUAAACUU,1,positive,train,GSE279647,URS0002A398C5_9606,611
P075875,CCACUUCUGGUANNNNNNNNN,1,positive,train,GSE308686,URS00006F940C_9606,82
P063753,GGAAGCAGUGCAAUGAUGAAA,1,positive,train,GSE308686,URS000075E379_9606,56
P063100,GUCUCCGUAUGGAGGCGUGGG,1,positive,train,GSE136967,URS0000572B72_9606,54
N022945,NNNNNNNNNNGACUGGCAAGG,0,negative,train,GSE279647,URS000075AA41_9606,1
P057708,GCAACUGCCGUCAGCCAUUGA,1,positive,train,GSE136967,URS0000650B1E_9606,150
P060482,AAGUAAUUUCCUAAAGAUGAC,1,positive,train,GSE136967,URS00003A9200_9606,115
N013814,GUGGCAUUGGAGUUAUGGACG,0,negative,train,GSE279647,URS000064A1E7_9606,31
P076877,NNNNNNGGCCAUUAAGACUAU,1,positive,train,GSE279647,URS0000EAEC9F_9606,5
P058362,CCUAUUGAGCCGUCAAGAAAG,1,positive,train,GSE136967,URS0000634EB5_9606,49
P070062,AGCCAUCCGGACAGAACCGUU,1,positive,train,GSE308686,URS000000D517_9606,26
N016027,UGGCUGAUGUCUGUAAUCCCA,0,negative,train,GSE279647,URS000067E274_9606,276
N046310,AUUGUGAAUGGGGGAACAUAG,0,negative,train,GSE308686,URS00004F2BDE_9606,122
N025783,AGUACAGCUUCCACAGGAGCA,0,negative,train,GSE279647,URS0002A4D5AF_9606,23
P068821,GGCAUACCCGUAGACCUUGUC,1,positive,train,GSE308686,URS000065E84A_9606,12
P063834,UCCGUACAGCCUUUAAAACUG,1,positive,train,GSE308686,URS0000D5073B_9606,83
P071056,CAUACCGUCGUUCUCAUCGGA,1,positive,train,GSE308686,URS000075E4E2_9606,76
N014765,CUAACUCUAGCCAGCUUAAUU,0,negative,train,GSE279647,URS000065E84A_9606,93
P075561,NNNNNNNNNGCAUGGGUGGUU,1,positive,train,GSE308686,URS000063FB43_9606,2
P075352,NNNNNNNNNNUCCCUGGUGGU,1,positive,train,GSE308686,URS00004F0321_9606,1
N001888,GGGUUUCCCCGCACAGGUUCG,0,negative,train,GSE136967,URS0000278E1B_9606,56
P062583,CCUGGGUUCGAAUCCCAGCGG,1,positive,train,GSE136967,URS00000A1A88_9606,59
N016285,UAAAAUUUGAUUUUCUUCACU,0,negative,train,GSE279647,URS00006868E5_9606,71
P066062,AAAAAAGGACUUUUUUUUNNN,1,positive,train,GSE308686,URS000010A63C_9606,115
P061694,NNNNGAGGUCAGUGAUGAGCA,1,positive,train,GSE136967,URS00006D7506_9606,7
N002297,UCUGAUAAAUUCUUGAAGAAA,0,negative,train,GSE136967,URS0000729A81_9606,46
N013312,CCUGAAUGCGCCCGAUCUCGU,0,negative,train,GSE279647,URS000063C001_9606,28
N033184,CAGUGGUAGAGCGCGCGCUUC,0,negative,train,GSE308686,URS00006F4537_9606,23
N016993,CUGAUCGUGGAAGCCAAGCAG,0,negative,train,GSE279647,URS000069DFF8_9606,49
P074546,NNNNNNNACAAUGAUGACUUA,1,positive,train,GSE308686,URS000075BEB6_9606,4
P058270,GCAUGCGAGAGGUAGCGGGAU,1,positive,train,GSE136967,URS00003D2CC9_9606,45
P075366,CCGCGGCCCGGGUUCGAUUCC,1,positive,train,GSE308686,URS0000635088_9606,51
N003495,CGCAUCCUCCANNNNNNNNNN,0,negative,train,GSE136967,URS00003D2CC9_9606,73
P058145,AUGGUCUAGCGGUUAGGAUUC,1,positive,train,GSE136967,URS0000639DBE_9606,17
N005296,AUUGAAGCCAGUUGAUUAGGG,0,negative,train,GSE279647,URS00000208B4_9606,14
P073459,GGUUGCUGUGAUGACUAUCUU,1,positive,train,GSE308686,URS000075DF00_9606,25
P079761,CUCAAAGGACCUGGCGGUGCU,1,positive,train,GSE279647,URS000044DFF6_9606,526
N024758,UUAGGAGAUUUCAACUUAACU,0,negative,train,GSE279647,URS0000DDF06A_9606,37
N011975,UUUGUUCCUUCUCCACUCCCA,0,negative,train,GSE279647,URS00005CF03F_9606,69
P058894,AUGUCGUAAUUUGCGUCUUAC,1,positive,train,GSE136967,URS0000679E95_9606,18
N023969,GGGAGCUGUCAGAGAAGAGCA,0,negative,train,GSE279647,URS0000A8C404_9606,51
N016442,UUUCUUCUCCACUUCCACUGC,0,negative,train,GSE279647,URS000068B213_9606,78
P058446,CAAUAGCAUUGGUGGCCUUGC,1,positive,train,GSE136967,URS000014FF3E_9606,147
P060266,CUGGACUGAGGGAAAUAAUCU,1,positive,train,GSE136967,URS000072C309_9606,48
N001365,CAGAAAACAAUGAUGUGGUAA,0,negative,train,GSE136967,URS00006457BC_9606,14
P076759,GCAACCUGUCUGGGUUGUUCG,1,positive,train,GSE308686,URS00005CCF67_9606,60
P072934,GACCCCAGGUAACUCUGAGUG,1,positive,train,GSE308686,URS00002E0EE8_9606,20
P074838,AGUCAUGGGAGCUGAAUGUAU,1,positive,train,GSE308686,URS00005ACA64_9606,51
N012587,UAUUUCUUUGUGUCUUCUCCA,0,negative,train,GSE279647,URS000062BD03_9606,59
P070752,GGUAAUGAGAAUCUUUGUUAA,1,positive,train,GSE308686,URS000075CFA2_9606,57
N024217,AAAGUGUUUUCAAGUCCGACC,0,negative,train,GSE279647,URS0000ABD812_9606,106
N007857,UUAGCAUGCAUGAGGUCCCGG,0,negative,train,GSE279647,URS0000209048_9606,41
P068911,UCUGUCAUAGCGGGGGCUGGC,1,positive,train,GSE308686,URS000072157F_9606,39
P080733,GGUGAUUUUCANNNNNNNNNN,1,positive,train,GSE279647,URS0002311975_9606,122
P063895,UUUAUGUUUUAUCCAACUGGC,1,positive,train,GSE308686,URS000075BAEB_9606,47
N018623,AGUUACCUCAAUUGAUUGUCC,0,negative,train,GSE279647,URS00006C83B9_9606,31
N021627,GAAACCCAUUGGGGUCUCCCC,0,negative,train,GSE279647,URS000071DF37_9606,45
P076212,NNNNNNNNGGCCGCGUGGCCU,1,positive,train,GSE308686,URS00000CC06A_9606,3
P059545,AGACCAACAAGAACUUUUUCC,1,positive,train,GSE136967,URS0000569A4A_9606,135
P071556,CAUAUCCAGUGAUUAAACCUU,1,positive,train,GSE308686,URS0000A76DCB_9606,14
N011981,CUUCACUUGACUAGCCUUUUN,0,negative,train,GSE279647,URS00005CF03F_9606,93
P076337,AUCCAUUGUGCUCUGCACACG,1,positive,train,GSE308686,URS000067AC87_9606,48
N019548,AAGGCGCUGCGUUCAAAUCGC,0,negative,train,GSE279647,URS00006DCB39_9606,33
N024149,UUGGAACAAUACAGAGAGGUU,0,negative,train,GSE279647,URS0000AAD504_9606,41
P075473,CCGGGCGGCGCANNNNNNNNN,1,positive,train,GSE308686,URS0000502C74_9606,70
P058195,UGAUGUGGCAGAAGCGAAGGG,1,positive,train,GSE136967,URS0000656AFD_9606,37
P059511,UCGUGUCUGCGCCUGCAUAUU,1,positive,train,GSE136967,URS00004A4D73_9606,134
P073595,GUGCAGUCUGAUUAUUUAGCA,1,positive,train,GSE308686,URS000053336F_9606,61
P065688,CCAAGAGCAGCCCUCGAGGAU,1,positive,train,GSE308686,URS000075C168_9606,66
P057892,AAUGAGUGAAAACUCUAUACC,1,positive,train,GSE136967,URS00004219CE_9606,58
P071942,CAGGGACGGGGCCCUCUGAGA,1,positive,train,GSE308686,URS00006BA413_9606,190
P066068,GGGCACGAGUUCGAGGCCAGC,1,positive,train,GSE308686,URS00004E56CF_9606,76
P079418,UUCUAGUGACGAAUAGAGCAA,1,positive,train,GSE279647,URS0000738059_9606,43
P068868,AGCCGUGUCAAAUUCAGUACC,1,positive,train,GSE308686,URS00001FC3CF_9606,14
N002222,CGCCCAGAGCCCCCGGGGGCC,0,negative,train,GSE136967,URS00006D48F7_9606,62
N013602,UAUCUGGUUUCAUUGGUUUUC,0,negative,train,GSE279647,URS000064424F_9606,85
P059066,GACCACACUCCACAGUGGGCU,1,positive,train,GSE136967,URS000063EA00_9606,86
P065013,GUAUGAAAGGAGAGAAGGUUA,1,positive,train,GSE308686,URS0000443498_9606,16
P058324,UUUGACUGCAGAUCAAGAAGU,1,positive,train,GSE136967,URS0000646601_9606,36
N026514,AGCCAGACCACCCUGAAGGCA,0,negative,train,GSE279647,URS0003312628_9606,17
N011562,GUUGUUCGAGACCCGCGGGCG,0,negative,train,GSE279647,URS000058CD99_9606,63
P063821,CACAAUCAACAUUCAUUGCUG,1,positive,train,GSE308686,URS0000530EBF_9606,39
P073775,UGGUGACUUUCUGUGACUGAG,1,positive,train,GSE308686,URS0000ABD834_9606,58
N015788,CAAUUUCAUUGGAUCUUGGAA,0,negative,train,GSE279647,URS0000677DFC_9606,40
P062608,UUUGAGUGGACAUCCAUGGAU,1,positive,train,GSE136967,URS00006E3D71_9606,33
N003585,GUCCACACCAAGUCGUGUUCA,0,negative,train,GSE136967,URS0000233054_9606,44
P057684,CCGGCUUUCUGGCGUUGCUUG,1,positive,train,GSE136967,URS0000650B1E_9606,126
N018903,AAUUGGGAUGACAGCGAAGAU,0,negative,train,GSE279647,URS00006CCBBC_9606,39
P074577,ACCCGGGGGUCUGAGGGGCCC,1,positive,train,GSE308686,URS000075DD61_9606,84
N009805,CUGUCUCAGUGGACACAGGAC,0,negative,train,GSE279647,URS00003B6A48_9606,94
N004391,UCUGUAUUGUGAAUGGGGGAA,0,negative,train,GSE136967,URS00004F2BDE_9606,117
P059648,UGGGAUCAUAGUACUGGUCUA,1,positive,train,GSE136967,URS000064AE5E_9606,118
P068305,UGAGCCCCCGCCGAGCUUCCU,1,positive,train,GSE308686,URS0000726F61_9606,21
N025596,UACAUAACUUGUGGCAGUGGG,0,negative,train,GSE279647,URS0002853ABA_9606,136
P060390,GAAGUGAUGACACCUGUGACU,1,positive,train,GSE136967,URS0000185C0B_9606,14
P058620,AACGAGUGUGAGUCUGAAACC,1,positive,train,GSE136967,URS0000673862_9606,76
P081564,GUCUCCUUGUUAUGGGGCAGU,1,positive,train,GSE279647,URS00008E3A3C_9606,13
P060495,UGUUCAACUGCUGAAUGAUAA,1,positive,train,GSE136967,URS0000694F71_9606,31
P064750,GUCCCUCCCGAAGCUGCGCGC,1,positive,train,GSE308686,URS0000734D8F_9606,125
P073803,AAAGCUCAACGUGAUUACUCU,1,positive,train,GSE308686,URS00006A82CA_9606,50
N049495,AACCCAGAGAAGAGACUGGAA,0,negative,train,GSE308686,URS00006810EA_9606,78
N035583,AGCUCAGUCGGCUAGAGCGUG,0,negative,train,GSE308686,URS0000692D68_9606,19
N003464,GUUGCACAGUGNNNNNNNNNN,0,negative,train,GSE136967,URS0000647500_9606,136
P075790,CGGUGCAGGGUUCAAGUCCCU,1,positive,train,GSE308686,URS00006CC2CC_9606,54
P062744,CUGUGGCUGGUCAUAGCCAUG,1,positive,train,GSE136967,URS000002FDBC_9606,28
N017457,NNGAGGAAUUAGCUCAGGCGG,0,negative,train,GSE279647,URS00006AC161_9606,9
P067138,UCAAAACUGUCUGACACAAUU,1,positive,train,GSE308686,URS00000F8A5F_9606,34
N017548,CAGCAGUAGUCAGCUGUCUGG,0,negative,train,GSE279647,URS00006AFD10_9606,13
P059481,GGAGCAUAGGGCUCUGCCCCA,1,positive,train,GSE136967,URS00004A4D73_9606,68
N017623,GAACUCUGGGUGUGCUGACCC,0,negative,train,GSE279647,URS00006B1A21_9606,78
N015048,CUCCUGUAGCAGCCAGGGACG,0,negative,train,GSE279647,URS00006623A0_9606,107
P080839,CGCCUUCCCCCGUAAAUGAUA,1,positive,train,GSE279647,URS000081566B_9606,23
P059542,CCUUUGGCCUGUUAAAGGUCU,1,positive,train,GSE136967,URS0000569A4A_9606,67
N016938,GGCGUAUGAGUGUUGGGUGAU,0,negative,train,GSE279647,URS000069C4EF_9606,33
N010174,CCUUUUAAGUUAAAGAUUAAG,0,negative,train,GSE279647,URS000041B182_9606,30
P059908,UUGGUCACCUGUGUGCCACUU,1,positive,train,GSE136967,URS0000650132_9606,56
P067483,GACAGACCUGGAGCAGUUGCU,1,positive,train,GSE308686,URS0000721537_9606,23
P072855,UAGGCGUGGUUGUGGCCGUCU,1,positive,train,GSE308686,URS0000010A7C_9606,34
P064108,UGGGCCCUUCCUCCAGCCCCG,1,positive,train,GSE308686,URS00006A8564_9606,74
P077001,CACGCAUCGACCUGGUAUUGC,1,positive,train,GSE279647,URS00021ED9AF_9606,412
P080232,UCAACAAAACUGCUCGCCAGA,1,positive,train,GSE279647,URS000044DFF6_9606,482
P075480,CCGGCCACUGCANNNNNNNNN,1,positive,train,GSE308686,URS00006B479B_9606,70
N049796,UCUCAACUGAACUGCUCUUUU,0,negative,train,GSE308686,URS0000013F57_9606,109
N022928,CUUUGGGAGGCUGAUGUGAGU,0,negative,train,GSE279647,URS000075A325_9606,37
P082049,AAAGGAAAUAUCCUUUUAAAA,1,positive,train,GSE279647,URS00005F1DD0_9606,69
N007631,UUCAAACAAAACGAAUGAUUU,0,negative,train,GSE279647,URS00001EC0B3_9606,21
P066465,GGCCGAAUACUGUGUUUUUAU,1,positive,train,GSE308686,URS000031F86D_9606,15
P071732,UUGGAUGUUUGAGCGANNNNN,1,positive,train,GSE308686,URS000071EB91_9606,82
P075563,CCGGCCCAUGCANNNNNNNNN,1,positive,train,GSE308686,URS000063FB43_9606,70
N016175,CCUGAAUGAACCCGAUCUUGU,0,negative,train,GSE279647,URS0000683603_9606,28
P066828,AGUUAUACGCAUGGGAUAAAA,1,positive,train,GSE308686,URS00005682D3_9606,54
P063107,GCCGAGUGGUCUAAGGCGCCA,1,positive,train,GSE136967,URS0000572B72_9606,20
N083278,AGUCCAGCGGCGGUCAGCCAU,0,negative,train,GSE136967,URS0002869C49_9606,93
N014453,GUCUCCUGUACAAGAAUGGCA,0,negative,train,GSE279647,URS0000656D16_9606,72
P075585,UUUGAUUCCCGGCCAGUGCAN,1,positive,train,GSE308686,URS000009AC8B_9606,62
N004203,GACACCAGGUAGGGAGUUUUA,0,negative,train,GSE136967,URS000071BC75_9606,42
P061436,CCUAUGAUGAGGACCUUUUCA,1,positive,train,GSE136967,URS00006B61AB_9606,14
P060472,ACAGUUUAAAGAGCCCUGGUU,1,positive,train,GSE136967,URS00003A9200_9606,93
N056386,GUGGGCUGUGAGCACUGAAGG,0,negative,train,GSE308686,URS00003D5684_9606,111
P082035,AGUGUUCUACUGUGAACUGCU,1,positive,train,GSE279647,URS00006BA413_9606,129
P076584,GAAAGGUCCCCGGUUUGAAAC,1,positive,train,GSE308686,URS0000732DD4_9606,51
P058901,GUGCUGGGCCCAUAACCCAGA,1,positive,train,GSE136967,URS000030BAD5_9606,33
N013115,AUGGGAGAAUUUUGAGGCAUU,0,negative,train,GSE279647,URS0000637B22_9606,93
N024352,GUGGUUAGUCUUUGGCGCUCU,0,negative,train,GSE279647,URS0000C8E9D3_9606,25
N019388,UAAGCAGGGUCCGGCCUGGUU,0,negative,train,GSE279647,URS00006D8D71_9606,63
P067226,AUGGUUUGCUGUAGCUGUUGG,1,positive,train,GSE308686,URS00002E5E66_9606,31
P076455,NNNNNNNNGGCUCUAUGGCUU,1,positive,train,GSE308686,URS000065464E_9606,3
P061422,AGAAGCGAUAACUGACGAAGA,1,positive,train,GSE136967,URS00003B08B2_9606,45
N010160,NNNNNNAAAGCUAACUUAGCA,0,negative,train,GSE279647,URS000041B182_9606,5
N012785,NNNNNNNGUCUACAGCCAUAC,0,negative,train,GSE279647,URS0000631CEE_9606,4
P079996,AUAUAGAGGAGACAAGUCGUA,1,positive,train,GSE279647,URS000044DFF6_9606,907
N014497,AGUUUAGCAGGACUGGGGCUG,0,negative,train,GSE279647,URS0000657EE8_9606,60
P066335,AGCCUUUUCCUGCCCUUAAAU,1,positive,train,GSE308686,URS00001BD443_9606,85
P073776,ACUCUGAAGAAAAGUAUGUGG,1,positive,train,GSE308686,URS0000ABD834_9606,40
N019562,GAUAUGUCCUUUAUCUGAGGA,0,negative,train,GSE279647,URS00006DD183_9606,74
P059826,UGAUGAAGCCUGUGUUGGUAG,1,positive,train,GSE136967,URS0000830239_9606,18
P072282,CUGAGCUCCGUGAGGAUAAAU,1,positive,train,GSE308686,URS0000454FD5_9606,44
P059709,CCCUGCGAUUUCCCCAAAUGU,1,positive,train,GSE136967,URS000032B6B6_9606,97
P062070,GGGCCACUGAGACACCAUGAU,1,positive,train,GSE136967,URS00006A65B9_9606,46
P059423,GCUAGAAUGAUGAGGAUCUUA,1,positive,train,GSE136967,URS0000361A8E_9606,48
N025121,NNNNNNNAUAAUAGGAGCUUA,0,negative,train,GSE279647,URS0002269E0F_9606,4
P065826,AUGCCUUUUGUCUACAGAUUG,1,positive,train,GSE308686,URS000075E781_9606,52
N016494,GUAUUUACAAUGAAUUGAUCA,0,negative,train,GSE279647,URS000068C4BF_9606,30
P067070,ACACAGAAGGGUAAAGUAAGU,1,positive,train,GSE308686,URS00006810EA_9606,49
P061193,CAAAUCUGUCAAUCCCCUGAG,1,positive,train,GSE136967,URS000062ED01_9606,32
N045570,GCUGACUGUACUACCCAACAC,0,negative,train,GSE308686,URS00005C0742_9606,117
N025767,UCGUUGUUUUCUCCGUUACUC,0,negative,train,GSE279647,URS0002A398C5_9606,853
P080294,UCCCUUUCCACAACGUUGAAG,1,positive,train,GSE279647,URS00006422E6_9606,99
N022860,NACUUGGGUCAGUUCAGAGGU,0,negative,train,GSE279647,URS0000759919_9606,10
N000835,NNNGUGCCCUUUUAAGGUUGA,0,negative,train,GSE136967,URS00006810EA_9606,8
N019050,CUUUUCCCACUACCCCACCAU,0,negative,train,GSE279647,URS00006D09DD_9606,79
P061821,CCUCGGUUCGAAUCCGAGUCA,1,positive,train,GSE136967,URS000044BAE3_9606,57
N022376,AUGGCUGAGUGGUCUAAGAUU,0,negative,train,GSE279647,URS00007317AF_9606,17
P068658,UUCUGUCCAGCGUCAGUAUUU,1,positive,train,GSE308686,URS00004C6FD8_9606,89
N001842,CAGCAGCCUGCAGGGAGGCCC,0,negative,train,GSE136967,URS000014FF3E_9606,199
N001169,UUAAGAUCCAAUGGGCUGGUG,0,negative,train,GSE136967,URS0000625435_9606,43
N016882,GUGUAACAAGUAAUUGAUCAC,0,negative,train,GSE279647,URS00006995CD_9606,30
N003435,UGAUUACUCUGAAGUCCNNNN,0,negative,train,GSE136967,URS00006A82CA_9606,61
P073404,UUACCGUGAAAAUUAAUAAAU,1,positive,train,GSE308686,URS000005BADB_9606,45
P062538,NNNNNGUGCUCGCUUCGGCAG,1,positive,train,GSE136967,URS000035C796_9606,6
N021435,UAGCAUGACCUCUGCACAAGG,0,negative,train,GSE279647,URS0000719278_9606,64
N004024,GGGUUCGAUUCCCCGACGGGG,0,negative,train,GSE136967,URS00006174C2_9606,60
P078464,NNNNNNNNNNGGCCCUGUAGC,1,positive,train,GSE279647,URS000066989E_9606,1
N019337,AACUUUUCGCAAUACCCCACC,0,negative,train,GSE279647,URS00006D7D74_9606,77
P075927,UGUGGCGCAAUCGGCUAGCGC,1,positive,train,GSE308686,URS000068D6AF_9606,16
P079396,UGGUAGAGCGGAGGACUGUAG,1,positive,train,GSE279647,URS0000636E2A_9606,27
P058873,ACCCAAAAUAGCUGGAAUUAC,1,positive,train,GSE136967,URS00006B6C71_9606,24
N015075,ACAGAUAUUUUUGUUCCUUCU,0,negative,train,GSE279647,URS0000663F34_9606,59
P069839,AAGUGAUCACGGGCUGCCCGU,1,positive,train,GSE308686,URS00005B5A80_9606,24
P068489,CACUUGUAAACUUCUUGUUUC,1,positive,train,GSE308686,URS000075B5A7_9606,60
N024322,AGGGUUCAUGUCCCUGUUCCU,0,negative,train,GSE279647,URS0000C8E9CE_9606,66
N030599,UACAUAUAAGAAGGGAUAUUA,0,negative,train,GSE308686,URS00002587B6_9606,117
P063314,ACUAUGACCGACAGUGAAAAU,1,positive,train,GSE136967,URS0000164B86_9606,36
P076138,GGUCUAGGGGUAUGAUUCUCG,1,positive,train,GSE308686,URS000072540A_9606,19
N027463,GCAAAUGGCAGCCUCGAACCA,0,negative,train,GSE308686,URS00003D5684_9606,71
P074642,ACAGUGCACCCCAGGACCUUU,1,positive,train,GSE308686,URS000075A57C_9606,60
P065384,CAGCAAUUCCCUCUCAGUUUA,1,positive,train,GSE308686,URS00001B2620_9606,75
N017156,CGCGUUUGACUGUUAACUGAA,0,negative,train,GSE279647,URS00006A5671_9606,34
N046034,AGCUGUCACCAUUUAAUUGGU,0,negative,train,GSE308686,URS000029D639_9606,91
N011154,NNUGUAAAUAUAGUUUAACCA,0,negative,train,GSE279647,URS000051665C_9606,9
N011509,UUCCUGUGUUCGGGUCUUCUG,0,negative,train,GSE279647,URS0000572B72_9606,57
N043178,UUCAUAAAUGCUGGUGAUAAA,0,negative,train,GSE308686,URS000042BEC6_9606,121
N017983,GUCUAAUGAUGAAUUUCAUAG,0,negative,train,GSE279647,URS00006BB86E_9606,28
N023218,GUAAUGUGUUUACUAAUUUUU,0,negative,train,GSE279647,URS000075C62E_9606,75
N018212,AAAUCAGAACAAUAAAGAGAA,0,negative,train,GSE279647,URS00006C1308_9606,38
N012666,UUCAAGCAGUUAACGCGGGUU,0,negative,train,GSE279647,URS000062D4E8_9606,44
N043223,GCAGUGUUUUGCACCUCUGAG,0,negative,train,GSE308686,URS0000148398_9606,142
N024374,UGGUCGAGUGCUCGCUUAGCA,0,negative,train,GSE279647,URS0000C8E9DB_9606,27
P074849,NNNNNNNCCUGGUGAUGACAG,1,positive,train,GSE308686,URS00002C37BE_9606,4
P062238,NAAGUCUCCUUGUUAUGGGGC,1,positive,train,GSE136967,URS00008E3A3C_9606,10
P062885,UGAUUGCUCUGUCCAAAGUAA,1,positive,train,GSE136967,URS000064B8EB_9606,50
N019902,CCUUCUACAUUCCCACUGCUU,0,negative,train,GSE279647,URS00006E82D7_9606,74
N024314,GCUGUUAACAGAAAGGCUGGU,0,negative,train,GSE279647,URS0000C8E9CB_9606,38
P076618,UUCAGUGGUAGGGUUCUCGCC,1,positive,train,GSE308686,URS0000676AD7_9606,21
P059301,GAAAACUGCACGUGCAGUCUG,1,positive,train,GSE136967,URS000053336F_9606,50
N022939,CCAUUCCACUAUCAUAAUGCC,0,negative,train,GSE279647,URS000075A669_9606,52
P058883,AGAAGGUUGACGAAAAUUCUU,1,positive,train,GSE136967,URS0000679E95_9606,81
P066123,NNNNNNCCGGAGCUAUUGUGG,1,positive,train,GSE308686,URS0000268556_9606,5
P062272,GGCAGAUGAUGUCCUUAUCUC,1,positive,train,GSE136967,URS000026935A_9606,11
P061733,UUCAUAGGGCAGAUUCUGAGG,1,positive,train,GSE136967,URS00006BB86E_9606,42
P063966,CAUUAUGAGCACUUAAAGUAC,1,positive,train,GSE308686,URS0000507C9B_9606,58
P067963,CAGUAUGAGUUUUGAUACAUA,1,positive,train,GSE308686,URS00002587B6_9606,102
P070930,UUGCCUGAUUUCCUUUUGGAU,1,positive,train,GSE308686,URS000063A91D_9606,36
P082207,CAAGGUGUAGCCCAUGAGGUG,1,positive,train,GSE279647,URS000044DFF6_9606,693
N026577,CAUACCAUCUUGAACGUGCCC,0,negative,train,GSE279647,URS000338C3E2_9606,20
N025912,GGCCUGGUUAGUACUAGUACU,0,negative,train,GSE279647,URS0003072991_9606,72
P066230,UAAUGCACGACAGACCCGCCC,1,positive,train,GSE308686,URS0000034D55_9606,88
N008415,AAUGGUGGAGUNNNNNNNNNN,0,negative,train,GSE279647,URS000027EC92_9606,50
P062869,NNNNNCCACAUGCGGCUGAUG,1,positive,train,GSE136967,URS000064B8EB_9606,6
P073355,UGGAGGUGAUGAACUGUCUGA,1,positive,train,GSE308686,URS0000406CED_9606,11
P071416,UUUCCCCAUCAGAUCGACAAU,1,positive,train,GSE308686,URS0000359B05_9606,32
P062426,CGGGUUCGACUCCCGGUGUGG,1,positive,train,GSE136967,URS00003C9A26_9606,59
N014940,AACACUUUUGAUUAAGCCCUC,0,negative,train,GSE279647,URS0000661285_9606,48
N031740,NNNGGCCCUAUAGCUCAGGGG,0,negative,train,GSE308686,URS00000F30A4_9606,8
P071239,AAGCACAUAUCUGAGUUGUAU,1,positive,train,GSE308686,URS000075AF9C_9606,38
N023314,GUUGCACUACUAUAGGCCGCU,0,negative,train,GSE279647,URS000075E379_9606,34
N005710,UAUUGAAUUGCAAAUUCGAAG,0,negative,train,GSE279647,URS000007C458_9606,30
P066348,UAGUGAAUGUGGUGUCAAAAA,1,positive,train,GSE308686,URS00001BD443_9606,42
N023540,GUGUAAGGAAUUUUGUGGUCA,0,negative,train,GSE279647,URS00007E4D54_9606,31
P061227,GCCAGCAGUUUGCUGAAGCUG,1,positive,train,GSE136967,URS0000599BEA_9606,27
N004929,NNNNNNGGACCAAUGAUGACU,0,negative,train,GSE136967,URS000063EF58_9606,5
P060951,AAACUAAUUUUUUGAGGUCUC,1,positive,train,GSE136967,URS000071EA53_9606,93
P075217,GGGUGCCCCCCNNNNNNNNNN,1,positive,train,GSE308686,URS00004728AA_9606,72
P060280,UUUGUUGCCUGUAAAGUGCUC,1,positive,train,GSE136967,URS00006276F4_9606,37
P065469,AAUGAAAAGGUAGAUAGAACA,1,positive,train,GSE308686,URS00005172B7_9606,69
P059018,CCAGAGUCCUGUGGACAAUGA,1,positive,train,GSE136967,URS00006422E6_9606,164
N009877,NNNNGAUCACGGUGAUGGCUG,0,negative,train,GSE279647,URS00003D103A_9606,7
P064339,ACCCUGGGAGUUAACUGUACA,1,positive,train,GSE308686,URS0000031E12_9606,52
P063839,CCAAAGAAUUCUCCUUUUGGG,1,positive,train,GSE308686,URS000059EAAC_9606,24
N010796,CAGCUAUCCAUUGGUCUUAGG,0,negative,train,GSE279647,URS00004A0EB2_9606,23
P080660,CCUUUUUUGUCNNNNNNNNNN,1,positive,train,GSE279647,URS0000BA5588_9606,71
P064010,GCAGCUACAUCUGGCUACUGG,1,positive,train,GSE308686,URS000075C381_9606,77
N021533,GCCACACUACUCUGAACGUGC,0,negative,train,GSE279647,URS000071AD91_9606,18
N016628,UGGAUCGAUGAUGACUACUGG,0,negative,train,GSE279647,URS0000690AB9_9606,11
N020305,UUCGCAUGUGUGAGGUCCCGG,0,negative,train,GSE279647,URS00006F4537_9606,41
P060673,CUGAGUCUGAUGAAGUAAGAC,1,positive,train,GSE136967,URS000071234F_9606,28
N003846,UGAUACAUAUAAGAAGGGAUA,0,negative,train,GSE136967,URS0000717536_9606,114
P080337,AGGUGGCAAGAAAUGGGCUAC,1,positive,train,GSE279647,URS000044DFF6_9606,709
P065661,AUUAACAAAGGAGUUCUCAGG,1,positive,train,GSE308686,URS00005A2612_9606,73
P078194,UUGGAAAUAGGAGAUGGAAUA,1,positive,train,GSE279647,URS00006D1C46_9606,113
N021419,NNNNNNGGCCGGCUCGAGUGC,0,negative,train,GSE279647,URS0000717DFB_9606,5
P072191,CAGUCAGUAGUUGGUCCUUUG,1,positive,train,GSE308686,URS00002E0A2C_9606,39
N001326,NNGCUGGCACAAUGAUGACUU,0,negative,train,GSE136967,URS000062C5D9_9606,9
N021832,UGCCACCCUUGGAGGGGCAGC,0,negative,train,GSE279647,URS0000723018_9606,108
P078655,NNNNNNGGCUGGUCCGAGUGC,1,positive,train,GSE279647,URS00006F5B12_9606,5
N015752,NNNNACCUACAUUAGGUAUAA,0,negative,train,GSE279647,URS0000677707_9606,7
N019451,CCUGUCCAGUCUCGUCUGACC,0,negative,train,GSE279647,URS00006DA5DB_9606,28
N015513,UGCUCAGAGCAGGGGGCCCGA,0,negative,train,GSE279647,URS0000673E8F_9606,17
P067076,CUUAUGUCUUUAUUGGUCAUU,1,positive,train,GSE308686,URS00005F1DD0_9606,38
P058043,UAUUAACAUUAGUGUCACUAA,1,positive,train,GSE136967,URS0000007D24_9606,43
P073658,UUUUGUCCUCUAAGAAGUUCU,1,positive,train,GSE308686,URS0000313FF1_9606,57
N023336,GCGGUGGGAUCCCGUGGCCGU,0,negative,train,GSE279647,URS000075EE28_9606,71
P062666,CCUAAAGGACUGUCUUCCUGU,1,positive,train,GSE136967,URS0000552BBC_9606,66
N000654,UACAGAGGUAUAUUUAGCUGU,0,negative,train,GSE136967,URS00004640CB_9606,113
P072611,AUGAUGGUUAAGAAUUUCUUC,1,positive,train,GSE308686,URS0000215639_9606,17
P071129,GCUGGAUUAAUGAUGAGAUAU,1,positive,train,GSE308686,URS000075EC44_9606,18
N022297,AUCUUGUCAGCUACGCAGGGU,0,negative,train,GSE279647,URS000072D430_9606,42
P070054,CACUGCUGGGAGAGGAAUGUC,1,positive,train,GSE308686,URS000000D517_9606,62
P079073,CUGAUAUAUUCUCUAUCUGAG,1,positive,train,GSE279647,URS00006D1735_9606,71
N017607,GGUUGGGCCUAGUUAGAACUU,0,negative,train,GSE279647,URS00006B0A14_9606,70
P064589,GAUGUGAGGGCGAUCUGGCUG,1,positive,train,GSE308686,URS0000734D8F_9606,12
N040618,AAAACUAUUCUGAGCAACCCU,0,negative,train,GSE308686,URS000075DF00_9606,73
P064471,GGGGAAAGUCCCCGGACCUCG,1,positive,train,GSE308686,URS00026A2211_9606,78
P060806,GGCAAAGAAAGGCCUUUCUGU,1,positive,train,GSE136967,URS0000634240_9606,48
N019407,NGUGCACAUUGGCAGCACAUG,0,negative,train,GSE279647,URS00006D96B1_9606,10
P079552,AGCUUAGGGCUCUGCCCCAUG,1,positive,train,GSE279647,URS00006422E6_9606,70
N023109,GGACGGGAGACCGCCUGGGAA,0,negative,train,GSE279647,URS000075B93F_9606,91
P067592,UUCCCUGUUCUGUUAAUUAAA,1,positive,train,GSE308686,URS000061AA47_9606,42
P059984,ACGGGCCAAGCAACAGUGCUA,1,positive,train,GSE136967,URS000063F860_9606,50
P064369,GUUGUAUAGUUGAGGAGGACA,1,positive,train,GSE308686,URS000075DE48_9606,29
N000693,UCCAUUCCCAGCUUGCUCCGU,0,negative,train,GSE136967,URS00003852FE_9606,97
N003324,UCAUUUGCCUCCCAGCCUACA,0,negative,train,GSE136967,URS000061AA47_9606,119
P081333,NNNNNNNNACACUUAUCUGGC,1,positive,train,GSE279647,URS000066145F_9606,3
P076956,AGCUAGCUGCGAGAAUUAAUG,1,positive,train,GSE279647,URS0000005270_9606,58
N012840,UCAAAAGCUAAGCAGGGUCAA,0,negative,train,GSE279647,URS0000632BBF_9606,54
P067880,GAGUACUCGAAGAGAAUCUAC,1,positive,train,GSE308686,URS0000451E99_9606,59
N017090,NNNNNNNNAUGCUUGUUUCGG,0,negative,train,GSE279647,URS00006A3256_9606,3
P066037,NNNNNNCCGGAGCCAUUGUGG,1,positive,train,GSE308686,URS000010A63C_9606,5
P082041,AGUAGCUGAGCCCCCCUGCUA,1,positive,train,GSE279647,URS00006A5040_9606,207
P070914,GCACUUCUGCUGAGACGCUGU,1,positive,train,GSE308686,URS000075DF1C_9606,38
P065849,UGUGAUGGUGCAUGAUCUCAA,1,positive,train,GSE308686,URS000075D68F_9606,250
N012512,NNNNUGGUCUCAAGGAAGGGA,0,negative,train,GSE279647,URS000062A15C_9606,7
N083012,GGAUGUUCUGAUGCUNNNNNN,0,negative,train,GSE136967,URS0000651CAB_9606,68
P072237,GCUGGGCCAGUGGGGCCAAUG,1,positive,train,GSE308686,URS00006D051B_9606,83
N008203,GGGCAUGAACCUGGCAUACAA,0,negative,train,GSE279647,URS0000245997_9606,27
P079144,CUUCCCCCGUAAAUGAUAUCA,1,positive,train,GSE279647,URS000081566B_9606,26
N018788,ACAGCCAUAACACCGUGAAUG,0,negative,train,GSE279647,URS00006CB247_9606,15
N023428,AACUGGCUUCAAUCUANNNNN,0,negative,train,GSE279647,URS00007937D2_9606,34
P081860,AGUGUUUUAGAUCACCCCCUC,1,positive,train,GSE279647,URS000044DFF6_9606,305
N043305,UUAUAGAAAUUUCAGACAAUG,0,negative,train,GSE308686,URS000033FC0E_9606,123
P065022,CUUGACAAGGAUGGAAGAGGC,1,positive,train,GSE308686,URS0000443498_9606,45
P068550,UCGUAACCCGUUAGCCUGGCU,1,positive,train,GSE308686,URS00003CCCBE_9606,20
P071327,UCAUUUACAGUUUGCCAUGAU,1,positive,train,GSE308686,URS0000759F95_9606,16
N004291,UCACCCUUCUGAUUACAGCNN,0,negative,train,GSE136967,URS00006B7869_9606,68
P072370,UUACUACUGAGAAGUNNNNNN,1,positive,train,GSE308686,URS000041615F_9606,68
P059134,GUGCCACCCUUGAACCUUGUU,1,positive,train,GSE136967,URS000064F355_9606,66
P062816,CAGACUCACUCUGCAUCUGAC,1,positive,train,GSE136967,URS00006FB8B0_9606,12
P061332,GUGAGCUGAUAGUAAACCCCA,1,positive,train,GSE136967,URS000063C47F_9606,59
P074222,CUGACCUGAAAUGAGCAUGUA,1,positive,train,GSE308686,URS00006CFC33_9606,34
N083117,UGUUUCAGCGGUGACGGCUCU,0,negative,train,GSE136967,URS00003C5431_9606,333
N024880,NNNGUGAAGCAUUGGACUGUA,0,negative,train,GSE279647,URS0000ED20FF_9606,8
P066970,UCUGUGUCUGGUAGCAGUGUC,1,positive,train,GSE308686,URS0000818C5D_9606,42
N015956,GCUCCUGUGCAAGGAUGACAC,0,negative,train,GSE279647,URS000067CBCB_9606,69
P074735,UGAUACUGAGGCUUUUNNNNN,1,positive,train,GSE308686,URS0000269B1D_9606,81
P058001,AUCACUGUAAAACCGUUCCAU,1,positive,train,GSE136967,URS0000507EBE_9606,52
P058360,GUGAAAACAUCGCUUUUGGGU,1,positive,train,GSE136967,URS0000634EB5_9606,76
N002946,CAGUCCCUCUAAACUGAUGUU,0,negative,train,GSE136967,URS000072E179_9606,72
P080792,GAGACCACUUUUUCCCAUAGG,1,positive,train,GSE279647,URS000061A549_9606,269
P059639,UGUGUGCAUAGGUUUCAUCUG,1,positive,train,GSE136967,URS000064AE5E_9606,18
N013212,AUGGGAGAUCGCCUGGAAAUA,0,negative,train,GSE279647,URS0000639B18_9606,92
N014225,AGAGAAUACUCAUUGCUGAUC,0,negative,train,GSE279647,URS0000651282_9606,55
N022696,CUGCCUGUCAUGCGUGAGAGA,0,negative,train,GSE279647,URS00007501FD_9606,38
N019453,UCCAGUCUCGUCUGACCUCGG,0,negative,train,GSE279647,URS00006DA5DB_9606,32
N017751,AUGCGUGGGGCAUCUGAAUCA,0,negative,train,GSE279647,URS00006B57E0_9606,27
P066949,UGCUCUUCUCCUCUGCAUUAA,1,positive,train,GSE308686,URS000028CE2F_9606,78
P067792,GGGAAACUUUGAGGCCAGCUU,1,positive,train,GSE308686,URS00000B589B_9606,85
N021197,ACUGAAAGGUUAGUGGUUCGA,0,negative,train,GSE279647,URS0000712B90_9606,49
P068886,GAAGGCUGCCACAGAAACACU,1,positive,train,GSE308686,URS00001FC3CF_9606,63
P076636,UUCCAUAGUGUAGCGGUUAUC,1,positive,train,GSE308686,URS000038803E_9606,13
P072684,UCUCGUGAUGAAAACUCUGUC,1,positive,train,GSE308686,URS00003640C3_9606,12
N083135,AGGAAUACAGGANNNNNNNNN,0,negative,train,GSE136967,URS0000721537_9606,133
N025945,ACCUGAUCUUGUCUGAUGUCA,0,negative,train,GSE279647,URS00030B5440_9606,37
N018148,GUAUCAUAGUAUCGUAGCCAG,0,negative,train,GSE279647,URS00006C000C_9606,28
P074050,AGUGUCUUGUCACAAUGCUGA,1,positive,train,GSE308686,URS00006A38AA_9606,52
P067802,AGGCAAAGAAAUGUGGACUUG,1,positive,train,GSE308686,URS000075B384_9606,64
N012677,GCAUCACAUACACUAAAAUUG,0,negative,train,GSE279647,URS000062E4CF_9606,18
P072029,AUUUAAGUGAAUGAAAAAUUA,1,positive,train,GSE308686,URS000075A742_9606,52
P067405,UGCCCUGGGAUUAUACCAGUG,1,positive,train,GSE308686,URS000022C1CA_9606,94
P065872,UGAUACACAAAUUGGGCUGAA,1,positive,train,GSE308686,URS0000608804_9606,19
P079285,NNNGGCCAUUAAGACUAUACU,1,positive,train,GSE279647,URS0000EAEC9F_9606,8
P070311,UUGUUAAACCUGGUAUUUCUA,1,positive,train,GSE308686,URS00003A960A_9606,118
P074435,UCCUUCUGAGAACAGCNNNNN,1,positive,train,GSE308686,URS000054DD16_9606,90
N017123,NGAGUGUUCCAGCUCUUUUAG,0,negative,train,GSE279647,URS00006A4A73_9606,10
P080088,GUCGGCGCCUCGGUGUCCGCG,1,positive,train,GSE279647,URS0002A59E14_9606,42
P073115,AAACUAAGUUCUGANNNNNNN,1,positive,train,GSE308686,URS0000716E7D_9606,61
N004854,AUGACUUAGAGGCAUUUGUCU,0,negative,train,GSE136967,URS00003A9200_9606,131
P074267,UUAGUGAUGAUUUUAAAAUUA,1,positive,train,GSE308686,URS00001FCA45_9606,14
P082439,UGACUGGAGUUUGGUAGUACU,1,positive,train,GSE279647,URS0000714944_9606,128
N000364,CCAGUCCCCUUACCUGUGGGC,0,negative,train,GSE136967,URS000072D77E_9606,99
N005435,AAUCCCUUCGUGGUUNNNNNN,0,negative,train,GSE279647,URS000003B38D_9606,69
P068936,ACAGCAAGCUCCACAGCUCAU,1,positive,train,GSE308686,URS000072157F_9606,73
P068468,AUUUGUUACUAUCAGGACUCG,1,positive,train,GSE308686,URS000075B5A7_9606,222
P066663,GUUUAUGGCCUGACAUUANNN,1,positive,train,GSE308686,URS000075A77B_9606,127
P061885,CGUAGUUUCCACCAAAAGCUU,1,positive,train,GSE136967,URS000066E3F5_9606,39
N004747,AGCUGAUGAUACAGCUUCUUU,0,negative,train,GSE136967,URS00006B5455_9606,19
N026265,CCGAUCUUUUCUGAUCUCAAA,0,negative,train,GSE279647,URS00031CA468_9606,39
P074686,NNNNNNNAAGUUUUCUAAGUG,1,positive,train,GSE308686,URS000075D383_9606,4
N001328,ACCUAGUUCUUUCCCUAGGUC,0,negative,train,GSE136967,URS00002C6D40_9606,96
N005287,CCAAAGCUAAGAUUCUAAUUU,0,negative,train,GSE279647,URS0000019953_9606,45
N014778,UAAAACUGGAAUGAUACAGAG,0,negative,train,GSE279647,URS000065E98E_9606,36
P064056,UUGUGUACACUGGCUCAGUUC,1,positive,train,GSE308686,URS00000FFC8B_9606,50
P076713,AGCUCAGUUGGUAGAGCGGAG,1,positive,train,GSE308686,URS000074FC25_9606,19
N013296,NNNNNNGGGGUGUGCUCAGAG,0,negative,train,GSE279647,URS000063BFC1_9606,5
P058263,GAUGAUGGAUUCCAAAACCAU,1,positive,train,GSE136967,URS000071EB91_9606,18
N025987,GAAGGCGCCAGAUCUUGUCUG,0,negative,train,GSE279647,URS000311AF9C_9606,27
N017800,UUCUUUCCUCCCUUUUCACUA,0,negative,train,GSE279647,URS00006B6C08_9606,81
N001856,CAUGACUCCCCACUGUAAGGC,0,negative,train,GSE136967,URS000014FF3E_9606,121
P082563,GGUGAGGCCCCGCGCGUGUGU,1,positive,train,GSE279647,URS000075A546_9606,100
P057859,UUAAAAUAAAGUUGUUUCUUA,1,positive,train,GSE136967,URS00006623A0_9606,67
N016801,GGGGAGGGGCGUUGAAGCAAG,0,negative,train,GSE279647,URS0000696CDC_9606,96
P077355,NNNNNNNNNNGCCUGGAUAGC,1,positive,train,GSE279647,URS00006CC2CC_9606,1
N056143,UUUGGUUACAGACAUCANNNN,0,negative,train,GSE308686,URS00001FC3CF_9606,128
N005249,GUCUUAGGCCCCAAAAAUUUU,0,negative,train,GSE279647,URS00000177BE_9606,39
P067040,UUAAUUGGUAUCAGAUUCUGA,1,positive,train,GSE308686,URS000029D639_9606,103
N016737,NNNNNNNUGGACCAGUGAUGG,0,negative,train,GSE279647,URS00006926AF_9606,4
P059398,GUACCUAGGCAAGUGUUACAC,1,positive,train,GSE136967,URS0000AAB145_9606,42
P071861,CGAUGACGAGUCAGAAAGGUC,1,positive,train,GSE308686,URS000043549A_9606,25
P068789,NNNNNGGGCAUACUCGUAGAC,1,positive,train,GSE308686,URS000075E772_9606,6
P070929,UCAAUGAUGAUUUCUAUUUGU,1,positive,train,GSE308686,URS000063A91D_9606,15
P081740,CUGCUUCCUGUGUUCGGGUCU,1,positive,train,GSE279647,URS0000572B72_9606,53
P072781,CUUAAUUAGCUCUAACUGACU,1,positive,train,GSE308686,URS00006B8984_9606,51
N023263,NNNNNGUGGGUAGGGUUUGGG,0,negative,train,GSE279647,URS000075D553_9606,6
P063873,CAAAAGCAGCUGUUGUCUCCA,1,positive,train,GSE308686,URS000075BBD9_9606,37
N008235,UAACAGCUAUCCAUUGGUCUU,0,negative,train,GSE279647,URS0000245BF4_9606,24
P064819,AGGUGGGAGGAUCGCUUGAGC,1,positive,train,GSE308686,URS00003ACFC1_9606,59
N001478,UGCUUUCUUUUAUGUGAGUAG,0,negative,train,GSE136967,URS000033A30E_9606,29
N001196,GGUUCGAAUCCCAGUAGAGCC,0,negative,train,GSE136967,URS000065464E_9606,63
N016651,AGUCAUCUACAGUGAAUACGU,0,negative,train,GSE279647,URS0000690AB9_9606,41
P065364,UCUUUUUAAUAGGGGUGAUUC,1,positive,train,GSE308686,URS0000569A4A_9606,171
P058786,NAUCCAAGGUGAUUCCCUCUC,1,positive,train,GSE136967,URS00004C8BD1_9606,10
P058680,GACAGGCUAAACAUUCGCUAU,1,positive,train,GSE136967,URS00002C6D40_9606,50
N022523,NNNNNNNNNNUCUUCAAUAGC,0,negative,train,GSE279647,URS000073D16E_9606,1
P066727,CUGUAGCCUGCACAUCGUUGG,1,positive,train,GSE308686,URS0000202A89_9606,39
P072088,UUUGAAUAUCUGAAACUCAGU,1,positive,train,GSE308686,URS000031EDF0_9606,76
P059564,CAGUUUCCACCAGAAAGGUUU,1,positive,train,GSE136967,URS000062548B_9606,40
P060213,NNNNNNNGUUUGAAUGAUGAC,1,positive,train,GSE136967,URS000034C57A_9606,4
P071405,GUUAGUUCUGAUACANNNNNN,1,positive,train,GSE308686,URS0000359B05_9606,75
P066967,NNNNNNCAUGGCUGCUGUAAU,1,positive,train,GSE308686,URS0000818C5D_9606,5
P060648,UUCUUCACUUUGACCAGAUGU,1,positive,train,GSE136967,URS00000335D1_9606,30
P067909,UUUUAAGUAACCUUUGCCAAC,1,positive,train,GSE308686,URS000000AB5A_9606,41
N004734,CCCUGAGCUUCAUGUUNNNNN,0,negative,train,GSE136967,URS00006292A1_9606,72
P058326,AGGGGUAGAGCAUUUGACUGC,1,positive,train,GSE136967,URS0000646601_9606,24
P070839,GUAAACGCUCUGAAGAAGAGA,1,positive,train,GSE308686,URS0000467AB5_9606,70
N018735,UUGGAACUAAGAGAUGGAAUA,0,negative,train,GSE279647,URS00006C9A39_9606,117
N030493,UCAUUAGGUGGCAGAGAUUAG,0,negative,train,GSE308686,URS000008230A_9606,58
N017661,UUACGGAUCCAAUUCCUUGUU,0,negative,train,GSE279647,URS00006B442B_9606,59
P081748,GUGGAAUGACUCCUGUGGAGU,1,positive,train,GSE279647,URS00007136D1_9606,163
N019361,GCACAUACAUUAAAAUUGGAA,0,negative,train,GSE279647,URS00006D8551_9606,26
N025842,GGUUCGAUUCUCAUAGUCCUA,0,negative,train,GSE279647,URS0002DBEA38_9606,67
P073266,NNNNNNNNNNGUGUAUGAUGA,1,positive,train,GSE308686,URS000029360B_9606,1
P071067,GCAAGGACGACUCUUAUCUAU,1,positive,train,GSE308686,URS00002F13BD_9606,48
P080638,CCCGUCACCCUCCUCAAGUAU,1,positive,train,GSE279647,URS000044DFF6_9606,849
N004253,CCAUUUAAUUGGUAUCAGAUU,0,negative,train,GSE136967,URS000029D639_9606,99
N013883,CGAUUCCCUGAGGAGGAGNNN,0,negative,train,GSE279647,URS000064A807_9606,65
N024571,NNNCUCCUCAAAGCAAUACAC,0,negative,train,GSE279647,URS0000DC002B_9606,8
P064895,CCUGGGCAACAUAGUGAGACC,1,positive,train,GSE308686,URS0000A8D543_9606,281
P059190,AGUGGAGUUUGAUAGUAAUUC,1,positive,train,GSE136967,URS0000716F59_9606,132
P078891,NNNNNNNNNNCGCGACUGCGG,1,positive,train,GSE279647,URS000075A546_9606,1
P078729,CCACACCCCCACGGGAAACAG,1,positive,train,GSE279647,URS000044DFF6_9606,160
N026135,UUGUAAAGCUAAGCAGGGUGG,0,negative,train,GSE279647,URS000316ED4B_9606,57
N005968,AUAUAUCUUAAUNNNNNNNNN,0,negative,train,GSE279647,URS00000A45EB_9606,69
P074294,UAAUACUGAGCCACCAGGUAG,1,positive,train,GSE308686,URS000075EE49_9606,33
P061723,CCAUGAGAUCAACCCCAUGCA,1,positive,train,GSE136967,URS00006D7506_9606,59
N007764,GUCCCAGGCUCAGGGAUAAAU,0,negative,train,GSE279647,URS00001FC3CF_9606,108
N009765,NNNNNCUCCGGUGCCUACUGA,0,negative,train,GSE279647,URS00003A9237_9606,6
N055415,CUGCAGUGAAGGCACUUGUAG,0,negative,train,GSE308686,URS000032AA22_9606,62
P059196,AAUGAUGCAUAUGUUAGCGAC,1,positive,train,GSE136967,URS0000692106_9606,17
N083462,UGGCUGGGUGUGGUGGCUCAC,0,negative,train,GSE136967,URS0002869D81_9606,127
P071508,GCAUGUGAUGAAGCAAAUCAG,1,positive,train,GSE308686,URS000062539F_9606,13
P065204,ACCGAGCUGUCUAUAUCCUAG,1,positive,train,GSE308686,URS000021BC29_9606,26
P060258,AAGCCUAUGAUGGUUAGUUAU,1,positive,train,GSE136967,URS000072C309_9606,13
P069702,CUGUAUUCGAAAGUGAUCGUG,1,positive,train,GSE308686,URS000045555D_9606,12
P061435,GAGGACCUUUUCACAGACCUG,1,positive,train,GSE136967,URS00006B61AB_9606,22
P072737,CUUGUGAUGUCUUCAAAGGAA,1,positive,train,GSE308686,URS000020C605_9606,45
P069868,GCUAAACAUUCGCUAUAUUAA,1,positive,train,GSE308686,URS000042BEC6_9606,55
N042640,ACAGUAUGCAUAUUGCAGUGG,0,negative,train,GSE308686,URS00004ACFCF_9606,97
P068365,CCUCCCGCGGGCGGCCUUUUU,1,positive,train,GSE308686,URS0000726F61_9606,106
P058206,AGCCUCAGACACUACUGAGGU,1,positive,train,GSE136967,URS0000656AFD_9606,99
P075443,NNNNNNNNNNGCCGAGAUAGC,1,positive,train,GSE308686,URS000064BBA5_9606,1
N024280,NNNNNNNNNNUCGGUUAUCAU,0,negative,train,GSE279647,URS0000B874CD_9606,1
P059205,UUUGAAUCCAGCGAUCCGAGU,1,positive,train,GSE136967,URS000035EE7E_9606,43
P080681,AGCUCUGCUUAACCACACGGG,1,positive,train,GSE279647,URS000063B35D_9606,19
N002570,NNNUUGCUGUGAUGACUAUCU,0,negative,train,GSE136967,URS00006ADC79_9606,8
N003210,NNNNNNGCGCCGCUGGUGUAG,0,negative,train,GSE136967,URS0000502C74_9606,5
N020717,UCGAGGCUAAGUAGGGUCAGG,0,negative,train,GSE279647,URS00006FF7E2_9606,57
P058199,UGAUGGAAAUGUGUUAGCCUC,1,positive,train,GSE136967,URS0000656AFD_9606,84
P069052,UGCUCUGGUCAUCAAUAACGC,1,positive,train,GSE308686,URS0000468B49_9606,44
P073473,GAGUUUGCUGAAGCCACAUUU,1,positive,train,GSE308686,URS00004BEE5E_9606,51
N006403,CUUGGAUGGGAGACCGCCUGG,0,negative,train,GSE279647,URS00000F9D45_9606,88
N018379,CUAUCCAUGUACAAUAUUUUA,0,negative,train,GSE279647,URS00006C3578_9606,82
N002051,UCAGAGAAUAUUAGGAUAAUG,0,negative,train,GSE136967,URS00006868E5_9606,91
P060589,ACCAGUGAUGAGUUGAAUACC,1,positive,train,GSE136967,URS0000130A5F_9606,12
P068054,NNNNCAGCAUGUUUCCAAGGG,1,positive,train,GSE308686,URS000002FDBC_9606,7
N005357,AUCCUCGCUGGGGCCUNNNNN,0,negative,train,GSE279647,URS0000023412_9606,68
N005257,NNNNNNNNUCAGAGAAAAAGU,0,negative,train,GSE279647,URS0000019953_9606,3
N021442,CUAAUAUGAAUGAUGUGAUGU,0,negative,train,GSE279647,URS0000719F6E_9606,13
N007352,CCCCGGCAGGAUUGAAGCUGC,0,negative,train,GSE279647,URS00001BEC46_9606,14
P061596,CAACAUGCCAUCUGAGUGUCG,1,positive,train,GSE136967,URS00006CCF53_9606,27
P076920,NNNNNNNNNNCCUUCGAUAGC,1,positive,train,GSE279647,URS0000333F2E_9606,1
P077198,UUUCCGACCUGGGCCGGUUCA,1,positive,train,GSE279647,URS000233AD7D_9606,355
P068036,NNNNNNNNUUCCACAGCUACU,1,positive,train,GSE308686,URS0000488BFE_9606,3
N002960,GCCUGAGGAUAGAUGAGAAAG,0,negative,train,GSE136967,URS00006276F4_9606,65
N003304,GAAGCGAACCACUAGUCUGAC,0,negative,train,GSE136967,URS0000633321_9606,98
N018575,CCUGAAUGCACCCAAACCCAU,0,negative,train,GSE279647,URS00006C7D6A_9606,28
N000858,CAGCCGUGGCAGUCUCCCUUC,0,negative,train,GSE136967,URS000029D639_9606,34
P069005,UCAUGAACUUCUGAGUGUCGG,1,positive,train,GSE308686,URS00004C6257_9606,50
P064440,NNNUGGUUCGUGCUGAAGGCC,1,positive,train,GSE308686,URS00026A2211_9606,8
N012822,CACAACCAGUUUGUAGAUUUC,0,negative,train,GSE279647,URS0000632B6F_9606,49
P071337,UCUGUAUGUAAUAGAUUUUAU,1,positive,train,GSE308686,URS000075CB76_9606,43
P067444,UGCUGCUAUGGUUUCCACCAC,1,positive,train,GSE308686,URS0000721537_9606,47
P073283,CCAACCUUGGAGAGCUGAGCN,1,positive,train,GSE308686,URS000029360B_9606,65
P068773,AGCUCUAACCAGCUUCAUCAG,1,positive,train,GSE308686,URS000075E772_9606,95
P081976,UUCUUGGGGUUGCGCUACUGU,1,positive,train,GSE279647,URS000075ADBA_9606,21
P064306,GAUGUUGCCCCUCGGAAGAUA,1,positive,train,GSE308686,URS000075A6A4_9606,48
N028108,UCAAUCCCUGGUACCUCCANN,0,negative,train,GSE308686,URS00006D68C3_9606,64
N012273,NNNNNNNAUCAUUUUUUGGCC,0,negative,train,GSE279647,URS00006237CF_9606,4
P075408,UUCCCGGCCAGGGAANNNNNN,1,positive,train,GSE308686,URS000064074C_9606,68
P073763,NNNNNNNNUUGUGCCGUGAUG,1,positive,train,GSE308686,URS0000ABD834_9606,3
P079084,UAUAUGACAGUGCGAGCGGAG,1,positive,train,GSE279647,URS0000757938_9606,45
N027227,ACAGAAGGGAUUUCUGAAAUU,0,negative,train,GSE308686,URS000026D828_9606,37
N016349,UGAGUUGAUAACCAAAUUUUU,0,negative,train,GSE279647,URS0000688BE4_9606,83
P066846,UAUACGCAUGGGAUAAAAUAA,1,positive,train,GSE308686,URS00005682D3_9606,57
N006173,NNNNNCUGUGGUGCAUUGUAG,0,negative,train,GSE279647,URS00000CBE63_9606,6
P070974,AUCUCAUCGGAAUCUGAACAA,1,positive,train,GSE308686,URS000075A82F_9606,36
P080138,AUAGCUAAGACCCAAACUGGG,1,positive,train,GSE279647,URS000044DFF6_9606,417
P062561,CUCCCACUCACAUUCGAGUUU,1,positive,train,GSE136967,URS00006F4F8C_9606,31
P065667,GGCCCGGCGCUCAGAAGUGAU,1,positive,train,GSE308686,URS000023DE4C_9606,343
P058273,AGGUAGCGGGAUCGAUGCCCG,1,positive,train,GSE136967,URS00003D2CC9_9606,54
P079957,GUGCUUCAUAUCCCUCUAGAG,1,positive,train,GSE279647,URS000044DFF6_9606,542
N025935,GUUCGUCAGCACUGACUCGGC,0,negative,train,GSE279647,URS00030963A6_9606,52
N022992,CAUUGUGUUCCGGAUGUGCUG,0,negative,train,GSE279647,URS000075AD80_9606,77
N023265,GUGGGUAGGGUUUGGGGGAGA,0,negative,train,GSE279647,URS000075D553_9606,11
N014242,GGAUGGGAGUAUAAUGUUAGC,0,negative,train,GSE279647,URS0000651D23_9606,91
P069296,CUGUGGCCUCUCUUUCCUUGA,1,positive,train,GSE308686,URS0000210FD6_9606,110
N027488,UCUUCAUACCAAAGUGAAGAC,0,negative,train,GSE308686,URS00008E3A6E_9606,36
P069810,UGAUCACGGGCUGCCCGUGUC,1,positive,train,GSE308686,URS00005B5A80_9606,27
N021737,GAAUGGGAAGCUUCCUGGGAA,0,negative,train,GSE279647,URS00007202B6_9606,102
P078300,NNNNAACCAUCCUUUUCUUGG,1,positive,train,GSE279647,URS000075ADBA_9606,7
P065490,GAGUCCUUGAAAUCAAGCUGA,1,positive,train,GSE308686,URS00005172B7_9606,29
P063630,AUAAUGCUAGCAGAGUACACA,1,positive,train,GSE308686,URS000075EAF7_9606,76
P057705,GCUGCAACUGCCGUCAGCCAU,1,positive,train,GSE136967,URS0000650B1E_9606,147
N000843,AGAGGCUAACACAGAAGGGUA,0,negative,train,GSE136967,URS00006810EA_9606,41
P080926,CUAGCCUAAAUCAAGAGAUUC,1,positive,train,GSE279647,URS0000755838_9606,45
P065332,UUUCCUACUUUUGAGCUACCU,1,positive,train,GSE308686,URS0000569A4A_9606,151
N015445,GAUUAGUAUGGCCCCUGUGCA,0,negative,train,GSE279647,URS000067338B_9606,59
P059008,CAAGUGGCAUAGGGGAGCUUA,1,positive,train,GSE136967,URS00006422E6_9606,54
P070060,UGCGCCACUGUUCUGGUGGCG,1,positive,train,GSE308686,URS000000D517_9606,102
N021698,NNNNGUCUAAGGCCUUACCGC,0,negative,train,GSE279647,URS000071EC39_9606,7
P073236,NNNNNUGGCGAUGAGGAGGUA,1,positive,train,GSE308686,URS000004A26B_9606,6
N015735,UAGAUUGGAAAUGCCUCAUAG,0,negative,train,GSE279647,URS00006771A1_9606,35
P072662,CGUGAUGAAAACUCUGUCCAG,1,positive,train,GSE308686,URS00003640C3_9606,15
N015002,ACGCGCCCAGUCUUUUCUGAU,0,negative,train,GSE279647,URS0000661606_9606,33
P069394,UCAGUGCCUCUCAGGAAAGUA,1,positive,train,GSE308686,URS00004C8BD1_9606,41
P066021,AAGGUAGCAGUUGUAGGAAUG,1,positive,train,GSE308686,URS000075BDDC_9606,211
P075003,UGCUGGCCCGUUCGCCCCUCC,1,positive,train,GSE308686,URS00004A7003_9606,194
P058665,GAUUAUUGCUAAUUGAAAACU,1,positive,train,GSE136967,URS0000149178_9606,60
N025241,UGUGGGGUAGUGAUUUUACCC,0,negative,train,GSE279647,URS0002310A45_9606,33
P070151,GGGUGCUUUUUCUGUCUGCCA,1,positive,train,GSE308686,URS00006FB8B0_9606,46
N007753,ACCCCUUAUUUACCNNNNNNN,0,negative,train,GSE279647,URS00001FBD75_9606,66
P059203,GUUAGCACUCUGGACUUUGAA,1,positive,train,GSE136967,URS000035EE7E_9606,28
N015628,UUGGAUUUUGAUUAAACCCUA,0,negative,train,GSE279647,URS0000674865_9606,46
N014635,AUCUGAUACAUCCUCUAUCUG,0,negative,train,GSE279647,URS0000659FDF_9606,69
P065401,UCCCUCUCAGUUUAGGAGGGC,1,positive,train,GSE308686,URS00001B2620_9606,82
N005714,NNNNNGGUAUAUAGUUUAAAC,0,negative,train,GSE279647,URS000007E215_9606,6
P066423,AAGAUAUGAGUGAAUGCUAUA,1,positive,train,GSE308686,URS00005F2496_9606,55
P068120,AAGAAUUCCUGGCUCUCUGUU,1,positive,train,GSE308686,URS0000018549_9606,72
N007924,GGACCUCGGAUGGGCCUUACU,0,negative,train,GSE279647,URS0000210FD6_9606,91
P082583,UCUCGGUCCCAUAUUGAACUC,1,positive,train,GSE279647,URS000075B866_9606,35
P063624,GUAGCAUUCAGGUCAAGCAGC,1,positive,train,GSE308686,URS0000302909_9606,43
P068244,GCAACAGUGCUAGAGCAUAAC,1,positive,train,GSE308686,URS0000013F57_9606,61
P071068,UCAGUGCAAGGACGACUCUUA,1,positive,train,GSE308686,URS00002F13BD_9606,43
N032814,UUUUCUGAGCUGUNNNNNNNN,0,negative,train,GSE308686,URS0000130A5F_9606,66
N026849,UCAUACCAAAGUGAAGACAUG,0,negative,train,GSE308686,URS00008E3A6E_9606,39
P069021,NNNNNNCACCUGCAUUCAAAA,1,positive,train,GSE308686,URS0000468B49_9606,5
N016052,AUGGUCUGGCCUUGUUAGUAC,0,negative,train,GSE279647,URS000067F521_9606,68
P066351,CGCUUUGCAGCCUUUUCCUGC,1,positive,train,GSE308686,URS00001BD443_9606,77
P065631,UUUGAAUUUGCAGUAACAGGU,1,positive,train,GSE308686,URS000015F227_9606,126
N009800,GGACUGGUUUGGGGGUGUCCU,0,negative,train,GSE279647,URS00003B6A48_9606,75
P078294,AAAAAAAAACAAGAAUNNNNN,1,positive,train,GSE279647,URS00033B08A1_9606,285
P074079,UCUGAACAUAUGAAUGCAGUA,1,positive,train,GSE308686,URS000071E913_9606,41
P070407,CAAACUGUGUCCCCGAACCAU,1,positive,train,GSE308686,URS0000647500_9606,74
N008693,NNNNNNNCUUACUCUUUUAGU,0,negative,train,GSE279647,URS00002B3D67_9606,4
P062637,CUCUCUUUUCUAUACUUCUUU,1,positive,train,GSE136967,URS00003B57B1_9606,76
P063272,CCUGUGCCCUGGUCAUUGAUA,1,positive,train,GSE136967,URS00007168E7_9606,39
P064098,UCGGCCACGGGCUGGGCACAG,1,positive,train,GSE308686,URS000075C9AA_9606,34
P061252,GGGACUUAAUACUGAAACCUG,1,positive,train,GSE136967,URS0000626A32_9606,33
P071479,GGAUGUAUUCGUACUGUCUGA,1,positive,train,GSE308686,URS00008E3980_9606,59
P059603,CCAGUUGGACUUAUGUCUUUA,1,positive,train,GSE136967,URS00005F1DD0_9606,29
P063812,CAGAAUAAUGUCAAAGUGCUU,1,positive,train,GSE308686,URS000032AA22_9606,13
P082899,GGCCCUGUUCCUGUGUCCCAG,1,positive,train,GSE279647,URS00001FC3CF_9606,94
P059352,UGGAGCAGUUGCUAUCUGCUG,1,positive,train,GSE136967,URS0000721537_9606,31
P069675,NNNNNCCUGUAUUCGAAAGUG,1,positive,train,GSE308686,URS000045555D_9606,6
N010001,NNNNUAAAAUGGCUGAGUGAA,0,negative,train,GSE279647,URS00003EA950_9606,7
P072769,ACGUUCUGAUUNNNNNNNNNN,1,positive,train,GSE308686,URS000022EFB6_9606,62
N003472,AACAGUAAGAGAAGCUUUGCA,0,negative,train,GSE136967,URS000026BDF0_9606,205
P067219,UGGUUUCAAACAGGAGCUAAG,1,positive,train,GSE308686,URS00002E5E66_9606,49
P069642,GGAAUCAAUGAAAGCGCUUCC,1,positive,train,GSE308686,URS000045555D_9606,70
P065853,UGGUGCAUGAUCUCAAGUUUU,1,positive,train,GSE308686,URS000075D68F_9606,255
P059403,CUGCUGGGAGAACAGCAGCCA,1,positive,train,GSE136967,URS0000AAB145_9606,62
N023085,GGAGCUCACGUGUGCCUGCCU,0,negative,train,GSE279647,URS000075B703_9606,38
P080909,UUUAACUAAGCUAUACUAACC,1,positive,train,GSE279647,URS000044DFF6_9606,211
P071684,CCUUGGAUGUCUGAGCGANNN,1,positive,train,GSE308686,URS000066E3F5_9606,81
P074968,AUGCGGAUAUGGGACUGAGAC,1,positive,train,GSE308686,URS000075A722_9606,59
N023003,NNNNNNGUGCGUGGUGGCUCG,0,negative,train,GSE279647,URS000075AFFE_9606,5
N014580,GUUCGGUUGUUAACCGUAAAG,0,negative,train,GSE279647,URS0000659172_9606,37
P072711,AAGACUAUACUUUCAGGGAUC,1,positive,train,GSE308686,URS000053962A_9606,11
N012720,UUUCUGAAACAAAUGAUUUUG,0,negative,train,GSE279647,URS000062F4C6_9606,43
N029811,CUGAAAUUCUAUUCUGAGGCU,0,negative,train,GSE308686,URS000026D828_9606,50
P075131,UGAGGCCUCGGUUCGAUCCCC,1,positive,train,GSE308686,URS00001D4EE9_9606,51
N052297,UGCUGCCUUUCUUAGGNNNNN,0,negative,train,GSE308686,URS000075B243_9606,82
P059348,AAGAAGAACAUGUCCUUGCGC,1,positive,train,GSE136967,URS0000721537_9606,74
N018736,GAACUAAGAGAUGGAAUAGGA,0,negative,train,GSE279647,URS00006C9A39_9606,120
P071312,GAUGUUCCAGUUGAGACUCAA,1,positive,train,GSE308686,URS000062A15C_9606,29
P079060,AGCCGUCAAGAAAGGGGAGAG,1,positive,train,GSE279647,URS0000634EB5_9606,56
N035584,UCAGUCGGCUAGAGCGUGGUG,0,negative,train,GSE308686,URS0000692D68_9606,22
N002951,UUCAAACUCUGGAGCUUUCUC,0,negative,train,GSE136967,URS00007168E7_9606,121
N018779,GAAGUGAAGCAGGGUUGGGCC,0,negative,train,GSE279647,URS00006CAA05_9606,55
P082503,UAACACCACAAGGGUCUCUGG,1,positive,train,GSE279647,URS0000716F59_9606,104
P071066,CCAUGACUGAUGGCUNNNNNN,1,positive,train,GSE308686,URS00002F13BD_9606,72
P081822,GGAUGCCUCCUUUGCCGGAGC,1,positive,train,GSE279647,URS0000D5E272_9606,228
P062360,GCUGUGGGCCUUAUGGCACAG,1,positive,train,GSE136967,URS00002BF97D_9606,96
P059876,GAGAAUUCACAGAACUAGCAU,1,positive,train,GSE136967,URS00004640CB_9606,74
P065647,UACAUUAACAAAGGAGUUCUC,1,positive,train,GSE308686,URS00005A2612_9606,70
N053127,UCAUUCAAUGGGACAAUUNNN,0,negative,train,GSE308686,URS000037D7AE_9606,122
N015670,UCUUUAUUCCUCCUUCACUCC,0,negative,train,GSE279647,URS0000676287_9606,67
N009040,GUGCUGCCUUGUAGCAUUCAG,0,negative,train,GSE279647,URS0000302909_9606,33
P071648,NNNNNUCACUGUGAUGAUGGU,1,positive,train,GSE308686,URS000032B59A_9606,6
N003589,CAGGGGUCGCGAGUUCAAUUC,0,negative,train,GSE136967,URS0000725A6A_9606,51
P080969,UCCACAUGGCUUAGGGGAGCA,1,positive,train,GSE279647,URS00000F9EBE_9606,54
N056110,CUGUAGCUAAUGGGUUCCAUU,0,negative,train,GSE308686,URS00003CCCBE_9606,39
P082752,ACUUUACUUCUCUUUUCUGUC,1,positive,train,GSE279647,URS00008E3A5F_9606,105
P064889,GAGACCCUGCCUCUNNNNNNN,1,positive,train,GSE308686,URS0000A8D543_9606,296
P058854,GAAAAGUAAUAGUGAAGCUGG,1,positive,train,GSE136967,URS00005D459D_9606,70
N048939,AUUUGCAGUAACAGGUGUGAG,0,negative,train,GSE308686,URS000015F227_9606,131
P057756,GUGAGAGGGAGAGAACGCGGU,1,positive,train,GSE136967,URS0000650B1E_9606,198
N008204,ACCUGGCAUACAAUGUAGAUU,0,negative,train,GSE279647,URS0000245997_9606,35
N023178,GUAGCCAGUGUAGAUCCUGUC,0,negative,train,GSE279647,URS000075C381_9606,45
N007169,GAUAGACCUUGAACAAUUUAC,0,negative,train,GSE279647,URS000019135F_9606,22
N006417,CUUUGUCCACAUGGCUUAGGG,0,negative,train,GSE279647,URS00000F9EBE_9606,49
P066984,UCAUGCGGCCAAAGAGUAACU,1,positive,train,GSE308686,URS0000818C5D_9606,104
N015320,ACGCGCCCAAUCUCGUCUGAU,0,negative,train,GSE279647,URS000066CD1F_9606,33
N022932,CGAGGUUGCACUACUGUGCUC,0,negative,train,GSE279647,URS000075A590_9606,27
N023633,CAACGUUCACAGUUUCCACCA,0,negative,train,GSE279647,URS0000817DE1_9606,31
N006408,CGCCUGGGAAUACCGGGUGCU,0,negative,train,GSE279647,URS00000F9D45_9606,102
N020142,CCAUUAACAGAUUUCUUUGUU,0,negative,train,GSE279647,URS00006EFE5E_9606,54
N005636,AGUCAUUUCGAUGGCGUGGGU,0,negative,train,GSE279647,URS000005AEAB_9606,53
P067924,NNNNNNUGCACUUAUGUAUGU,1,positive,train,GSE308686,URS00002587B6_9606,5
P066944,AUUGCCUGCUCUUCUCCUCUG,1,positive,train,GSE308686,URS000028CE2F_9606,72
P058458,AUGAGAUCUGAAAUCUUAGUG,1,positive,train,GSE136967,URS000014FF3E_9606,87
P074482,UCAUCUAUCACCCUUGACUGA,1,positive,train,GSE308686,URS00002B7232_9606,63
P063087,NNNNNNNGGCUGGUCCGAAGG,1,positive,train,GSE136967,URS0000103047_9606,4
P064702,ACCGGUCUUCGGUCAAGGGUA,1,positive,train,GSE308686,URS0000734D8F_9606,182
N016649,AUGAGUCAUCUACAGUGAAUA,0,negative,train,GSE279647,URS0000690AB9_9606,38
N023683,CGGCGGGAGAAGUAGAUUGAA,0,negative,train,GSE279647,URS0000832EA8_9606,16
N008460,ACUGUGCUCAUGUCCAGGCAG,0,negative,train,GSE279647,URS0000285CCB_9606,35
P061249,ACUUAAUACUGAAACCUGAUG,1,positive,train,GSE136967,URS0000626A32_9606,36
P064122,GUAAUCCCAGCACUUUGGGAG,1,positive,train,GSE308686,URS000075A325_9606,25
N001791,CUCACAGGACUAUUGUUAGAU,0,negative,train,GSE136967,URS0000202A89_9606,96
N003114,ACUAUAAAACAAUGUAAAACA,0,negative,train,GSE136967,URS00002E82E5_9606,126
P080726,AUGACCCACCAAUGGAAGCAG,1,positive,train,GSE279647,URS00008E397A_9606,58
N002682,CCCACGUGGGCACUGCUGAGA,0,negative,train,GSE136967,URS00006561BE_9606,48
N020144,GUGGGGGGACUGUGUUUGCGC,0,negative,train,GSE279647,URS00006EFF34_9606,146
N002619,GGAACUGAUUUAUCGCGUAUU,0,negative,train,GSE136967,URS0000185C0B_9606,43
P078635,UCGGGGUGACGCCCGAAUCCU,1,positive,train,GSE279647,URS0002A398C5_9606,653
P066417,NNNNNNNNNNCUGCAUUCUUA,1,positive,train,GSE308686,URS00005F2496_9606,1
N019026,UCCGUUACAGAUUGAACUCCU,0,negative,train,GSE279647,URS00006D0502_9606,55
P058443,CUUCAUUUCUGGUGCUGCCCC,1,positive,train,GSE136967,URS000014FF3E_9606,168
N006001,NNNNNNNNNNUGGUACAUAGU,0,negative,train,GSE279647,URS00000AB29D_9606,1
N018010,UGAGGUGAAAAUUUAAUUCAU,0,negative,train,GSE279647,URS00006BB86E_9606,58
P074441,GAACCAUUCUCUACUGCCUUC,1,positive,train,GSE308686,URS000054DD16_9606,71
P062050,NNNNNNNAAGAAAUGAAGAAA,1,positive,train,GSE136967,URS0000673CBC_9606,4
N012121,AGCCCCACGUUGGGNNNNNNN,0,negative,train,GSE279647,URS00005F7694_9606,70
N014636,GAUACAUCCUCUAUCUGAGGA,0,negative,train,GSE279647,URS0000659FDF_9606,73
P064208,CAGGUUGGGAUCGGUUGCAAU,1,positive,train,GSE308686,URS00002B6637_9606,20
P080847,CUCGGAUGGGCCUUACUGUGG,1,positive,train,GSE279647,URS0000210FD6_9606,95
P071273,GGAUUCUGAGCCUCAGAGCUU,1,positive,train,GSE308686,URS000062A15C_9606,55
P074799,UGUCUGAGCACCCNNNNNNNN,1,positive,train,GSE308686,URS000075E488_9606,87
N013334,UAACAACUAGUUUCAGACUUC,0,negative,train,GSE279647,URS000063CFC9_9606,48
N006102,AGGCCAGCUUGCUUCUUGCAG,0,negative,train,GSE279647,URS00000B589B_9606,96
N025326,NNNNNNNNNNAUACUUAUGUA,0,negative,train,GSE279647,URS0002312628_9606,1
N014989,AGCUAGAAGAGGAGCUUGCUU,0,negative,train,GSE279647,URS00006615F7_9606,124
N017056,CCCAAUCCUAUCUGAUCUCAG,0,negative,train,GSE279647,URS00006A1431_9606,38
P060192,AUGGGCGAAAUGUUCAACUGC,1,positive,train,GSE136967,URS0000691595_9606,24
N029851,GAUACUCCUACUGUGGAAUCU,0,negative,train,GSE308686,URS000075D383_9606,79
N003115,UGAGGCUUUUCAUCNNNNNNN,0,negative,train,GSE136967,URS0000714052_9606,81
N015875,GCUUCGACAGCACAUGUACUA,0,negative,train,GSE279647,URS000067B22B_9606,17
P065794,CAUGGUUUGGGGCUGCUAUCU,1,positive,train,GSE308686,URS0000759B0C_9606,38
P061310,AUGACUCUGUGCCGAAAGCAU,1,positive,train,GSE136967,URS000063C47F_9606,110
P079839,CUGAACAACACACCCGCAUCA,1,positive,train,GSE279647,URS000075ADBA_9606,78
P074634,CUCUGAUCACCCCUGAGGACA,1,positive,train,GSE308686,URS000075A57C_9606,40
P069340,NNNNNNNNNNGUGCAAACUCG,1,positive,train,GSE308686,URS0000656AFD_9606,1
N032382,CAGUCAAGUCAAAUUCAGUGC,0,negative,train,GSE308686,URS000072157F_9606,13
P077801,UUAGUUGAACAGGGCCCUGAA,1,positive,train,GSE279647,URS000044DFF6_9606,814
N009796,GUCCUGACCUGUCCUCUGUGA,0,negative,train,GSE279647,URS00003B6A48_9606,42
N019555,GCACCCUCCGCUGGAGGCGUG,0,negative,train,GSE279647,URS00006DCB39_9606,52
P062526,CUUCGGCAGCACAUAUACUAA,1,positive,train,GSE136967,URS000035C796_9606,18
P066927,CAUUAAAAGGAAUAUUUAUCC,1,positive,train,GSE308686,URS000028CE2F_9606,93
P073674,AAGUUCUGAGCUUNNNNNNNN,1,positive,train,GSE308686,URS0000313FF1_9606,71
N019141,CAGUACUUCCAGGAACGGUGC,0,negative,train,GSE279647,URS00006D1C46_9606,174
N016220,NNNNNNNNNNCUUGCUUCUUG,0,negative,train,GSE279647,URS00006849F8_9606,1
P076604,CGGUCAAGGCANNNNNNNNNN,1,positive,train,GSE308686,URS0000676AD7_9606,71
N020492,UAAGCAAGGUUGGGCCCGGUU,0,negative,train,GSE279647,URS00006F7C66_9606,63
P068096,UUCCCCAUUCUUGGUUACGCU,1,positive,train,GSE308686,URS0000018549_9606,42
N002887,GAGGCUCAGAGUGAGCGCUGG,0,negative,train,GSE136967,URS000054DD16_9606,24
N009520,UUCGCAUGUACGAGGCCCCGG,0,negative,train,GSE279647,URS000038D768_9606,41
P072911,NNNNNNNNAACCAAUGAUGUA,1,positive,train,GSE308686,URS0000507EBE_9606,3
P064437,CUGAAGGCCUGUAUCCUAGGC,1,positive,train,GSE308686,URS00026A2211_9606,20
P072295,UCUGAUGGAUUAGUGGAGAAA,1,positive,train,GSE308686,URS0000197BB5_9606,46
N014656,UAUAGAUUUUUGUUCCUCCUC,0,negative,train,GSE279647,URS000065BE98_9606,59
N022809,NNNNGUUUCUGUAGUAUGGUG,0,negative,train,GSE279647,URS00007578A8_9606,7
P066188,GGUCCAGUGUGUGCUUGGCGU,1,positive,train,GSE308686,URS0000034D55_9606,38
N010810,CGCUUGACUAGCUUGCUGUUU,0,negative,train,GSE279647,URS00004A2461_9606,73
P082091,CCCCAAUAAAGCUAAAACUCA,1,positive,train,GSE279647,URS000044DFF6_9606,325
N003721,CAAAGUGAUUGGUACCUCGUU,0,negative,train,GSE136967,URS000046CCFB_9606,50
P077827,CAAGAGAUUCAAAGGUUGCGG,1,positive,train,GSE279647,URS0000755838_9606,56
P063248,NNNCCUGGACCUGUUGGCACC,1,positive,train,GSE136967,URS00006A6282_9606,8
N028026,ACUCCUGUCUGAUUNNNNNNN,0,negative,train,GSE308686,URS00003B08B2_9606,68
N002059,GAGAUAUUGUUUAGCAGAUGG,0,negative,train,GSE136967,URS000026BDF0_9606,229
N026450,UCUACGGCCAUAUCACCCUGA,0,negative,train,GSE279647,URS00032CD4A4_9606,12
P064383,UGAGGAGGACACCCAAGGAGA,1,positive,train,GSE308686,URS000075DE48_9606,39
N014897,AGCCUGGUUAGUCCUUAGAUG,0,negative,train,GSE279647,URS0000661164_9606,75
P070507,GUGAUUUAUGCAUGGAGGCUG,1,positive,train,GSE308686,URS000064B135_9606,81
P068666,AGCGUCAGUAUUUUGAUGGUG,1,positive,train,GSE308686,URS00004C6FD8_9606,97
P064223,AGUGCUGUUCGUGCAGGUAGU,1,positive,train,GSE308686,URS00000DDD35_9606,24
P082898,UUGGCAGAAACGGGGUGUCAG,1,positive,train,GSE279647,URS0000EAEC9F_9606,899
N021548,GAUGGGAGACCUCUGCCAUAU,0,negative,train,GSE279647,URS000071AD91_9606,92
P080008,UGAUUGGAGAUGCAUGAAACG,1,positive,train,GSE279647,URS00021EDA78_9606,69
P070725,AACAUAAGAGUCUGACAAACN,1,positive,train,GSE308686,URS000034C57A_9606,64
P057812,CUCAAGGUGACCCGCCUACUU,1,positive,train,GSE136967,URS00006ECA78_9606,109
P062604,GGAUGAGAAAUGCGGAUAUGG,1,positive,train,GSE136967,URS00006E3D71_9606,50
N019513,GUCAGGCCAGGUUAGUACUUG,0,negative,train,GSE279647,URS00006DC26B_9606,61
P065191,GCCCUAACAGGGCUCUCCCUG,1,positive,train,GSE308686,URS000013F331_9606,112
N015924,NNNUGUGUAUGAUGAGAUUUC,0,negative,train,GSE279647,URS000067C03A_9606,8
P061965,CUCCUCAGGACCUCGGAUGGG,1,positive,train,GSE136967,URS0000210FD6_9606,84
P064092,AGGCAAGAUGCUGGCAUAGCU,1,positive,train,GSE308686,URS0000001EB3_9606,18
N014955,UACCACCCUAAAUGCACCCGA,0,negative,train,GSE279647,URS0000661539_9606,22
N015703,UUUUGAUUAAACCCUGUAACU,0,negative,train,GSE279647,URS00006762EA_9606,51
P078364,CAUCCUUUUCUUGGGGUUGCG,1,positive,train,GSE279647,URS000075ADBA_9606,14
P069022,UUCAAAAAUGAUCACGGGCUG,1,positive,train,GSE308686,URS0000468B49_9606,19
N022817,UCUCACACGUGAAAGGUCCCU,0,negative,train,GSE279647,URS00007578A8_9606,41
P060211,GCAAGGAUGACACGCAAAUUC,1,positive,train,GSE136967,URS00001EC8D7_9606,77
N020731,UUGGUAGUGUAUGCGGCCUGU,0,negative,train,GSE279647,URS00006FFE91_9606,86
N025982,AUACUACCCUGAAGGCGCCAG,0,negative,train,GSE279647,URS000311AF9C_9606,17
P067465,CAUGUCCUUGCGCUUUCCGUC,1,positive,train,GSE308686,URS0000721537_9606,82
N046044,UAAGUCUCCAUAAAACCCAGA,0,negative,train,GSE308686,URS00006810EA_9606,65
P075738,CAAGUCCCUGUUCAGGCANNN,1,positive,train,GSE308686,URS00006587E4_9606,66
P063975,CUACUGCAUUAUGAGCACUUA,1,positive,train,GSE308686,URS0000507C9B_9606,52
N053205,UUGCUGUAUAGAGUUAAGGAA,0,negative,train,GSE308686,URS0000018549_9606,120
N013069,CGCUUGCUUAGCAUGCAAGAG,0,negative,train,GSE279647,URS0000636BA8_9606,35
N020740,GUCUGUGGCCAUACCACCCUG,0,negative,train,GSE279647,URS0000700638_9606,11
N026260,AUGGCCAAAUCACCCUGAAAG,0,negative,train,GSE279647,URS00031CA468_9606,15
N004893,CACUCUCGGUANNNNNNNNNN,0,negative,train,GSE136967,URS0000625435_9606,83
P080719,UUUACUUGGCAGGGGAGAUAA,1,positive,train,GSE279647,URS000012964C_9606,14
P057950,GACACCUUUGGAUUAAUAAUG,1,positive,train,GSE136967,URS00004BB247_9606,33
P070344,AAGGUCAGUGCUAUAGAAAUU,1,positive,train,GSE308686,URS00003A960A_9606,61
N009372,CACAGUGCUGAUGCUGUCUAU,0,negative,train,GSE279647,URS0000370AC5_9606,28
N025968,UCAAGUGUAAUCUGUGUUCUU,0,negative,train,GSE279647,URS00030F956D_9606,37
P081891,CACUGGUGCAAGACAGAGCUG,1,positive,train,GSE279647,URS000000D517_9606,129
N024442,AGUGGUUAGGAUUCAGCGCUC,0,negative,train,GSE279647,URS0000C8E9E9_9606,18
N014267,GGCCUGGUUAGUACUUGAAUG,0,negative,train,GSE279647,URS000065217D_9606,75
P059364,GAUAAGCUGAUGUUCUGUGAG,1,positive,train,GSE136967,URS000015A7CF_9606,28
N054079,AUGAGCUUUUUAACCCUGAGC,0,negative,train,GSE308686,URS000061A537_9606,60
P061458,AGUGAGCCUUGAUUGUGGCCA,1,positive,train,GSE136967,URS0002869D81_9606,216
P058236,AUGUAUUCUGAAUCUAAAGUU,1,positive,train,GSE136967,URS0000668E0B_9606,29
P080706,GGUAAGCACCUUGCCUGCGGG,1,positive,train,GSE279647,URS0000735371_9606,48
N031997,GCAUGUGGCAGUCUGCCUUUC,0,negative,train,GSE308686,URS0000734D8F_9606,318
P068353,GAGCUUCCUCGUGGCGCCGGG,1,positive,train,GSE308686,URS0000726F61_9606,33
P072735,NNNGUGCAUAUGAUGGAAAAG,1,positive,train,GSE308686,URS000020C605_9606,8
N013345,CUUUUCACAAUACCCUGCCAU,0,negative,train,GSE279647,URS000063DDAC_9606,79
N021859,UAACACGUAUACUAAAAUUGG,0,negative,train,GSE279647,URS000072386C_9606,21
N044035,AUUAAAGGAUUUACCUGAGGC,0,negative,train,GSE308686,URS0000708227_9606,62
N042978,GGAUAAAUUGCACAACUCUCA,0,negative,train,GSE308686,URS000065E84A_9606,121
N006492,CACUUGACUAGUCUUUUNNNN,0,negative,train,GSE279647,URS0000103047_9606,107
N014241,AAGAAAGGUCGGGCCUGGUUA,0,negative,train,GSE279647,URS0000651D23_9606,64
P060502,GAGGGUGGAUUGUUGGUCUCA,1,positive,train,GSE136967,URS0000A8C404_9606,108
N023148,AGUGUGUGUCGCUCCGGGUCC,0,negative,train,GSE279647,URS000075BE91_9606,51
P064324,AGGUUGUAUGGUUUAGAGUUA,1,positive,train,GSE308686,URS0000031E12_9606,30
P057936,GGCUUUUGAUCCGUGCCCAUG,1,positive,train,GSE136967,URS0000438819_9606,100
P059330,AGAAGUGUCCUAUUUAUUGAU,1,positive,train,GSE136967,URS000043549A_9606,109
N006082,CUCAACCCCGACAUCNNNNNN,0,negative,train,GSE279647,URS00000B09B7_9606,64
N007527,GUGGUCUGGGGUGCAGGCUUC,0,negative,train,GSE279647,URS00001DA281_9606,27
P058493,GGCUAAGGGAGAUGAUUGGGU,1,positive,train,GSE136967,URS000061AA47_9606,81
P063943,GUGUGAUAUUCUGCUGUGCAA,1,positive,train,GSE308686,URS00003BACA4_9606,50
P058197,AAGGGAACCAGGUUUGCAAAA,1,positive,train,GSE136967,URS0000656AFD_9606,53
P079869,CGGAGGACUGUAGUUGGCUGU,1,positive,train,GSE279647,URS000074FC25_9606,35
P076130,NNNNNNNNNGGUAAAAUGGCU,1,positive,train,GSE308686,URS0000093479_9606,2
P080895,CCCGAUCAACCUCACCACCUC,1,positive,train,GSE279647,URS000044DFF6_9606,587
N083352,AAAGUUUUUGUCUGUUGGCCU,0,negative,train,GSE136967,URS00023473A4_9606,693
P062875,AUGACAGCACUUCUGCUGAGA,1,positive,train,GSE136967,URS000064B8EB_9606,24
P058126,UCGACUCCCGGUAUGGGAANN,1,positive,train,GSE136967,URS0000639DBE_9606,64
P070984,UCUGAACAAAAUGAGUGACCA,1,positive,train,GSE308686,URS000075A82F_9606,48
P065716,UCUCAAGGUGAAGAUAACUCU,1,positive,train,GSE308686,URS0000466492_9606,37
N025931,GUUAGUGCAUGGAUGGGAGGA,0,negative,train,GSE279647,URS00030758EE_9606,81
N019261,CCUGGCAUCGGAGAGGACGUU,0,negative,train,GSE279647,URS00006D5E8B_9606,18
P074667,GUUGUUGAAAUAAACUCUUUC,1,positive,train,GSE308686,URS000071BC75_9606,76
N014806,UACCACACCGAACACAUCUGA,0,negative,train,GSE279647,URS000065F6B5_9606,21
N005180,GGAAUGUCUUGUCUUCAUCCG,0,negative,train,GSE279647,URS000000D517_9606,76
N023446,NNNNNNNNNNAUUCUAAUUUA,0,negative,train,GSE279647,URS00007B2386_9606,1
N050255,UAUUUAGCUGUAUUGUGAGAC,0,negative,train,GSE308686,URS00004640CB_9606,123
N019728,UGGUAAGAGCGUGGUGCUGAU,0,negative,train,GSE279647,URS00006E0DAF_9606,27
P078225,ACAUGCAAGCAUCCCCGUUCC,1,positive,train,GSE279647,URS000044DFF6_9606,56
N019858,AUUAGAAUGGGCAUUGGCAAU,0,negative,train,GSE279647,URS00006E4C6F_9606,110
N010800,AUUUAACAUUGUCUCCCCCCA,0,negative,train,GSE279647,URS00004A2461_9606,46
P079579,AUAUCAUCUCAACUUAGUAUU,1,positive,train,GSE279647,URS000081566B_9606,41
P066022,UUUACUGAAGUGGAUCAAUGA,1,positive,train,GSE308686,URS000075BDDC_9606,27
P076286,CUGCUCACAGCGNNNNNNNNN,1,positive,train,GSE308686,URS0000530C88_9606,81
N002053,CAUAAAUUAAAAUUUGAUUUU,0,negative,train,GSE136967,URS00006868E5_9606,64
N020822,GCUUUACACACUGAAGGUCCU,0,negative,train,GSE279647,URS0000703691_9606,40
P061991,UCUGCAUAGUUGCACUUGGCU,1,positive,train,GSE136967,URS0000210FD6_9606,22
P064140,GAGGCUGAUGUGAGUAGACCA,1,positive,train,GSE308686,URS000075A325_9606,43
P074430,UUCUCUACUGCCUUCCUUCUG,1,positive,train,GSE308686,URS000054DD16_9606,77
P066460,GCAAAAGCAGUCUUCCCUUUA,1,positive,train,GSE308686,URS000031F86D_9606,62
P061129,GAGCAGUCAGUAGUUGGUCCU,1,positive,train,GSE136967,URS00002E0A2C_9606,36
N003140,UAUUGAUUUCAGCAUUUAACU,0,negative,train,GSE136967,URS000071E913_9606,60
P057735,UUCUUCUCUCCGUAUUGGGGA,1,positive,train,GSE136967,URS0000650B1E_9606,177
N055464,AACUAUACAACCUACUGCCUU,0,negative,train,GSE308686,URS000075A6A4_9606,68
N020231,GCUCACUGCAACCUCCNNNNN,0,negative,train,GSE279647,URS00006F1561_9606,138
N014134,ACGACUACAUCUUUCACCUUU,0,negative,train,GSE279647,URS000064F54F_9606,32
P064523,GUAUCCUAGGCUACACACUGA,1,positive,train,GSE308686,URS00026A2211_9606,30
P063172,CCACAGACAGUUGCUCUGCUG,1,positive,train,GSE136967,URS00006CC68C_9606,32
N038982,GGGUGGUUCGAGACCCGCGGG,0,negative,train,GSE308686,URS0000000A8C_9606,61
P061329,GCUGAUAGUAAACCCCAGCUU,1,positive,train,GSE136967,URS000063C47F_9606,63
N015952,CGUGUAUUAAAAUUGGAACGA,0,negative,train,GSE279647,URS000067CBCB_9606,29
N005205,UUAGCAUUAACCUUUUAAGUU,0,negative,train,GSE279647,URS000000EE2E_9606,26
P063892,AGAAUCGGGGUUUUGAGGGCG,1,positive,train,GSE308686,URS000075BAEB_9606,19
P070443,AUGCCAGAGCAAACUGUGUCC,1,positive,train,GSE308686,URS0000647500_9606,65
N010463,AUUCACUGGUGGGGGCAGUCG,0,negative,train,GSE279647,URS0000451E99_9606,88
P062742,UGGCUGGUCAUAGCCAUGGGA,1,positive,train,GSE136967,URS000002FDBC_9606,31
N026355,ACCCUAAAUGCAGCCGAUUUC,0,negative,train,GSE279647,URS000325852A_9606,25
N023315,GCACUACUAUAGGCCGCUGGG,0,negative,train,GSE279647,URS000075E379_9606,37
P062966,CUGGUCUUGAUUCACUGGUGG,1,positive,train,GSE136967,URS0000451E99_9606,79
P057840,GAUGAUGAUAAGCAAAUGCUG,1,positive,train,GSE136967,URS00006B8984_9606,15
P068067,CUGGUCAUAGCCAUGGGAUCU,1,positive,train,GSE308686,URS000002FDBC_9606,34
N024027,UUCAUGGGUCAUUUCUAUAGU,0,negative,train,GSE279647,URS0000A993EA_9606,23
N010014,AGUUUAGAAUUACAUCAAGGG,0,negative,train,GSE279647,URS00003F0B88_9606,33
N023153,GGUAGGGAUAUUAGGCCCCAA,0,negative,train,GSE279647,URS000075BF40_9606,58
P071414,CUGACGUCUUAUAUUUUGCCA,1,positive,train,GSE308686,URS0000359B05_9606,54
N025157,AGUUUGGGGCUCUGCCCUGCU,0,negative,train,GSE279647,URS000230EBA5_9606,30
N030257,UCGAGACCCGCGGGUGCUUUC,0,negative,train,GSE308686,URS0000000A8C_9606,68
P059456,AUACACCCGGGAGGUCACUCU,1,positive,train,GSE136967,URS00004A4D73_9606,20
N015109,UCUUGUCUGAUCUCGGAAGCU,0,negative,train,GSE279647,URS0000664D60_9606,43
P072181,NNNNNGCUGAAUGAUGAUAUC,1,positive,train,GSE308686,URS00002E0A2C_9606,6
N017844,AUUAGUAGGACCCCUGUGCAA,0,negative,train,GSE279647,URS00006B7D2F_9606,60
P070512,UGGGCCAUAGCAAUCCUGUGA,1,positive,train,GSE308686,URS000064B135_9606,64
N016385,ACUCCAGAAAUGCUGACCCCU,0,negative,train,GSE279647,URS000068996E_9606,85
N052776,CAUAUAUAAUAUCGGAGAUGG,0,negative,train,GSE308686,URS000002084A_9606,72
N016012,NNNGUGGGCAGCCAUACCAGC,0,negative,train,GSE279647,URS000067D6F9_9606,8
P064400,GAGGUAGUAGAUUGUAUAGUU,1,positive,train,GSE308686,URS00004BFD1E_9606,18
N029329,AAAGCAACUCCUUGUUCAUCC,0,negative,train,GSE308686,URS0000438819_9606,73
P064109,CAUCUGUCUGUUGGGCUGGAG,1,positive,train,GSE308686,URS00006A8564_9606,13
P058439,CAGGUGGGGUCCACGGUAGGG,1,positive,train,GSE136967,URS000014FF3E_9606,221
P062377,UUAAUAUUGUGGUUUCGACUC,1,positive,train,GSE136967,URS0000706C1B_9606,27
P074709,UCAAUGAUGGUUUUAUUCAUA,1,positive,train,GSE308686,URS000030BA79_9606,19
N022931,NNGCCGCAGGUGCUCUGACGA,0,negative,train,GSE279647,URS000075A590_9606,9
P068142,CACAGCUGACUUGUGCCAUUC,1,positive,train,GSE308686,URS0000018549_9606,94
N022036,UUUUUUCUUUCCUUUUUUUUU,0,negative,train,GSE279647,URS00007288AA_9606,258
N016169,NNNAUCACCUCUCGGUCUUUU,0,negative,train,GSE279647,URS000068350A_9606,8
P071531,GUGAUUAAUGUAUGUGGAUGA,1,positive,train,GSE308686,URS0000A76B4D_9606,60
N021653,UUCAAUCCCCAAUACCUCCAN,0,negative,train,GSE279647,URS000071E903_9606,63
P082742,AAACACCCUCAUGUUCAUACA,1,positive,train,GSE279647,URS00000B09B7_9606,18
N003759,UCUCAUGGCAACACCAGUCGA,0,negative,train,GSE136967,URS00000AF93C_9606,48
P064795,GUCCAGGAGUUCUGGGCUGUA,1,positive,train,GSE308686,URS00000478B7_9606,78
P079355,AAGGCGCCAGACUCAAGCUAA,1,positive,train,GSE279647,URS0000747665_9606,32
P059953,NNCAGGCUGUGAUGAUUGGCG,1,positive,train,GSE136967,URS00005ACA64_9606,9
N034392,CUACUAUUUUGUGGCCUACAU,0,negative,train,GSE308686,URS000000AB5A_9606,126
P059040,UUGGACUCGAAAUCCAAUGGG,1,positive,train,GSE136967,URS0000530C88_9606,37
P062003,AUUCUUAUUGGAACUGAAUUU,1,positive,train,GSE136967,URS0000666DC3_9606,31
N007626,CUUCUGGAAGCUGGUUUCACA,0,negative,train,GSE279647,URS00001E96DA_9606,11
N007670,CGUUCCAUAUUUUUNNNNNNN,0,negative,train,GSE279647,URS00001EC8D7_9606,104
N011790,UGAGUUCUGGGAACCAGGUGA,0,negative,train,GSE279647,URS00005B2B49_9606,42
P066271,CUGAUCCCAAGUAUGGCAGAA,1,positive,train,GSE308686,URS0000ABD812_9606,35
P067331,CUGGUGCUGAGAGAAAACCCU,1,positive,train,GSE308686,URS000022C1CA_9606,61
N008217,GAUUUCUGUGUUCGUUAGGCA,0,negative,train,GSE279647,URS0000245997_9606,52
P075024,NNNNNNNNNNGGGGAAUUAGC,1,positive,train,GSE308686,URS000052A1C9_9606,1
N018649,CCUGAACACACCUGGUCUCAC,0,negative,train,GSE279647,URS00006C8A3B_9606,28
N023985,NNGUCUGUAUCCACACCACCC,0,negative,train,GSE279647,URS0000A9104A_9606,9
N014608,CUUUUAGAAUUUGUCUAGUAG,0,negative,train,GSE279647,URS0000659914_9606,24
N024975,NNNNNNNNNNGCCCAUACCCC,0,negative,train,GSE279647,URS000219A035_9606,1
P064625,UCCCCGAUAGAGGAGGACCGG,1,positive,train,GSE308686,URS0000734D8F_9606,166
N022683,UUGUUACUAUAGUGGUGAGUA,0,negative,train,GSE279647,URS00007501FD_9606,14
N011009,GCAGGGCAGAGAGGUGGGCGG,0,negative,train,GSE279647,URS00004D18E1_9606,66
P065130,GUGAGUUCAAUGGCUGAGGUG,1,positive,train,GSE308686,URS000013F331_9606,276
N023543,UUAUACACUCAGGCUGUGGCU,0,negative,train,GSE279647,URS00007E4DB3_9606,21
P066653,ACCUGUUGGCACCACAGACAG,1,positive,train,GSE308686,URS000075A77B_9606,19
P082440,CGCGGGGAUCGCCGAGGGCCG,1,positive,train,GSE279647,URS000075A546_9606,41
N016219,UACUUGGAUGGAGAAAUUAUA,0,negative,train,GSE279647,URS0000684921_9606,86
P060629,UUCGAAUCCGGCUCGGAGGAN,1,positive,train,GSE136967,URS0000758799_9606,64
P071593,UUUUCCUUAUGUUGGCCAGUU,1,positive,train,GSE308686,URS0000080E9E_9606,60
P059237,GGCAUGUAAGAGAAAUAUACC,1,positive,train,GSE136967,URS0000636A2E_9606,152
P063876,CGGAAUCCCAAAAGCAGCUGU,1,positive,train,GSE308686,URS000075BBD9_9606,29
P075884,GGCUCCAGUCUCUUCGGAGGC,1,positive,train,GSE308686,URS00001B506A_9606,47
N015590,UCUUCUCUGGUCUGUGAAACU,0,negative,train,GSE279647,URS00006747C7_9606,43
N030088,GGCUAGGCCUCUUUUUACCAN,0,negative,train,GSE308686,URS0000093479_9606,57
N018051,AUUGAUCGCCAAAGUUGAUUC,0,negative,train,GSE279647,URS00006BD1CD_9606,49
P062994,GUAGAAUUCCAGUGGCCCUGA,1,positive,train,GSE136967,URS000075D26F_9606,12
N015249,AAUGAUAGAGAAGAUUUGCAU,0,negative,train,GSE279647,URS0000669656_9606,40
P060543,GUUUGCACUAGGAUGCAAAAG,1,positive,train,GSE136967,URS000019135F_9606,56
P077123,UAGGAGCUUGCUCCGUCCACU,1,positive,train,GSE279647,URS00021ED9AF_9606,390
N005464,CAGAUCAUACAAAUCUCUCAC,0,negative,train,GSE279647,URS0000042323_9606,28
P059624,CCCCUAGAGGCGUUGCAGCUG,1,positive,train,GSE136967,URS000008230A_9606,15
N020253,AGUAUGACCCCUGCGCAAGGA,0,negative,train,GSE279647,URS00006F16DA_9606,63
P072752,UCAAAGGAACCACUGAUGCAC,1,positive,train,GSE308686,URS000020C605_9606,57
P076070,UCGCCUCACACGCGAAAGGUC,1,positive,train,GSE308686,URS0000748C4B_9606,38
N046576,GACCUUGGAGACAGGCNNNNN,0,negative,train,GSE308686,URS00000D55EA_9606,130
P070401,CAUCGUUGGUUUUCUUGGCUU,1,positive,train,GSE308686,URS00003A960A_9606,92
N049949,CUCAUGGGCCCUGGGUCACCU,0,negative,train,GSE308686,URS000072157F_9606,89
P076440,GGCGUCGGUCUCGUAAACCGA,1,positive,train,GSE308686,URS00001D9AFB_9606,32
P065171,AGCUUCGGGGAGGUGAGUUCC,1,positive,train,GSE308686,URS000013F331_9606,133
P064235,CGUGCAGGUAGUGUGAUUACC,1,positive,train,GSE308686,URS00000DDD35_9606,33
P074356,UGAACUCUCUCACUGAUUACU,1,positive,train,GSE308686,URS000069573D_9606,39
P068182,CUGGUUGGUGAUGCCCAUCUC,1,positive,train,GSE308686,URS0000438819_9606,37
P082637,GCUCUCCCUGAGCUUCGGGGA,1,positive,train,GSE279647,URS0000D5E272_9606,121
P073278,CUUGGAGAGCUGAGCNNNNNN,1,positive,train,GSE308686,URS000029360B_9606,70
P060712,GAAUCUCGUUCGGCUGAUGAC,1,positive,train,GSE136967,URS00004E0FA9_9606,30
N025590,GGAUCACUUGAGCCCAGGAAU,0,negative,train,GSE279647,URS00027E5373_9606,16
N046373,CCUGUCUCUACAGCUCUGCCA,0,negative,train,GSE308686,URS000027BAE7_9606,122
N018805,NNNNNNNNNNAUACUUCCCUG,0,negative,train,GSE279647,URS00006CB402_9606,1
P080602,CGGUCACACGAUUAACCCAAG,1,positive,train,GSE279647,URS000044DFF6_9606,263
P063817,AUCAACAUUCAUUGCUGUCGG,1,positive,train,GSE308686,URS0000530EBF_9606,43
P065025,GGCGAGGCUUAUCCGUUAUGU,1,positive,train,GSE308686,URS000069B06F_9606,61
P073342,AAAACUGAUUUAAUGAGCCUG,1,positive,train,GSE308686,URS0000406CED_9606,58
P076261,UCUCCCCGCGCAGGUUCGAAU,1,positive,train,GSE308686,URS000071DF37_9606,59
P074138,ACAUUUUUCUGAUGUUNNNNN,1,positive,train,GSE308686,URS000051B5A1_9606,60
P075001,CCGCGCGCUGUUUUUCUCGCU,1,positive,train,GSE308686,URS00004A7003_9606,99
N013507,UGAUACACAACCCUCCACUGC,0,negative,train,GSE279647,URS0000641C1B_9606,67
P068020,CAUUGUUCAGUAUGAGUUUUG,1,positive,train,GSE308686,URS00006607B4_9606,97
N021632,NNNNAGCUUUGUGCAGUGGCA,0,negative,train,GSE279647,URS000071E36F_9606,7
N005224,UAAUUAAGCUAAGCCCUUNNN,0,negative,train,GSE279647,URS00000133BF_9606,62
P078665,CUAGAGUCACAUCCUGACACA,1,positive,train,GSE279647,URS0000451E99_9606,18
N018078,GAGGGGCGGGGCGGACGCAGA,0,negative,train,GSE279647,URS00006BE831_9606,36
N007031,CGCGCUGUCCUCUGNNNNNNN,0,negative,train,GSE279647,URS0000162127_9606,161
P069183,AUGAGUGGAGUUUGAUAGUAA,1,positive,train,GSE308686,URS00001696A6_9606,129
P059235,AGUCAAAGGUGCUUGAGUCAU,1,positive,train,GSE136967,URS0000636A2E_9606,130
P062019,UCCCCAAGUGGGAGUGAGGAC,1,positive,train,GSE136967,URS000065235D_9606,45
N018302,UGUUACUAAAAUUGGUUUAUA,0,negative,train,GSE279647,URS00006C2A6C_9606,55
P066089,CGAGGGUUCGAGGGCACGAGU,1,positive,train,GSE308686,URS000002A4F1_9606,66
N031573,GUCUAACAACAUGGCUUUCUC,0,negative,train,GSE308686,URS00002421CC_9606,48
P076543,GGUUCGAUCCCCAGCACUUCC,1,positive,train,GSE308686,URS000071ED2F_9606,61
N008690,GUGUAUGCAUGUGUGUGUGCU,0,negative,train,GSE279647,URS00002B3204_9606,127
N016513,UCCUGAGCACGCUCAUGAUGA,0,negative,train,GSE279647,URS000068C891_9606,42
N019368,UGUGCAGUAUCUGUUCUUACC,0,negative,train,GSE279647,URS00006D8741_9606,40
N017943,CCCUGAACACGCCAGAUCUCG,0,negative,train,GSE279647,URS00006BA75E_9606,27
P060783,GUGUGUAUAUGCUUGUCAGUG,1,positive,train,GSE136967,URS00008E3964_9606,73
N029840,UUUUCUUUUCGAAAGGUGAGC,0,negative,train,GSE308686,URS00002B7232_9606,22
N015928,CUUCAUGGUCUGUGUUUCUGA,0,negative,train,GSE279647,URS000067C03A_9606,30
P058310,CCGGUUCAAAUCCGGGUGCCC,1,positive,train,GSE136967,URS0000646601_9606,59
N014890,GCUAUACCAACCUGAAUGCAU,0,negative,train,GSE279647,URS0000661164_9606,18
P061624,CUGCGUGUCUGGCUGUGGCCU,1,positive,train,GSE136967,URS00006CD075_9606,28
P064769,CAUCAAUAUGGUGACCUCCCG,1,positive,train,GSE308686,URS00000478B7_9606,136
P078136,CCGCGGUCACACGAUUAACCC,1,positive,train,GSE279647,URS000044DFF6_9606,260
P064322,GCAUCCGGGUUGAGGUAGUAG,1,positive,train,GSE308686,URS0000031E12_9606,11
P070798,NNNNNNNGGCCUGCUGUGAUG,1,positive,train,GSE308686,URS00000C304D_9606,4
P057714,GCCGUCAGCCAUUGAUGAUCG,1,positive,train,GSE136967,URS0000650B1E_9606,156
N019259,ACGCUCUGUGGUCCGUGUUUC,0,negative,train,GSE279647,URS00006D5693_9606,27
P060925,CCAUGGAGAGGAACACCUCAG,1,positive,train,GSE136967,URS000071EA53_9606,65
P061727,UCAACCCCAUGCACCGCUCUG,1,positive,train,GSE136967,URS00006D7506_9606,67
P063860,NUGUUCUAAGGUGCAUCUAGU,1,positive,train,GSE308686,URS00003B0CDB_9606,10
P065390,ACAGGGUAGUCUGGCAGGACA,1,positive,train,GSE308686,URS00001B2620_9606,52
N006316,NUUGGGCAAGGUGCGGGGCUA,0,negative,train,GSE279647,URS00000EC1BE_9606,10
N004565,CAAUGGCUUAGCUGAUGCCAG,0,negative,train,GSE136967,URS000026935A_9606,73
P063711,GGGGGGCCGAUACACUGUACG,1,positive,train,GSE308686,URS000046FA49_9606,24
N026290,CCAAUGUAGCAUGUUUUUUUC,0,negative,train,GSE279647,URS00031FC69A_9606,38
P065088,GAGGUGAGUUCCCAGAGAACG,1,positive,train,GSE308686,URS000013F331_9606,142
N008138,NNNNNNCUGAGGAGCAGGGCU,0,negative,train,GSE279647,URS0000233054_9606,5
N024315,GUUAACAGAAAGGCUGGUGGU,0,negative,train,GSE279647,URS0000C8E9CB_9606,41
P059254,UGCGAUGAUGAGUGAAGUAGA,1,positive,train,GSE136967,URS00005D7632_9606,12
P080471,CUAUACUAACCCCAGGGUUGG,1,positive,train,GSE279647,URS000044DFF6_9606,221
N026045,NNUAUGGCCAUACUAUCCUGA,0,negative,train,GSE279647,URS000313FDA5_9606,9
P065279,ACAUGAUGAUAUCAAGGCUGU,1,positive,train,GSE308686,URS0000569A4A_9606,14
P058984,UUGCCCUGGUUUGGGUGCCAG,1,positive,train,GSE136967,URS00000E9A93_9606,61
P076424,GCUUCGUGGCUUAGCUGGUUA,1,positive,train,GSE308686,URS00006A047B_9606,12
N034706,CUUUGUUAAUGGACUCAAGUU,0,negative,train,GSE308686,URS000075CFA2_9606,69
N023456,NNNNNNNGGGUGCUAAUGGUG,0,negative,train,GSE279647,URS00007C659F_9606,4
P072734,UCUUCAAAGGAACCACUGAUG,1,positive,train,GSE308686,URS000020C605_9606,54
P063088,UCGAAUCCCACUUCUGACANN,1,positive,train,GSE136967,URS0000572B72_9606,76
N013274,GCAGGGUCGGUCCUGGUUAGU,0,negative,train,GSE279647,URS000063A525_9606,66
N003940,CUUAAACUGAAACAGNNNNNN,0,negative,train,GSE136967,URS0002869D46_9606,77
P060115,UCGCUGGUUCAAUUCCGGCUC,1,positive,train,GSE136967,URS0000233681_9606,57
P060218,GUCCCAUCUGGGUCGNNNNNN,1,positive,train,GSE136967,URS000059900F_9606,69
P082266,GGUGAUGAAAAAGAAUCCUUA,1,positive,train,GSE279647,URS0000650132_9606,17
P062928,GCCGGAGCUUGGAACAGACUC,1,positive,train,GSE136967,URS000013F331_9606,243
N026854,UGAGAUCCAACUCUGAUCUUN,0,negative,train,GSE308686,URS0000ABD85F_9606,58
P073126,NNNNNNAUGCUAUGAUGACAU,1,positive,train,GSE308686,URS000065DBA2_9606,5
P064615,GCUCCAUGUGCGUCCCUCCCG,1,positive,train,GSE308686,URS0000734D8F_9606,114
P062764,UGUCGUGAGUGGCACACGUAG,1,positive,train,GSE136967,URS000000A142_9606,23
P065028,CCCCUGCCAUUUUCCCCCAAU,1,positive,train,GSE308686,URS000069B06F_9606,96
P071537,UGCUGUUCACAUAAUGAACCG,1,positive,train,GSE308686,URS0000A76DCB_9606,40
N024512,NNNNNNNNNNUCUAGGUAUGG,0,negative,train,GSE279647,URS0000D54BB6_9606,1
N015714,ACCGGCGUAUGAGUCUUGGAU,0,negative,train,GSE279647,URS0000676D30_9606,30
N025597,CUGCCUUUUUCAGACUUUUUU,0,negative,train,GSE279647,URS0002869D34_9606,75
P061711,UCGUUUGAGUCUCACGGCCAU,1,positive,train,GSE136967,URS00006D7506_9606,42
N003501,UAUUUCUCCAACAUAANNNNN,0,negative,train,GSE136967,URS00005A2612_9606,129
P072568,CUUGGCCUGAAAUUACUGUGA,1,positive,train,GSE308686,URS00003BC8C2_9606,31
P078779,UAUACAGCAGUACAUGCAGAG,1,positive,train,GSE279647,URS00007362AD_9606,45
N003845,CUGUGUCCCCGAACCAUUGCC,0,negative,train,GSE136967,URS0000647500_9606,78
N026817,GAGGCCAGGCGCAGUGGCUCA,0,negative,train,GSE308686,URS00006CEBFE_9606,135
P080943,AGCUCAAAACGCUUAGCCUAG,1,positive,train,GSE279647,URS000044DFF6_9606,139
P070143,ACAUUCCAGGGUGCUGUGGCC,1,positive,train,GSE308686,URS00006FB8B0_9606,72
N083536,CAUUCCGUAGUAAGACAGAGA,0,negative,train,GSE136967,URS00006FE7CD_9606,96
N004557,NNNNNNNNNUCGUCAGGUGGG,0,negative,train,GSE136967,URS000069D3EA_9606,2
P072277,AAUAACUCUGAGGAGANNNNN,1,positive,train,GSE308686,URS0000454FD5_9606,62
P070173,GCCCCCGGGGGCCUCAGCUCA,1,positive,train,GSE308686,URS00006D48F7_9606,70
P077356,NNNNNNNNNNGGGUCAUUUCA,1,positive,train,GSE279647,URS00003818BD_9606,1
N000608,GAGGAAUGAUGACAAGAAAAG,0,negative,train,GSE136967,URS0000633321_9606,14
N023337,UGUUUUCCUGGUGGCCCGGCC,0,negative,train,GSE279647,URS000075EE28_9606,91
P065092,UGCCUCCUUUGCCGGAGCUUG,1,positive,train,GSE308686,URS000013F331_9606,233
P076188,GCAAUCCGAGUUCGAAUCUCG,1,positive,train,GSE308686,URS000070F1D2_9606,53
N008672,CCUCUCAGUCCCUGAGACCCU,0,negative,train,GSE279647,URS00002A66E1_9606,17
P062529,UCGCUUCGGCAGCACAUAUAC,1,positive,train,GSE136967,URS000035C796_9606,15
P061619,AGGGCUCCAGUGGGCUCACGU,1,positive,train,GSE136967,URS00003E7565_9606,103
N083411,GGGACUACAGAUGAGAUCUGA,0,negative,train,GSE136967,URS000014FF3E_9606,77
N026384,NNNNNNNNUACUCUUCUCGGC,0,negative,train,GSE279647,URS0003275C9E_9606,3
P067943,CAACCCAGAACUCAUUGUUCA,1,positive,train,GSE308686,URS00002587B6_9606,83
N042778,UAUUAUUCUAUUCAUUUGCCU,0,negative,train,GSE308686,URS000061AA47_9606,108
N007504,AAACCGAAGAUCACGGGUUCG,0,negative,train,GSE279647,URS00001D9AFB_9606,46
P066320,UUUUUAUAUGCCCUUCUGAUC,1,positive,train,GSE308686,URS0000ABD812_9606,20
P071938,CACAAAGAUGAGUGGUGAAAA,1,positive,train,GSE308686,URS00006BA413_9606,218
P067532,GUUUCUCAUUUGCUGUGGACA,1,positive,train,GSE308686,URS00004AEC70_9606,39
P081584,CCCUGCAGUCUGCAGUGUUCU,1,positive,train,GSE279647,URS00006BA413_9606,116
N018455,GUUACUUCGAGUACAUUGUAA,0,negative,train,GSE279647,URS00006C57F3_9606,31
P071481,AUUGGGAUGUAUUCGUACUGU,1,positive,train,GSE308686,URS00008E3980_9606,55
P070303,CAUCUGGAGACUGCCUAGUAU,1,positive,train,GSE308686,URS00006F6999_9606,26
N003037,CCGGUUCGAUCCCGGGCGGAA,0,negative,train,GSE136967,URS00002B4CE5_9606,60
N019772,NNNNNNAGCACCAUGGCUUAG,0,negative,train,GSE279647,URS00006E1AD1_9606,5
N000484,CUGAACAUGAAGGUCUUAAUU,0,negative,train,GSE136967,URS00006B8984_9606,37
P070049,AAGACAGAGCUGUGCUUCCCC,1,positive,train,GSE308686,URS000000D517_9606,137
N004159,GCGUGGCCGAGCGGUCUAAGG,0,negative,train,GSE136967,URS00001B506A_9606,15
N020285,AGGAACUGAUUGGUCUUUACA,0,negative,train,GSE279647,URS00006F4229_9606,22
P061456,CUGGGGCACAAGAACCGCCUG,1,positive,train,GSE136967,URS0002869C6B_9606,175
P072268,UGAGAGAUGGUGAUGACAUUU,1,positive,train,GSE308686,URS000052FCE0_9606,41
N009013,CGCCGCCGGCCGUGGGGAGCG,0,negative,train,GSE279647,URS00002FD64C_9606,61
P067783,CCCUGUCUUUGGACACGUAAG,1,positive,train,GSE308686,URS00000B589B_9606,38
P071074,CUCUUAUCUAUCACCCAUGAC,1,positive,train,GSE308686,URS00002F13BD_9606,58
P073977,NNNNNNNAUGCGAUGAUGAGU,1,positive,train,GSE308686,URS00005D7632_9606,4
N053966,AAUGGUUGGUGUCAGCAGGGA,0,negative,train,GSE308686,URS00006BA413_9606,175
P079916,UGCAGUGUUCUACUGUGAACU,1,positive,train,GSE279647,URS00006BA413_9606,126
P068030,CAGCUGUUCUUAUGGUAGCAG,1,positive,train,GSE308686,URS0000488BFE_9606,30
P075603,UUGACCCGGGUUCGAUUCCCG,1,positive,train,GSE308686,URS000034AAC2_9606,53
N016359,UGCCUGAUCUCAUCUGAUCUU,0,negative,train,GSE279647,URS0000688F51_9606,35
N019131,CGAUACAGAGAAGACUAGCGU,0,negative,train,GSE279647,URS00006D18CE_9606,47
N003367,UUCUUGGUUACGCUGUAGUGC,0,negative,train,GSE136967,URS0000018549_9606,49
N083199,GUAUUUUCAGUACUCUGGCUU,0,negative,train,GSE136967,URS0000A92109_9606,17
P070100,AGCUGGUUGGCAUUCUGGCCC,1,positive,train,GSE308686,URS0000ABD80F_9606,85
N022193,UCAUCCAUUACACUCCAGAUG,0,negative,train,GSE279647,URS000072BCFD_9606,69
P057622,GUUUCUCUGAACGUGUAGAGC,1,positive,train,GSE136967,URS0000650B1E_9606,57
P057726,UGAUGAUCGUUCUUCUCUCCG,1,positive,train,GSE136967,URS0000650B1E_9606,168
N042746,GGUCAAUUCAUUAGAAAGAAA,0,negative,train,GSE308686,URS0000599BEA_9606,122
P073584,CUUUCUGAACAUCNNNNNNNN,1,positive,train,GSE308686,URS0000066733_9606,69
P062208,UCCCACGCGGGAGACCCGGGU,1,positive,train,GSE136967,URS00004BF687_9606,42
N008980,CACGCCCUCAUAAUCAUUUUC,0,negative,train,GSE279647,URS00002EDD4B_9606,154
P073468,NGUAGAAAGAUUUGUGGUUGC,1,positive,train,GSE308686,URS000075DF00_9606,10
P061756,UCAGGUCGCAGUCUCCCCUGG,1,positive,train,GSE136967,URS00000FB60D_9606,44
P057643,ACCGAAAACCCCGAGGAAGAG,1,positive,train,GSE136967,URS0000650B1E_9606,78
P062575,GACUCCACAUGCACUACCAUC,1,positive,train,GSE136967,URS00006F4F8C_9606,66
N082965,GGGAGCGGACUUCCGCUGUUU,0,negative,train,GSE136967,URS0000EB4911_9606,33
P060489,UGGCCUCUGUGCCCGUAGGCU,1,positive,train,GSE136967,URS0000647500_9606,99
N026891,CAAUUCCCGGCCACUGCANNN,0,negative,train,GSE308686,URS00006B479B_9606,64
N083371,CCUAAGCUUGUCGCAAAAAAG,0,negative,train,GSE136967,URS00023473A4_9606,915
P062906,CUACCUACAUUGUUUGAUCCU,1,positive,train,GSE136967,URS00006283BD_9606,33
N002144,UAAGGUCCGUGUUUCUGAAAC,0,negative,train,GSE136967,URS000062F4C6_9606,32
N011957,UACAACUAAUUGAUCACAACC,0,negative,train,GSE279647,URS00005CF03F_9606,35
P064818,CAAUAUGGUGACCUCCCGGGA,1,positive,train,GSE308686,URS00003ACFC1_9606,139
P072795,NNNNNNNNNGGUCAAUGAUGU,1,positive,train,GSE308686,URS00000A3335_9606,2
P073875,CAAAAUCAAGUGCACAGGGGC,1,positive,train,GSE308686,URS00006A5FBC_9606,88
N005168,AACACAAAGCACCCAACUUAC,0,negative,train,GSE279647,URS000000A699_9606,24
P082101,GACUCAAGGUAAGCACCUUGC,1,positive,train,GSE279647,URS0000735371_9606,41
N045101,CUCUGUGGCUUAGUUGGCUAA,0,negative,train,GSE308686,URS0000231E4E_9606,13
N022622,UGUAAUGGUAAGCACCCUGGA,0,negative,train,GSE279647,URS000074C9DF_9606,21
N014490,UUCCAUCUUCACUCCCACUGC,0,negative,train,GSE279647,URS0000657CF7_9606,74
P064200,AUCGGUUGCAAUGCUGUGUUU,1,positive,train,GSE308686,URS00002B6637_9606,29
N002431,UGUUGUUUGCUUCAAUCGGUG,0,negative,train,GSE136967,URS0000634EB5_9606,111
N008040,AUUGGACUUCUAGAUAGUUAG,0,negative,train,GSE279647,URS0000225EE1_9606,36
N007100,GUUCCGUUUAGUAGAUGAUUG,0,negative,train,GSE279647,URS0000184017_9606,31
N017346,CUUCCUUCUCACUACUGCACU,0,negative,train,GSE279647,URS00006A9CD9_9606,72
N004642,GAUUUUGAAUAAGGGUUGGCA,0,negative,train,GSE136967,URS0000A7E217_9606,121
N016025,NAGCUCUCAGCCUUUUGACUA,0,negative,train,GSE279647,URS000067E18A_9606,10
P068678,AGGGCUCUGGCCCCCUCGGCG,1,positive,train,GSE308686,URS00000CC074_9606,77
P064354,UUGCCCACAAGGAGGUAACUA,1,positive,train,GSE308686,URS000075B243_9606,54
P069850,GAAAGGUUGCUGUGUUUGGAG,1,positive,train,GSE308686,URS00005B5A80_9606,82
P065746,GAAAUAUAGUAGCUUUCUGUU,1,positive,train,GSE308686,URS0000466492_9606,74
P067161,UUUGAGCUUGCUAUAGCAAGA,1,positive,train,GSE308686,URS00000F8A5F_9606,53
P064627,CAAGCUUCCAAGACUCCAGAC,1,positive,train,GSE308686,URS0000734D8F_9606,279
P061550,CACGUGUUAGACUGCUGACGC,1,positive,train,GSE136967,URS00006F39E7_9606,35
P074700,GCAAUCUCUGUGUGGUUCUGA,1,positive,train,GSE308686,URS000030BA79_9606,72
P062103,GCAAUAUAGUCGGCACUGGCA,1,positive,train,GSE136967,URS00003F07BD_9606,108
N024896,CGGGGCGCCGCGGGACCGCCC,0,negative,train,GSE279647,URS0000EF4464_9606,22
P082900,GUAAAAUGGCUGAGUGAAGCA,1,positive,train,GSE279647,URS0002311975_9606,50
P071313,GGAGCCACUUGGUCCCUGACC,1,positive,train,GSE308686,URS000062A15C_9606,80
N054970,UUGAUUAGGGUGCUUAGCUGU,0,negative,train,GSE308686,URS00004206E2_9606,25
N005961,UAAUAACACUUUAGCUCUAGA,0,negative,train,GSE279647,URS00000A3335_9606,58
P062933,CCAGAGAACGGGGCUCCGCGC,1,positive,train,GSE136967,URS000013F331_9606,153
N003288,UGAAUGCCAACCGCUCUGAUG,0,negative,train,GSE136967,URS0000830239_9606,58
P061901,NNNUGAUGACUGUUCUUCCUG,1,positive,train,GSE136967,URS00006868E5_9606,8
N000229,UCGAGUCCCGGCGGAGUCGNN,0,negative,train,GSE136967,URS000047CD44_9606,65
P076566,GGUUAUCACAUUCGCCUCACA,1,positive,train,GSE308686,URS00002B4CE5_9606,27
P058668,CGAGGCGCGAUUAUUGCUAAU,1,positive,train,GSE136967,URS0000149178_9606,52
N007878,CGAUCCCCAGCAUCUCCANNN,0,negative,train,GSE279647,URS0000209048_9606,65
N002141,UGUUCCUGGUAUUGAUUGCAU,0,negative,train,GSE136967,URS00006B01A6_9606,16
P059844,CAUCGUUGGAAACGCCUCAUA,1,positive,train,GSE136967,URS0000202A89_9606,51
P074541,GGUUGUCUUUGAAGAAAUAAU,1,positive,train,GSE308686,URS000075BEB6_9606,53
N003675,CUGUGCCGAAAGCAUGGGAAC,0,negative,train,GSE136967,URS000063C47F_9606,116
N008951,CUUAAUGGCACAUGCAGCGCA,0,negative,train,GSE279647,URS00002EDD4B_9606,75
P062441,CACCCCAGGACCUUUGACACC,1,positive,train,GSE136967,URS00006611EB_9606,63
P065406,CUCAGUUCUAACAGGGUAGUC,1,positive,train,GSE308686,URS00001B2620_9606,42
P077641,GAGGAUCGCUUGAGUCCAGGA,1,positive,train,GSE279647,URS000233AD7D_9606,146
P073860,ACCACUCAGUAUCACCCUGGU,1,positive,train,GSE308686,URS00006A5FBC_9606,65
N020649,UACCACUCUGAAGGUGCCUGA,0,negative,train,GSE279647,URS00006FD937_9606,22
N003148,GCUGACAGCACACGNNNNNNN,0,negative,train,GSE136967,URS00006A38AA_9606,83
P079195,NNNNNNAUCUCUGGUUUCUCU,1,positive,train,GSE279647,URS0000759ECB_9606,5
N018999,ACUGUAGCCAGUCUCUUCUGA,0,negative,train,GSE279647,URS00006CE795_9606,32
P062049,GAGCAUUUGACUGCAGAUCAA,1,positive,train,GSE136967,URS00004131B6_9606,31
P075124,AUGUGUGAGGCCCCGGGUUCG,1,positive,train,GSE308686,URS00006C133C_9606,46
N042125,GCCCUAAGUGCUCCUUCUGGC,0,negative,train,GSE308686,URS00003B0CDB_9606,60
P058490,UAAACUUUGGGACAUUAAAAU,1,positive,train,GSE136967,URS000061AA47_9606,59
P074702,UGAUGCAAUCUCUGUGUGGUU,1,positive,train,GSE308686,URS000030BA79_9606,68
P058457,AGAUCUGAAAUCUUAGUGGUA,1,positive,train,GSE136967,URS000014FF3E_9606,90
N023261,NNNNNNNNGUGGGUAGGGUUU,0,negative,train,GSE279647,URS000075D553_9606,3
P076216,CGUGGCCUAAUGGAUAAGGCG,1,positive,train,GSE308686,URS00006D69C0_9606,16
N021528,UUUUAUGGCCACACUACUCUG,0,negative,train,GSE279647,URS000071AD91_9606,11
P082502,GAAGCUAAGCAGGGUCGGGAC,1,positive,train,GSE279647,URS000068881D_9606,58
P064718,UGCGCGCUCGGUCGAAGAGGA,1,positive,train,GSE308686,URS0000734D8F_9606,139
N021056,AACCGAACGGUGAGUAGUUCA,0,negative,train,GSE279647,URS000070D4B4_9606,48
P064353,AAGGAGGUAACUAUACGACCU,1,positive,train,GSE308686,URS000075B243_9606,62
P063201,AGGAUGAGAACUCUAAUCUGA,1,positive,train,GSE136967,URS0000708227_9606,17
P070353,GGGUGUUCAAAGGUCAGUGCU,1,positive,train,GSE308686,URS00003A960A_9606,52
P071804,CACGUCCUGCUCUUGGUCCUU,1,positive,train,GSE308686,URS000043549A_9606,45
P060304,ACCUUUGGAAUAACUAUGAAA,1,positive,train,GSE136967,URS00006ADC79_9606,35
N024225,AGUUAAAGACUNNNNNNNNNN,0,negative,train,GSE279647,URS0000ADBB65_9606,58
N012988,AGGCCCAGUUAGUACUUGGAU,0,negative,train,GSE279647,URS00006359EA_9606,74
P073142,ACAUCCAUAUGGUUUCGCUGC,1,positive,train,GSE308686,URS000065DBA2_9606,22
P067895,CAGUGGGCUAUACCACUUAGU,1,positive,train,GSE308686,URS000000AB5A_9606,97
N006175,GUUCUGGUGGUACCCAUGCAA,0,negative,train,GSE279647,URS00000CBE63_9606,38
P062842,ACGUAUCCAGAGUGAUGCAGC,1,positive,train,GSE136967,URS00006FB8B0_9606,98
N026482,UGGAUGGGAGAAAUUAUAAGG,0,negative,train,GSE279647,URS00032DF58C_9606,92
P067821,NNNAUCGAGGCUAGAGUCACG,1,positive,train,GSE308686,URS00002BF97D_9606,8
P059425,CUUGAGUGCUAGAAUGAUGAG,1,positive,train,GSE136967,URS0000361A8E_9606,41
N029445,UAUUCUCGCUGUUCUGAUUUU,0,negative,train,GSE308686,URS000042BEC6_9606,18
N005225,NNNNNNNUGAGGUAAAAUGGC,0,negative,train,GSE279647,URS0000013E6C_9606,4
P058646,AAUAUAGUCGGCAUUGGCAAU,1,positive,train,GSE136967,URS0000149178_9606,110
N007551,GCGACAGAGUGGUUCAAUUCC,0,negative,train,GSE279647,URS00001DA281_9606,65
N020185,AGUCUUUUGCGAUGAAUACGU,0,negative,train,GSE279647,URS00006F0FAC_9606,41
N019012,NNNNNNNNNAUGCUUGCUUCG,0,negative,train,GSE279647,URS00006CFC28_9606,2
N028389,GGUUAUGCUUCCAUCACAGUA,0,negative,train,GSE308686,URS00004ACFCF_9606,82
N024528,CUACGACCAUACCACCCUGAA,0,negative,train,GSE279647,URS0000DA5E3A_9606,13
N026007,ACCACCCUGAACAUGCCCAGU,0,negative,train,GSE279647,URS000312137C_9606,23
P064126,UGGGAGGCUGAUGUGAGUAGA,1,positive,train,GSE308686,URS000075A325_9606,40
P078921,UAACUAAAACCCCUACGCAUU,1,positive,train,GSE279647,URS000044DFF6_9606,885
P075497,CACGUGGGAGACCCGGGUUCA,1,positive,train,GSE308686,URS00007131F2_9606,45
P066673,UCUACACUCAGUGCUCGGGAA,1,positive,train,GSE308686,URS000075A77B_9606,87
P082410,CAUGUUCGCCUCACACGCGAA,1,positive,train,GSE279647,URS000047A6CE_9606,38
P059224,AAAUAAGUACGGAUUCGGCUU,1,positive,train,GSE136967,URS00006F8A66_9606,53
N007050,AGCACAUAAUGGUUUGUGGAU,0,negative,train,GSE279647,URS0000171CD1_9606,28
P074049,GUCACAAUGCUGACACUCAAA,1,positive,train,GSE308686,URS00006A38AA_9606,60
N002968,AUGUCCAGGCAGGGGGGACAG,0,negative,train,GSE136967,URS0000285CCB_9606,44
N014650,NNNNNGUAGUUACCUGGGAGG,0,negative,train,GSE279647,URS000065A7DE_9606,6
N025891,NNNNNAUACUUUCUUGGCCUU,0,negative,train,GSE279647,URS000305EF31_9606,6
P082433,NAUAUUUACUUGGCAGGGGAG,1,positive,train,GSE279647,URS0000308A28_9606,10
P080078,AGGAGUGAGCAGGGCUCCAGU,1,positive,train,GSE279647,URS00003E7565_9606,93
P072935,AGCGCUCUGACCNNNNNNNNN,1,positive,train,GSE308686,URS00002E0EE8_9606,62
N011568,UGUCCUUUUUCGGUUAUCAUG,0,negative,train,GSE279647,URS000058D5C7_9606,11
P077371,UGAAGGCUACAAAGUAAGCGC,1,positive,train,GSE279647,URS000044DFF6_9606,647
P074112,ACAACAUUUUUCUGAUGUUNN,1,positive,train,GSE308686,URS000051B5A1_9606,57
P062039,NNGGUCCUGGUGAUGACAGAU,1,positive,train,GSE136967,URS000065235D_9606,9
P069953,AUGUACAAGUCCCUUUCCACA,1,positive,train,GSE308686,URS00000DE3E2_9606,92
N012838,AUCUCAAAAGCUAAGCAGGGU,0,negative,train,GSE279647,URS0000632BBF_9606,51
N020131,AUCCUGAACACGCCCAAUCCC,0,negative,train,GSE279647,URS00006EF30C_9606,26
N003371,GGCCAGUGGCGCAAUGGAUAA,0,negative,train,GSE136967,URS00002DDD59_9606,12
P058582,AAAUCUUUCGCCUUUUACUAA,1,positive,train,GSE136967,URS0000673862_9606,38
N018416,AUUGUGAUGAGGGCGUCAAAC,0,negative,train,GSE279647,URS00006C38E6_9606,84
P076274,NNNNNNNNGCUGUGAUGGCCG,1,positive,train,GSE308686,URS00001C3F54_9606,3
P062452,UGGGCUCUGAUCACCCCUGAG,1,positive,train,GSE136967,URS00006611EB_9606,33
N020867,CUUGGAUGGGAAAAAUAGAGA,0,negative,train,GSE279647,URS0000704DFD_9606,92
N000407,GGUUCGAAUCCCACUCCUGAC,0,negative,train,GSE136967,URS000042F13F_9606,72
N001594,UUAGACUGAAGAUCUAAAGGU,0,negative,train,GSE136967,URS000029CCC5_9606,37
N000628,GAUCUGACUCAAUAUUCGUCA,0,negative,train,GSE136967,URS0000679D94_9606,56
P073938,GUUCAAUCCAACCCUGAGCUU,1,positive,train,GSE308686,URS00006292A1_9606,61
N015138,NNNNNNUAUCCUGGUUUCUCU,0,negative,train,GSE279647,URS0000665853_9606,5
N011578,UAACUCAUGCCCCCAUGUCUA,0,negative,train,GSE279647,URS0000595B38_9606,33
N010843,ACCGCUCUGAGNNNNNNNNNN,0,negative,train,GSE279647,URS00004B1F4D_9606,69
N003496,CUUUUAGUGAAGUGGAUCAAU,0,negative,train,GSE136967,URS00002E82E5_9606,26
P057988,UUCUUACACUGACUGUAUAGA,1,positive,train,GSE136967,URS00004F2BDE_9606,39
P060790,UGGUUGUAGGGAACUAGCUAU,1,positive,train,GSE136967,URS00008E3964_9606,132
P058352,CGGUGGGGAAGCCAACCUUGG,1,positive,train,GSE136967,URS00003941F3_9606,55
N030787,AGCAGCCAAUAGCUGGUUGGC,0,negative,train,GSE308686,URS0000ABD80F_9606,75
P074473,NNNNNNNNNGCCAUAUGAUGU,1,positive,train,GSE308686,URS00002B7232_9606,2
P068832,GCAUGGUAGGCACUGGCCCAG,1,positive,train,GSE308686,URS00001FC3CF_9606,43
N057174,GCAGGAGGCCCAGGUUUGAUU,0,negative,train,GSE308686,URS00006D4584_9606,48
P073867,GUGAUACAGGCACCACUCAGU,1,positive,train,GSE308686,URS00006A5FBC_9606,54
P066378,GUUCUAAGUGCUUCCAAGAUA,1,positive,train,GSE308686,URS00005F2496_9606,40
P065545,CCUAAAGUAAAUUCCCGGAAG,1,positive,train,GSE308686,URS000015F227_9606,90
P077375,CAAAACUCCCGUGCUGAUCAG,1,positive,train,GSE279647,URS000014C5D2_9606,224
N004082,AUACACACUUGCCCUCACUUA,0,negative,train,GSE136967,URS000075AA41_9606,25
P064967,GUUGCGCUACUGUCCAAUGAG,1,positive,train,GSE308686,URS000075ADBA_9606,29
N004479,NNNCCCUCCUACAAAGGCAUG,0,negative,train,GSE136967,URS00006C5E80_9606,8
P073466,AGAUUUGUGGUUGCUGUGAUG,1,positive,train,GSE308686,URS000075DF00_9606,17
P067784,NNNNNUCCUCCUACAAAGGCG,1,positive,train,GSE308686,URS00000B589B_9606,6
P060278,GGGACUUUUUGUUGCCUGUAA,1,positive,train,GSE136967,URS00006276F4_9606,30
P075413,GGGUUCGAUUCCCGGCCAGGG,1,positive,train,GSE308686,URS000064074C_9606,60
N017934,CCAUCUCACAAAGAUGAGUGG,0,negative,train,GSE279647,URS00006BA413_9606,212
P080953,UAUCUGAUAUGUUCUCUAUCC,1,positive,train,GSE279647,URS00006B76FA_9606,68
N017602,GAUCUUGGAAACUAAGCAGGG,0,negative,train,GSE279647,URS00006B0A14_9606,51
P064949,NNNNNNAUCGCUUCUCGGCCU,1,positive,train,GSE308686,URS00003EE995_9606,5
N012374,UGCAAUGGUAUUUACAACUAA,0,negative,train,GSE279647,URS0000625E5C_9606,23
P064428,AGGCUGAGGUAGUAGUUUGUA,1,positive,train,GSE308686,URS00003DBD40_9606,11
P074679,UAAUUCAUCACUGAUACUCCU,1,positive,train,GSE308686,URS000075D383_9606,67
P080645,CUCAGUUGGUAGAACAUCAGA,1,positive,train,GSE279647,URS00006CC2CC_9606,21
P058189,NNNNGUGCAAUGAUGUAUUUU,1,positive,train,GSE136967,URS00005BBB0D_9606,7
P082701,CACUCUCCCCAGGCUCUGUCC,1,positive,train,GSE279647,URS00006422E6_9606,35
N055589,GACAAAUGAAAAAAUGCCUUU,0,negative,train,GSE308686,URS000075E781_9606,39
P061150,UUCUUCCUGAGCACGCUCAUG,1,positive,train,GSE136967,URS0000759F56_9606,47
N025532,UAAAUUAUGAUNNNNNNNNNN,0,negative,train,GSE279647,URS00026652DB_9606,50
P073893,CCAUCUGACUCACANNNNNNN,1,positive,train,GSE308686,URS00006A5FBC_9606,108
P064186,GGAGAUGGCGCAGGGGACACG,1,positive,train,GSE308686,URS00006A5378_9606,16
P058209,CCUUCUUGUAUAAGCACUGUG,1,positive,train,GSE136967,URS000075EAF7_9606,15
N013277,GCUUGCUUCAGCAGCACAUAU,0,negative,train,GSE279647,URS000063AB0D_9606,13
N023230,AGUGGGGCUCCCGGGACGGCG,0,negative,train,GSE279647,URS000075C987_9606,14
N001930,AGAUGAGAAAGCACAUAUCCC,0,negative,train,GSE136967,URS00006276F4_9606,75
P081143,CAUAAAACUUAAAACUUUACA,1,positive,train,GSE279647,URS000003C478_9606,38
P065101,GGGGCCCGGCGGAUGCCUCCU,1,positive,train,GSE308686,URS000013F331_9606,220
N002657,NNNNNNNNUGGCGUCCAUGAU,0,negative,train,GSE136967,URS00006283BD_9606,3
P072596,NNNNNNNNNNUUGCCAAUGAU,1,positive,train,GSE308686,URS0000215639_9606,1
N024380,NNGGCCGGUUAGCUCGGUUGC,0,negative,train,GSE279647,URS0000C8E9DE_9606,9
N022788,CACUUCUGACANNNNNNNNNN,0,negative,train,GSE279647,URS0000753A37_9606,107
N083405,UUCAUGAGCGUGAUGACUGAG,0,negative,train,GSE136967,URS00006F0C1B_9606,23
N000849,UAAAACCCAGAGAAGAGACUG,0,negative,train,GSE136967,URS00006810EA_9606,75
P058427,UUGUCUGCCUGGCGGGAAGGU,1,positive,train,GSE136967,URS0000706530_9606,97
N019507,ACCUGCCUGAUCUCAGAAGCC,0,negative,train,GSE279647,URS00006DC26B_9606,34
N020522,AAGCUGAUAACCUGAAGAAAA,0,negative,train,GSE279647,URS00006F8A66_9606,34
N012269,UUAAUGGAUAAGGUGUCUGAC,0,negative,train,GSE279647,URS0000622C87_9606,23
P062232,UGAUCUCUACACUAUUGGCCA,1,positive,train,GSE136967,URS00006B5455_9606,60
P074693,AUGGUUUUAUUCAUAUCGUCU,1,positive,train,GSE308686,URS000030BA79_9606,25
N003687,UCUGGAGUCACAACUNNNNNN,0,negative,train,GSE136967,URS00006810EA_9606,118
N005304,AUCAUUGGUCGUGGUUGUAGU,0,negative,train,GSE279647,URS0000021028_9606,46
N012871,CCUGGUUAGUAUUUGGAUGGG,0,negative,train,GSE279647,URS00006338FF_9606,77
P058385,AAUUAGCAGUAUAACUAUAAA,1,positive,train,GSE136967,URS000033A30E_9606,87
N004449,GAAAUCCAUUGGGGUUUCCCC,0,negative,train,GSE136967,URS000024B38F_9606,45
P071590,NNUCACUAUGAUGAUUGGUUG,1,positive,train,GSE308686,URS0000080E9E_9606,9
P067075,UGCUUUAAGAGGCUAACACAG,1,positive,train,GSE308686,URS00006810EA_9606,34
N056285,CGUUCCUGUGAUGGUGUUACA,0,negative,train,GSE308686,URS000000D517_9606,43
P061771,AUCUCAGUGAUGCAAUCUCUG,1,positive,train,GSE136967,URS0000A7E217_9606,61
N014733,UGCAACAGAGUUGGUCCUGGU,0,negative,train,GSE279647,URS000065E81E_9606,62
P072958,CGCAGCGCUCUGACCNNNNNN,1,positive,train,GSE308686,URS00002E0EE8_9606,59
P072660,AGGGAGAGAGAUGAGAGCCUU,1,positive,train,GSE308686,URS00003640C3_9606,48
N037188,GUCUUUACAGAGGUAUAUUUA,0,negative,train,GSE308686,URS00004640CB_9606,108
N008084,AUCGAUGAUGACUUAAAAAAA,0,negative,train,GSE279647,URS000022BCB9_9606,13
P061993,CUCGGCUCUGCAUAGUUGCAC,1,positive,train,GSE136967,URS0000210FD6_9606,16
N017552,AUCACUGUUCUGGUGGUGUCU,0,negative,train,GSE279647,URS00006AFD10_9606,103
P082435,GCUUCUCAUUCCUUGGGAGCA,1,positive,train,GSE279647,URS00005A2612_9606,29
N026456,CUGAACGCGCCUGAUCUCAUC,0,negative,train,GSE279647,URS00032CD4A4_9606,29
P074599,GCCCCCCGGGACCUUUGACAC,1,positive,train,GSE308686,URS000075DD61_9606,65
N016889,ACAAUACAGAGAAAAUGAGCA,0,negative,train,GSE279647,URS00006999DB_9606,46
P071240,NNUGGAAAAGACAAUGAUGUU,1,positive,train,GSE308686,URS000075AF9C_9606,9
P074450,ACUGCCUUCCUUCUGAGAACA,1,positive,train,GSE308686,URS000054DD16_9606,83
N005501,NNNNNAUCAGAGAAAAAGUCU,0,negative,train,GSE279647,URS0000047107_9606,6
N009970,UCUCGCUCUCUGCCCCUCAGC,0,negative,train,GSE279647,URS00003DAB6F_9606,70
N022656,UCGGUUAGUGCCUUCGGCUGU,0,negative,train,GSE279647,URS000074D670_9606,26
N017485,NNNNNNNNNNGGCUAGUCCAA,0,negative,train,GSE279647,URS00006AD478_9606,1
P073605,GACUGAGGCUUNNNNNNNNNN,1,positive,train,GSE308686,URS000053336F_9606,83
P065971,CGACUGACCUUUGUAACUAUG,1,positive,train,GSE308686,URS000075BDDC_9606,311
N006172,NNNNNNNNNCUGUGGUGCAUU,0,negative,train,GSE279647,URS00000CBE63_9606,2
P063507,UGUUUUUUUUGAUUGCUUGAA,1,positive,train,GSE136967,URS0000446770_9606,25
P057629,CUGAACGUGUAGAGCACCGAA,1,positive,train,GSE136967,URS0000650B1E_9606,63
P060393,GCGCGCGGCGCGAUUCCCUGA,1,positive,train,GSE136967,URS00004416C5_9606,403
N020730,CAGCUUCCUUGGUAGUGUAUG,0,negative,train,GSE279647,URS00006FFE91_9606,78
P080823,NNNNNNNNNNAGGUGAUUCUU,1,positive,train,GSE279647,URS0000ABD812_9606,1
N008598,AUUUUUGAUUUUGCCUUUAUG,0,negative,train,GSE279647,URS00002982D8_9606,88
N024240,NNCAGCUUCUUUACAGUGCUG,0,negative,train,GSE279647,URS0000B33886_9606,9
N014257,GGUCUCAUCUGAUCUCAGAAG,0,negative,train,GSE279647,URS000065217D_9606,41
P082100,GCAGUCUGCAGUGUUCUACUG,1,positive,train,GSE279647,URS00006BA413_9606,120
P066758,GCACAUCGUUGGAAACGCCUC,1,positive,train,GSE308686,URS0000202A89_9606,48
P061962,GGAUGGGCCUUACUGUGGCCU,1,positive,train,GSE136967,URS0000210FD6_9606,98
P059467,GGGCUCUGUCCAAGUGGCGUA,1,positive,train,GSE136967,URS00004A4D73_9606,45
N003370,CUGCGUUCGUGCUUUCCCCUG,0,negative,train,GSE136967,URS00006CA71A_9606,155
P076271,NNNNNNNGGGUGUAUGGCUCA,1,positive,train,GSE308686,URS0000450772_9606,4
P058682,AGUCAGGACAGGCUAAACAUU,1,positive,train,GSE136967,URS00002C6D40_9606,44
N017147,GGAGACUUCCUGGGAAUAUAA,0,negative,train,GSE279647,URS00006A4CA5_9606,97
N018595,GCACCUGACUGUACUUCCAGG,0,negative,train,GSE279647,URS00006C8370_9606,24
N022073,AAAGUGUGAGAGGGUGGCUGG,0,negative,train,GSE279647,URS000072969D_9606,164
P068464,UGUGGAUGAAUCUUGAACUGA,1,positive,train,GSE308686,URS000075B5A7_9606,35
N083116,AGUGUUGUUUUUUCCCCCGCC,0,negative,train,GSE136967,URS000075BA3A_9606,48
N022681,NNNNNUCCUUGUUACUAUAGU,0,negative,train,GSE279647,URS00007501FD_9606,6
P072975,NNNNNNNNNNUGCUCUGAUGA,1,positive,train,GSE308686,URS00003B08B2_9606,1
N007048,UGGAGUAAAGUAGCAGCACAU,0,negative,train,GSE279647,URS0000171CD1_9606,14
N016789,GGGGUGGUCUCAGCCCACUCC,0,negative,train,GSE279647,URS0000696CDC_9606,27
P068027,UGGUAGCAGUUGUGGCAUUCC,1,positive,train,GSE308686,URS0000488BFE_9606,42
N002756,AGACCCAUCUCACAAAGAUGA,0,negative,train,GSE136967,URS00006BA413_9606,208
P077906,UAUGAAACUUAAGGGUCGAAG,1,positive,train,GSE279647,URS000044DFF6_9606,761
P059189,GCAAGUUUUCGCUAACACCAC,1,positive,train,GSE136967,URS0000716F59_9606,92
N039791,GCUCUGCCACAUUUNNNNNNN,0,negative,train,GSE308686,URS000027BAE7_9606,134
P082120,NNNNNNNNNGGUGACGCGUGC,1,positive,train,GSE279647,URS0000EEC692_9606,2
P057833,AGCAAAUGCUGACUGAACAUG,1,positive,train,GSE136967,URS00006B8984_9606,25
P061041,UGCAGCGAUCCUACAUAAAUA,1,positive,train,GSE136967,URS0000648DBA_9606,71
P069999,UCCAGCGGUUGUCAGCUAUCC,1,positive,train,GSE308686,URS0000148398_9606,12
N012328,CAGCUAUGCCACCCUGAACAC,0,negative,train,GSE279647,URS0000624BAB_9606,16
P061316,GGGUUGUUCUUCAUGUGGAUG,1,positive,train,GSE136967,URS000063C47F_9606,92
P076393,GCUUAGUUGGUUAAAGCGCCU,1,positive,train,GSE308686,URS00000A1A88_9606,20
N003079,GUGGCGCAGCGGAAGCGUGCU,0,negative,train,GSE136967,URS000030BAD5_9606,17
P064174,UGGUGGCUCGAGGCGGGGGUG,1,positive,train,GSE308686,URS000075AFFE_9606,16
P080462,UUGCUUGUCAGCCUUUUGGCU,1,positive,train,GSE279647,URS0000720706_9606,12
P073184,UGCCUCUUUUCUCUUGGCUGU,1,positive,train,GSE308686,URS00006C2FB0_9606,60
P071787,NNNNNCUUCGAUGAAGAGAUG,1,positive,train,GSE308686,URS00003A9200_9606,6
P068235,CCAUGCCUGGUUCAUGCCUUG,1,positive,train,GSE308686,URS0000438819_9606,116
P081414,NNNNAUCCCCUCUCAGCCUUU,1,positive,train,GSE279647,URS0000655B05_9606,7
P071372,AUGUAAUAGAUUUUAUUACUA,1,positive,train,GSE308686,URS000075CB76_9606,48
N001250,AGACAUACUUUAAAAACUGGC,0,negative,train,GSE136967,URS00006F5B60_9606,51
N052926,UUGGAUCCUGUCUGGAGUCAC,0,negative,train,GSE308686,URS00006810EA_9606,108
P058401,UCUUUUAUGUGAGUAGUGUUA,1,positive,train,GSE136967,URS000033A30E_9606,34
N025159,NNNNNNNNNNUGAGCUUAUUC,0,negative,train,GSE279647,URS000230EC2A_9606,1
N009785,NNNNNNNNUGUUCUAAGGUGC,0,negative,train,GSE279647,URS00003B0CDB_9606,3
P071651,NUCACUGUGAUGAUGGUUUUC,1,positive,train,GSE308686,URS000032B59A_9606,10
N019623,CUGCCCGAUCUCAUCUGACCU,0,negative,train,GSE279647,URS00006DFAFA_9606,29
P058387,AUUGAAGGCUAAUUAGCAGUA,1,positive,train,GSE136967,URS000033A30E_9606,77
N021550,GCUCAAGGUGAGGGGUGCUAU,0,negative,train,GSE279647,URS000071B780_9606,19
P066565,CAUCUGUGUCAUUAGGUGGCA,1,positive,train,GSE308686,URS000008230A_9606,50
P071292,AGAGCUUUGAAGGAGCCACUU,1,positive,train,GSE308686,URS000062A15C_9606,69
P076352,UGCUCUGCACACGUGGGUUCG,1,positive,train,GSE308686,URS000067AC87_9606,56
P058877,AGCUGGAAUUACCGGCAGAUU,1,positive,train,GSE136967,URS00006B6C71_9606,33
N020756,AGCAGGAUUGGGCCUGGUUAA,0,negative,train,GSE279647,URS0000700638_9606,65
N025554,NNNAAUAGUUUAAAUUAGAAU,0,negative,train,GSE279647,URS00026C576F_9606,8
P073421,NNNNNNNNNNCUGCGAUGAUG,1,positive,train,GSE308686,URS00004BB247_9606,1
P061854,AAGCUGACUCUGCUUUUAGCC,1,positive,train,GSE136967,URS00005172B7_9606,43
N056026,CCAAUCUCACAUAANNNNNNN,0,negative,train,GSE308686,URS00000B589B_9606,129
N014525,UCUGAUAUAUCCUCUGUCCGA,0,negative,train,GSE279647,URS0000658797_9606,70
P066568,GCGUUGCAGCUGUGGCUGCCG,1,positive,train,GSE308686,URS000008230A_9606,24
P080729,CUACCCCAGAAAACUACGAUA,1,positive,train,GSE279647,URS000044DFF6_9606,735
N018215,AGAACAAUAAAGAGAAGAUUA,0,negative,train,GSE279647,URS00006C1308_9606,43
N012769,UGAUUGAGUGUAGUGUGUGUU,0,negative,train,GSE279647,URS0000630BCD_9606,35
P069898,AAAGCUGGGCCUCGUGUCUGC,1,positive,train,GSE308686,URS00000DE3E2_9606,124
N025098,NNNNNNNGGAUAACAGCUAUC,0,negative,train,GSE279647,URS000222256E_9606,4
P059823,UGAAGCCUGUGUUGGUAGGGA,1,positive,train,GSE136967,URS0000830239_9606,21
N003005,GUCUUCAGAUGCCCACGUGGG,0,negative,train,GSE136967,URS00006561BE_9606,37
P068435,AGCAGGGCUCCAGUGGGCUCA,1,positive,train,GSE308686,URS00003E7565_9606,100
N013822,ACGAUGAAUGAUAUGUGUCUG,0,negative,train,GSE279647,URS000064A1E7_9606,49
P074886,GUUCUUGACGUUUUUCUCUCU,1,positive,train,GSE308686,URS00003B57B1_9606,61
N026385,AUAAUGAAUAAAUCUUUUUGC,0,negative,train,GSE279647,URS000327F219_9606,17
N016045,ACCAUACCUUCCUGAACGCAC,0,negative,train,GSE279647,URS000067F521_9606,18
P075134,GUAGAGCGCAUGCUUUGCAUG,1,positive,train,GSE308686,URS00001D4EE9_9606,28
P059613,AGGCAAACUGGGUGUUUGUCU,1,positive,train,GSE136967,URS00005F1DD0_9606,93
P063428,GGAUGAUUUUACGAACUGAAC,1,positive,train,GSE136967,URS0000197BB5_9606,17
P063122,AACUGGAUCUGACUGACUGUG,1,positive,train,GSE136967,URS00006292A1_9606,32
P059149,UGUUACGACGUGGGCACAUUA,1,positive,train,GSE136967,URS000064F355_9606,83
P071152,UUAGCUGGAUUAAUGAUGAGA,1,positive,train,GSE308686,URS000075EC44_9606,15
P071419,NNNNNNNNNUGUAAAUGAUGA,1,positive,train,GSE308686,URS0000359B05_9606,2
N003465,UGCAAAAAAUAAAUCCUCUUU,0,negative,train,GSE136967,URS0000717536_9606,60
P065591,NACGGUCUGGGGAAAGGCUCC,1,positive,train,GSE308686,URS000015F227_9606,10
N004394,NNNNNNNAGCAGAGUGGCGCA,0,negative,train,GSE136967,URS0000121433_9606,4
N004007,GAACAUUGAAACUGGCUAGGG,0,negative,train,GSE136967,URS000075B7FD_9606,11
N015425,CUUUGUUCUUUCUCCACCCCC,0,negative,train,GSE279647,URS00006729E8_9606,68
N004855,NNGGCUGGUUAGCUCAGUUGG,0,negative,train,GSE136967,URS0000626F0F_9606,9
P065658,UCCUUGGGAGCAGGAAUAUGU,1,positive,train,GSE308686,URS00005A2612_9606,38
P069571,AUUAAGCCGACUGAGUUCCUU,1,positive,train,GSE308686,URS00000D55EA_9606,20
N002765,AACUUGAGGCUAUGUAGCCUG,0,negative,train,GSE136967,URS00006BA413_9606,89
P061460,AGCUACGCGAGAGGCUGAGGU,1,positive,train,GSE136967,URS0002869C4C_9606,18
P076266,CCCGCGCAGGUUCGAAUCCUG,1,positive,train,GSE308686,URS000071DF37_9606,63
N009856,NNNNNUAUAUAGUUUAAACAA,0,negative,train,GSE279647,URS00003CA7FD_9606,6
P062923,CAGCGAAGUGAGUUCAAUGGC,1,positive,train,GSE136967,URS000013F331_9606,269
P060463,GCUGCGUUCUGUGGCACAGUU,1,positive,train,GSE136967,URS00003A9200_9606,78
P073937,AUGUGAAGCAAAUGAUGAUAA,1,positive,train,GSE308686,URS00006292A1_9606,12
N009073,GACGAGCCCUANNNNNNNNNN,0,negative,train,GSE279647,URS000030476B_9606,72
P071934,UGAAAUGAUGAUUCAGUUUAU,1,positive,train,GSE308686,URS00006BA413_9606,12
N042879,CAGCUCUCAACUGAACUGCUC,0,negative,train,GSE308686,URS0000013F57_9606,105
N019010,UAUGCCCUUUGGCUAAGAUCA,0,negative,train,GSE279647,URS00006CEC8E_9606,16
P061909,AAACACUUCUGUACCACUUCU,1,positive,train,GSE136967,URS00006B25F2_9606,68
P063865,UAAGGUGCAUCUAGUGCAGAU,1,positive,train,GSE308686,URS00003B0CDB_9606,16
P063042,CUUGUUCUACUCUUUCCCCCC,1,positive,train,GSE136967,URS0000103047_9606,74
P074992,GUGGGACGUGCACCCAGGACU,1,positive,train,GSE308686,URS00004A7003_9606,427
N028953,UUUUGCAGUCCUUANNNNNNN,0,negative,train,GSE308686,URS000036D40A_9606,66
N012880,AAUUUAACAUAGUGUCACUAA,0,negative,train,GSE279647,URS0000633947_9606,39
N007333,AAAAAUCGUGUUUACGAAGGU,0,negative,train,GSE279647,URS00001BC474_9606,29
P066726,AUGGGGCUUUUCCUGUAGCCU,1,positive,train,GSE308686,URS0000202A89_9606,27
P064397,UGUUCAGGAGAUAACUAUACA,1,positive,train,GSE308686,URS00004BFD1E_9606,59
P058684,AUUUUGUAAUAGUCAGGACAG,1,positive,train,GSE136967,URS00002C6D40_9606,34
N012277,GAUCAAGUAUAAUAUUCUUAU,0,negative,train,GSE279647,URS00006237CF_9606,35
P072315,ACUCUCUCUUUCUGAUGGAUU,1,positive,train,GSE308686,URS0000197BB5_9606,36
P075851,UCCGCGUGGGUUCGAACCCCA,1,positive,train,GSE308686,URS000064E10F_9606,64
P079517,AGACACAUCCAAAUGAGGCGC,1,positive,train,GSE279647,URS0000D56E44_9606,302
N023198,UUUCGUAAUCAGCAGCUACAU,0,negative,train,GSE279647,URS000075C381_9606,66
N000156,GUUUCAAGCAAAUUUUUUGAA,0,negative,train,GSE136967,URS00006729B1_9606,87
N026576,NNGUCUUUGGCCAUACCAUCU,0,negative,train,GSE279647,URS000338C3E2_9606,9
P078660,AAGCCGGCGUAAAGAGUGUUU,1,positive,train,GSE279647,URS000044DFF6_9606,291
N033151,AUGCUUAGCAUGCAUGAGGUC,0,negative,train,GSE308686,URS0000209048_9606,37
P065378,UUAGCUUGUGUUAUGGCCACU,1,positive,train,GSE308686,URS0000569A4A_9606,283
N021914,UACAGAUCAAACUCCUUGUUC,0,negative,train,GSE279647,URS00007255C0_9606,58
P057817,UGCGGGAUGCCUGGGAGUUGC,1,positive,train,GSE136967,URS00006ECA78_9606,130
P075614,GCUCAGUUGGUUAGAGCGUGG,1,positive,train,GSE308686,URS00006C8412_9606,20
N056307,UUUGGCUGCUUAGUUCUAGUC,0,negative,train,GSE308686,URS000000D517_9606,179
N022136,GGGUGUCUGAAUCAAAAAUUU,0,negative,train,GSE279647,URS0000729F65_9606,32
P078901,NNNNNNNGCCUUGGUGGUGCA,1,positive,train,GSE279647,URS00007131F2_9606,4
N020175,CUGGUGGCGUAUGAGUCUUUU,0,negative,train,GSE279647,URS00006F0FAC_9606,28
P076326,UCCCAUCCUCGUCGNNNNNNN,1,positive,train,GSE308686,URS00002034DC_9606,79
P082357,CCUUUCAUACUAUCUUUCUUU,1,positive,train,GSE279647,URS00008E3A5F_9606,83
P062660,GCUGUUCUGGGACCUCAGUAG,1,positive,train,GSE136967,URS0000552BBC_9606,96
P067080,UUCAAGUGGGGCAAAGGAAAU,1,positive,train,GSE308686,URS00005F1DD0_9606,57
N019378,CAUUGGCCUGGAUUGCAGUAC,0,negative,train,GSE279647,URS00006D8741_9606,158
P076844,AGAACGCAGCUAGCUGCGAGA,1,positive,train,GSE279647,URS0000005270_9606,51
N002515,CCUCCGGAGCUGGGGAUUGUG,0,negative,train,GSE136967,URS000059900F_9606,41
P067342,GGCAGUGGGGCCAGGAUUUGG,1,positive,train,GSE308686,URS000022C1CA_9606,37
N029632,CCGUGUUUCUGAAACACAUGA,0,negative,train,GSE308686,URS0000069864_9606,40
P059201,AGCGACCAAAGCCUGAUCUUU,1,positive,train,GSE136967,URS0000692106_9606,32
P070987,CGGAAUCUGAACAAAAUGAGU,1,positive,train,GSE308686,URS000075A82F_9606,43
N005001,AAUAUGUCUGAUAAAAGAGUU,0,negative,train,GSE279647,URS00000012EC_9606,14
P082504,CAAACAGCAAGCGGAUCUUGU,1,positive,train,GSE279647,URS00005357F7_9606,67
P072841,NNNNNNNNNNGUAGGGUGAUG,1,positive,train,GSE308686,URS0000010A7C_9606,1
P065473,AGAUAGAACAGGUCUUGUUUG,1,positive,train,GSE308686,URS00005172B7_9606,80
N017257,AUUAGCGCAAGUGGUAGAGUG,0,negative,train,GSE279647,URS00006A7FD7_9606,16
P073223,UACGCUAUUCUGAGCCNNNNN,1,positive,train,GSE308686,URS000004A26B_9606,58
N005004,AUAAAAGAGUUACUUUGAUAG,0,negative,train,GSE279647,URS00000012EC_9606,24
N005578,CCCAACUUACACUUAGGAGAU,0,negative,train,GSE279647,URS0000059DA7_9606,36
P070399,CUUGGCUUUGUGCUUGUUAAA,1,positive,train,GSE308686,URS00003A960A_9606,105
P071979,NNNNNNNNNNUCAAAAUGAUG,1,positive,train,GSE308686,URS0000069864_9606,1
N018776,UCUGAUCUUGGAAGUGAAGCA,0,negative,train,GSE279647,URS00006CAA05_9606,45
P060394,CGAGGGCGAGGUUCAGGCCUU,1,positive,train,GSE136967,URS00004416C5_9606,348
N032342,GUCUCUACAGCUCUGCCACAU,0,negative,train,GSE308686,URS000027BAE7_9606,125
P060114,AAUUCCGGCUCGAAGGANNNN,1,positive,train,GSE136967,URS0000233681_9606,67
N011375,CAGUCCUCUGUUAGUUUUGCA,0,negative,train,GSE279647,URS0000539083_9606,12
N056861,NNNUUCCUCUGAUGACUUCCU,0,negative,train,GSE308686,URS00006A65B9_9606,8
P060492,GCAUGGGUUUGGAUUUAUGAC,1,positive,train,GSE136967,URS0000647500_9606,11
P058882,GCAGAUUGUGUAGUGGUGAAC,1,positive,train,GSE136967,URS00006B6C71_9606,47
N025784,NNNNNNNNNNGCGAUCGCGGU,0,negative,train,GSE279647,URS0002A5663A_9606,1
N005254,GGCCCCAAAAAUUUUGGUGCA,0,negative,train,GSE279647,URS00000177BE_9606,45
P061121,UGGACAGAAGGGAUUUCUGAA,1,positive,train,GSE136967,URS000026D828_9606,34
N015063,AUGUCAUCUGAUCUCGGAAGC,0,negative,train,GSE279647,URS00006633F5_9606,43
P059181,GGCUACUGACUGGCCGAUGAA,1,positive,train,GSE136967,URS0000716F59_9606,39
P068114,CUAUAUUUAAACCUGUGGAUG,1,positive,train,GSE308686,URS0000018549_9606,15
P058073,UAAAUUUGACUGGCUUUUUNN,1,positive,train,GSE136967,URS0000007D24_9606,88
P077648,CCUACGCAUUUAUAUAGAGGA,1,positive,train,GSE279647,URS000044DFF6_9606,896
P072661,GCCUUUUAGGCUGAGGAANNN,1,positive,train,GSE308686,URS00003640C3_9606,64
N019614,UGGGCUUACUCCUCACAGGUG,0,negative,train,GSE279647,URS00006DF28D_9606,77
N083168,UUCUGAUCUGGGCACGGCCAC,0,negative,train,GSE136967,URS0000EB4911_9606,459
N021524,NNUGACUUACCUGGCAGGGGA,0,negative,train,GSE279647,URS000071AD14_9606,9
P068079,CCACUCAGCUUUCCUAUAAUG,1,positive,train,GSE308686,URS000002FDBC_9606,122
P076258,AGGCGAUGGACUAGAAAUCCA,1,positive,train,GSE308686,URS000038D8D3_9606,32
P075538,NNNNNGCACUGGUGGUUCAGU,1,positive,train,GSE308686,URS0000644222_9606,6
P071449,GUGGGCACAUUACCCGUCUGA,1,positive,train,GSE308686,URS000064F355_9606,92
N019123,UAAUAUCUGAUAUAUUCUCUA,0,negative,train,GSE279647,URS00006D1735_9606,65
N004946,UGGCUCUCUGUUGCACAGCUG,0,negative,train,GSE136967,URS0000018549_9606,81
P060824,UGGAUCUCAUCGGAAUCUGAA,1,positive,train,GSE136967,URS000071037B_9606,32
N038630,GACCCAGUGGCCUAAUGGAUA,0,negative,train,GSE308686,URS000059900F_9606,11
P073032,UGAACUAAAACUUAAUUCUGA,1,positive,train,GSE308686,URS0000694F71_9606,58
P064365,AGGGCAGGGAUUUUGCCCACA,1,positive,train,GSE308686,URS000075B243_9606,42
P061354,GCCACUGCACCUGACCAGGUC,1,positive,train,GSE136967,URS000063C47F_9606,14
P063026,AAGAAACUUUCACAUGUCUUA,1,positive,train,GSE136967,URS000066FABB_9606,19
P063335,NNNNNNNUUUCUAUGAUGAAU,1,positive,train,GSE136967,URS0000164B86_9606,4
P058241,CUGAAUCUAAAGUUGAUUAUU,1,positive,train,GSE136967,URS0000668E0B_9606,36
P066978,GCUGCUGUAAUGUGUGCAUAG,1,positive,train,GSE308686,URS0000818C5D_9606,15
N007678,UUUGACUGUAGAGCAAGAGGU,0,negative,train,GSE279647,URS00001F1A89_9606,37
P065541,CAGCCCAACCCUGACCUAAAG,1,positive,train,GSE308686,URS000015F227_9606,76
N020132,NNNNNNNNNAUCACUUCUUGG,0,negative,train,GSE279647,URS00006EF984_9606,2
P074492,CUUUGCGCAGUGAUGACCCUC,1,positive,train,GSE308686,URS00002B7232_9606,44
P061480,UCCGUGGAGAGGAACAACUCU,1,positive,train,GSE136967,URS00006E1BD2_9606,64
N005472,AACUAAUACACCAGUCUUGUA,0,negative,train,GSE279647,URS000004601F_9606,26
P063962,AGCACUAAAGUGCUUAUAGUG,1,positive,train,GSE308686,URS0000507C9B_9606,13
N005984,CGAACCCAUCCCUGAGAAUCC,0,negative,train,GSE279647,URS00000A75D2_9606,27
P062602,UGAGAAAUGCGGAUAUGGGAC,1,positive,train,GSE136967,URS00006E3D71_9606,53
N021292,NNNGCCUCCUUAGUGCAGUAG,0,negative,train,GSE279647,URS00007142C3_9606,8
N023080,GGGCGGCCGCUCUCCCUGUCC,0,negative,train,GSE279647,URS000075B703_9606,13
P064100,NNNNCCAAAGUCCUAGGAUUA,1,positive,train,GSE308686,URS000075C9AA_9606,7
N012931,AUGGCCCCUGCGCAANNNNNN,0,negative,train,GSE279647,URS0000634E67_9606,66
P058212,UCUUGUAUAAGCACUGUGCUA,1,positive,train,GSE136967,URS000075EAF7_9606,18
P069716,UCCACUCCUAUCCCUUCCAAA,1,positive,train,GSE308686,URS000045555D_9606,105
P067038,GCAUAUCCUUGUUUAUUGGCA,1,positive,train,GSE308686,URS000029D639_9606,69
P061196,GCCUUGCCCUGCUCCAUCCAG,1,positive,train,GSE136967,URS000033FC0E_9606,95
N015507,CAAGGAUGACAUGCAAAUUUG,0,negative,train,GSE279647,URS0000673DB0_9606,74
P059172,CUAUUCCAUUGCUGAAAUGCA,1,positive,train,GSE136967,URS000062C164_9606,32
N005726,CUAAUCCAGAGGUUCCGGGUU,0,negative,train,GSE279647,URS000007E37F_9606,46
N013478,AAUGGUGAGCACUUUGGACUC,0,negative,train,GSE279647,URS0000640892_9606,24
N023462,NNNNNNNNNNUGCUAAUGGUG,0,negative,train,GSE279647,URS00007DFAF7_9606,1
P063919,UUUUGCAUAGUUGCACUACAA,1,positive,train,GSE308686,URS0000539083_9606,26
P064465,CCUGUAUCCUAGGCUACACAC,1,positive,train,GSE308686,URS00026A2211_9606,27
P063933,UGCUGUGCAAAUCCAUGCAAA,1,positive,train,GSE308686,URS00003BACA4_9606,61
N012216,CUAGAGCCCACUGUAAAGCUA,0,negative,train,GSE279647,URS000061CC6B_9606,11
P064348,AGGAAGAGGUAGUAGGUUGCA,1,positive,train,GSE308686,URS000075B243_9606,14
N049177,UUUUGGUGCAAUUUUUGGAAA,0,negative,train,GSE308686,URS000075ADBA_9606,117
P076043,GCCCACCCGGGGACGNNNNNN,1,positive,train,GSE308686,URS00006430D9_9606,70
N005300,AUACAACGAUGGUUUUUCAUA,0,negative,train,GSE279647,URS0000021028_9606,26
N001022,AUCCUCUGCUANNNNNNNNNN,0,negative,train,GSE136967,URS000030BAD5_9606,72
N024246,NNNNNNNNNNGAGGGACUUUC,0,negative,train,GSE279647,URS0000B45D28_9606,1
P072254,CAAGAUCGCUGAUGCANNNNN,1,positive,train,GSE308686,URS000052FCE0_9606,70
P057922,AGUGGCAUCUGGUUGGUGAUG,1,positive,train,GSE136967,URS0000438819_9606,29
N000986,AGUCGGUAGAGCAUGAGACUC,0,negative,train,GSE136967,URS00001AD596_9606,24
N014639,CUAGUUUCCUCCACUCCAUGC,0,negative,train,GSE279647,URS0000659FDF_9606,138
P074996,GAGCGAGUCCCCGCGCGCGGC,1,positive,train,GSE308686,URS00004A7003_9606,391
N015339,UUCUUGUAUGGCUGCUCUAAG,0,negative,train,GSE279647,URS000066DE68_9606,105
N020141,UCAUGACCAUUAACAGAUUUC,0,negative,train,GSE279647,URS00006EFE5E_9606,48
P057787,GGAAAAUAACGAUUCGGGGUG,1,positive,train,GSE136967,URS00006ECA78_9606,32
N009969,AAAAUAGAAAAGUCUCGCUCU,0,negative,train,GSE279647,URS00003DAB6F_9606,58
P072504,AAAGCAGCACUGGCUGAGACG,1,positive,train,GSE308686,URS00005B985B_9606,55
P060184,GCCGUCAGAAGCGAUAACUGA,1,positive,train,GSE136967,URS0000660E95_9606,39
N018396,GGGGCCCAAAGAAUGGCUCCU,0,negative,train,GSE279647,URS00006C38E6_9606,29
P064021,GCCAGGGAUUUCCAACCGACC,1,positive,train,GSE308686,URS00001CC864_9606,63
P067330,ACCCUUGAUUGUAUUCUUGCC,1,positive,train,GSE308686,URS000022C1CA_9606,77
N023202,NNNNNNUGGGUUUUGAAUUUG,0,negative,train,GSE279647,URS000075C42D_9606,5
P063453,AACAGCACUAGAUUGUAAAGA,1,positive,train,GSE136967,URS000067FCA5_9606,107
P064564,GGCGCGGGGGCGUCAUCCGUC,1,positive,train,GSE308686,URS00026A2211_9606,187
N024669,NNNAUAUAGUUUAACCAAAAC,0,negative,train,GSE279647,URS0000DD1DAA_9606,8
N024794,NNNNGUGUGAUAGGUGGCACG,0,negative,train,GSE279647,URS0000DEEFFD_9606,7
P072574,AUGUAAAAUUUCUUGGCCUGA,1,positive,train,GSE308686,URS00003BC8C2_9606,20
P068671,GUGGUGCCGCUCCCCGUAAUG,1,positive,train,GSE308686,URS00000CC074_9606,39
N005676,NNNNNNNUGUAAAGCUAACUU,0,negative,train,GSE279647,URS00000673A6_9606,4
N012444,UUAUCCAUUGCCCUCUGGAUG,0,negative,train,GSE279647,URS0000628B35_9606,69
N019456,UCUCGUCUGACCUCGGAAGCU,0,negative,train,GSE279647,URS00006DA5DB_9606,37
N003467,ACCCGUAGAUCCGAUCUUGUG,0,negative,train,GSE136967,URS0000208A34_9606,24
P063096,GUAUGGAGGCGUGGGUUCGAA,1,positive,train,GSE136967,URS0000572B72_9606,60
P070975,GACCAAAUCACUUCUGUGCCA,1,positive,train,GSE308686,URS000075A82F_9606,64
N005698,ACCCCGAAAAUGUUGGUUAUA,0,negative,train,GSE279647,URS000006E464_9606,44
N045526,AUUCCCGGAAGAAGUCUUUCC,0,negative,train,GSE308686,URS000015F227_9606,100
P069797,GAGCUUUCUCACACCUNNNNN,1,positive,train,GSE308686,URS000075BE5B_9606,133
P059374,GAUGAGGGUCAACAUUCUUCA,1,positive,train,GSE136967,URS0000AA2284_9606,26
P066323,UUUAAAAGUGUUUUCAAGUCC,1,positive,train,GSE308686,URS0000ABD812_9606,102
N006315,GAAGAUCUGAGGGGCNNNNNN,0,negative,train,GSE279647,URS00000E9A93_9606,106
P076459,NNNNNGGCUCUAUGGCUUAGU,1,positive,train,GSE308686,URS000065464E_9606,6
N011452,NNNNNNAAAAGUCAUGGAGGC,0,negative,train,GSE279647,URS0000562A5A_9606,5
P061209,AACUCUGUCCAGUUCUGCUAC,1,positive,train,GSE136967,URS000067EB9D_9606,23
N023620,AGCUUAAUUAAAGUGGCUGAU,0,negative,train,GSE279647,URS0000815733_9606,13
N007681,CUUAGCUUAAUUAAAGUGGCU,0,negative,train,GSE279647,URS00001F1CC9_9606,15
N012364,GGCUGGUGCCCGCGUGGGUUC,0,negative,train,GSE279647,URS0000625435_9606,56
P058536,CCAGCACUGGGCUCCGACUGC,1,positive,train,GSE136967,URS00006DA236_9606,26
N014814,AGGAUCAAGCCUGGUUAGUAC,0,negative,train,GSE279647,URS000065F6B5_9606,67
N013881,GUUCGAUUCCCUGAGGAGGAG,0,negative,train,GSE279647,URS000064A807_9606,62
N009431,CUGCAGAUCAAGAGGUCUCUG,0,negative,train,GSE279647,URS0000383A48_9606,41
N000380,AGCCUUCACUGAAGAGUAUCA,0,negative,train,GSE136967,URS00005C0742_9606,92
N017449,UGCGGGCGGCCGGGCUUCGAU,0,negative,train,GSE279647,URS00006ABCCE_9606,47
P080023,UCCUGUGGACAAUGACUGGGG,1,positive,train,GSE279647,URS00006422E6_9606,171
P064642,UCCCCUUCCUCCCUCACCGCU,1,positive,train,GSE308686,URS0000734D8F_9606,96
N017446,GCCUGCCAUGCGGGCGGCCGG,0,negative,train,GSE279647,URS00006ABCCE_9606,39
P062503,GGAACGAUACAGAGAAGAUUA,1,positive,train,GSE136967,URS000035C796_9606,43
P080804,AAAACUCACCUGAGUUGUAAA,1,positive,train,GSE279647,URS000044DFF6_9606,338
P059241,AGUUCGAUCCUCACACGGGGC,1,positive,train,GSE136967,URS0000145C5E_9606,62
N025780,CCGCUCCCUUUAUAAGCCGAC,0,negative,train,GSE279647,URS0002A4A7B9_9606,71
P066097,GCCGGUUGCGCGGGCCCUCGG,1,positive,train,GSE308686,URS000002A4F1_9606,31
N002565,GAUGACUAUCUUAGGACACCU,0,negative,train,GSE136967,URS00006ADC79_9606,18
P072592,NNNNNNNUUGCCAAUGAUGGU,1,positive,train,GSE308686,URS0000215639_9606,4
N014236,CCUGACCUCAUCUGAUCUCAG,0,negative,train,GSE279647,URS0000651D23_9606,38
P062239,GAGAGUGAUGAGUUGCACACU,1,positive,train,GSE136967,URS00006A5FBC_9606,14
P060636,GAAUUUGAUUGCAUUGAUCGU,1,positive,train,GSE136967,URS0000313FF1_9606,19
P077373,UCGCUUCUCGGCCUUUUGGCU,1,positive,train,GSE279647,URS0000713C07_9606,12
P075326,CGUUAGUAUAGUGGUUAGUAU,1,positive,train,GSE308686,URS000013899F_9606,15
N007755,CCUUAUUUACCNNNNNNNNNN,0,negative,train,GSE279647,URS00001FBD75_9606,69
P059595,GCGUGGUGCUAAUAACGCUAA,1,positive,train,GSE136967,URS000072E1AF_9606,35
P058140,AGCGGUUAGGAUUCCUGGUUU,1,positive,train,GSE136967,URS0000639DBE_9606,24
N034374,AGCUGCCACUCAGCUUUCCUA,0,negative,train,GSE308686,URS000002FDBC_9606,117
N003153,UCUUGAAGAAAAUUUUUGUGU,0,negative,train,GSE136967,URS0000729A81_9606,56
P081478,GGGCUUCUGUGUCGAUGAAGA,1,positive,train,GSE279647,URS00006E23A8_9606,32
P063773,UAUAGGCCGCUGGGAAGCAGU,1,positive,train,GSE308686,URS000075E379_9606,44
N002886,CAGCGCCCGAAUCGGACAGUG,0,negative,train,GSE136967,URS000054DD16_9606,48
P065232,AGCUGGGUUUAAGAAGUGCAA,1,positive,train,GSE308686,URS000021BC29_9606,79
N030087,GACAGGGGCUAGGCCUCUUUU,0,negative,train,GSE308686,URS0000093479_9606,51
N015180,UUAAUGGCCAUACCACCCUGA,0,negative,train,GSE279647,URS0000668495_9606,12
N022243,GUCUGAAAAUCUGGACUGAGG,0,negative,train,GSE279647,URS000072C309_9606,38
P062052,AUGCCCUUCUGAUCCCAAGUA,1,positive,train,GSE136967,URS0000ABD812_9606,27
N002679,GAUGGUCUUCAGAUGCCCACG,0,negative,train,GSE136967,URS00006561BE_9606,33
N002758,CUGAGACCCAUCUCACAAAGA,0,negative,train,GSE136967,URS00006BA413_9606,205
P063675,ACCAUGUCUUGGUUUUUGCAA,1,positive,train,GSE308686,URS000075EAF7_9606,56
P059387,NNNACAAUGAUGAUAACAUAG,1,positive,train,GSE136967,URS000050BD61_9606,8
P068733,UUUUCUUGGCGGGGAUCGGGC,1,positive,train,GSE308686,URS00000CC074_9606,16
N014891,CUGAAUGCAUCCGAUCUCACC,0,negative,train,GSE279647,URS0000661164_9606,29
N026090,UGGCCAUACUACCCUGAACAU,0,negative,train,GSE279647,URS000314C5B4_9606,16
P060327,GAGGGUGUUCAGUCACUACCU,1,positive,train,GSE136967,URS0000653FA4_9606,65
P064663,GCGCUGCAUGUGGCAGUCUGC,1,positive,train,GSE308686,URS0000734D8F_9606,313
P065369,ACAAGAACUUUUUCCUACUUU,1,positive,train,GSE308686,URS0000569A4A_9606,141
P074478,GAUGACCCUCAUCUAUCACCC,1,positive,train,GSE308686,URS00002B7232_9606,55
P079600,UUCAUACUUACCUGGCAGGGG,1,positive,train,GSE279647,URS0002A146BA_9606,12
P059336,UUCCGGAUCAGAAGAUUGAGG,1,positive,train,GSE136967,URS00001D909A_9606,42
P066430,AAAGCAGUCUUCCCUUUAGAA,1,positive,train,GSE308686,URS000031F86D_9606,65
P065222,CUUGUGAUGUGUUGUGAUAGC,1,positive,train,GSE308686,URS000021BC29_9606,61
P061585,UCGGUGCUGAAAUCCAGAGGC,1,positive,train,GSE136967,URS00006CCF53_9606,45
P075840,GGCCGAGCGGUCUAAGGCGCU,1,positive,train,GSE308686,URS00000FB60D_9606,19
P072569,ACCGAGCUUUUUAACACUGAG,1,positive,train,GSE308686,URS00003BC8C2_9606,60
N016016,GGCAGCCAUACCAGCCUGAAA,0,negative,train,GSE279647,URS000067D6F9_9606,14
N025952,UAGUACUUGAAUGGCUGACAA,0,negative,train,GSE279647,URS00030B5440_9606,83
P059431,AUGAUGACAGUUUAUUUGCUA,1,positive,train,GSE136967,URS0000361A8E_9606,18
N009264,GUUUAACCAAAACAUCAGAUU,0,negative,train,GSE279647,URS00003361F9_9606,19
P074102,GAAAAAAGUUUCGGUCCCAGA,1,positive,train,GSE308686,URS000051B5A1_9606,21
N020862,CUUGCUUCGGCUGCACAUAUC,0,negative,train,GSE279647,URS0000704AD6_9606,14
P063551,UGCCAUUUUCCCCCAAUGUGA,1,positive,train,GSE308686,URS000069B06F_9606,100
P079309,CCUUAUGAAACUUAAGGGUCG,1,positive,train,GSE279647,URS000044DFF6_9606,758
P059356,UGCAUCUAUUUGACAGACCUG,1,positive,train,GSE136967,URS0000721537_9606,12
N018116,CUAAGAUCAAUUGGAGUAUCU,0,negative,train,GSE279647,URS00006BFA75_9606,31
P075681,CCCACGUUGGGCGNNNNNNNN,1,positive,train,GSE308686,URS00004D9E92_9606,71
N007951,NNNNCUGGCUAGCUCAGUCGG,0,negative,train,GSE279647,URS0000216DC2_9606,7
N038105,NNNNNNNUCCCACAUGGUCUA,0,negative,train,GSE308686,URS00003C9A26_9606,4
N028966,ACUCAUUAAAUUAUGACAAUC,0,negative,train,GSE308686,URS00001EC0B3_9606,44
N026382,ACUUGGCUGAAAGACCACCUG,0,negative,train,GSE279647,URS000325852A_9606,86
N021797,GAUUGUCUGAAGGUAGUGAGU,0,negative,train,GSE279647,URS0000722021_9606,12
N003459,AGUCGUGGCCGAGUGGUUAAG,0,negative,train,GSE136967,URS00006D4008_9606,13
N011527,NGCAGUGCCUUAGCAGCACGU,0,negative,train,GSE279647,URS0000584589_9606,10
P063124,GGAUCUGACUGACUGUGCUGA,1,positive,train,GSE136967,URS00006292A1_9606,36
N007916,UCCCGGACGAGCNNNNNNNNN,0,negative,train,GSE279647,URS000020CB8F_9606,71
P082348,GCAGUCGGUGCCCCCGUUAGU,1,positive,train,GSE279647,URS0000451E99_9606,102
P081004,UCACUAUUCCUACUUAGAGAG,1,positive,train,GSE279647,URS00008E3A5F_9606,25
P059755,UGGUUUUCCCAGGGCGAGGCU,1,positive,train,GSE136967,URS000032B6B6_9606,49
P063720,GGCCGAUACACUGUACGAGAG,1,positive,train,GSE308686,URS000046FA49_9606,28
P065695,CACGAGUGGGGCAGCCUUGUU,1,positive,train,GSE308686,URS000075C168_9606,102
P072215,CCUGGGCUGGGCCAGUGGGGC,1,positive,train,GSE308686,URS00006D051B_9606,78
P061385,GCCGGUGUGGGGACAGAUGGU,1,positive,train,GSE136967,URS0000673CF7_9606,45
P082510,NNNAGAGAGAGAGAGAGAGAG,1,positive,train,GSE279647,URS0002A281D6_9606,8
P061070,CAUGAGGAUGGGCUGGCUGUC,1,positive,train,GSE136967,URS0000704142_9606,101
P058709,GAAGGUCGUGAGUUCGAGCCU,1,positive,train,GSE136967,URS000072890F_9606,52
N014097,NNNNNNNNNGUCUACAGCCAC,0,negative,train,GSE279647,URS000064EED8_9606,2
P067358,UUCCUUCCCCAGGCAGUGGGG,1,positive,train,GSE308686,URS000022C1CA_9606,26
N024382,NNNNNNNGGUCGGUUAUCUCA,0,negative,train,GSE279647,URS0000C8E9E2_9606,4
P064472,AAGUCCCCGGACCUCGGGCAG,1,positive,train,GSE308686,URS00026A2211_9606,83
P071931,NNNNNNNGUGAAAUGAUGAUU,1,positive,train,GSE308686,URS00006BA413_9606,4
P066433,GUGUUUUUAUCAGUAGUUUAC,1,positive,train,GSE308686,URS000031F86D_9606,26
P081125,CCCCCGUAAAUGAUAUCAUCU,1,positive,train,GSE279647,URS000081566B_9606,29
N018041,ACUAGUAACUUGCCCCACUCC,0,negative,train,GSE279647,URS00006BC301_9606,127
N004408,UACUUAUCUACCAACAGCANN,0,negative,train,GSE136967,URS00005172B7_9606,119
P058379,UAUAACUAUAAAUAGUAAUGC,1,positive,train,GSE136967,URS000033A30E_9606,96
P061957,GCGUUGGACUUAAGAUCCAAU,1,positive,train,GSE136967,URS000064E10F_9606,34
N005576,GCACCCAACUUACACUUAGGA,0,negative,train,GSE279647,URS0000059DA7_9606,33
N055444,UGUAGCAUCAAAACUAGGAUU,0,negative,train,GSE308686,URS000075D8EE_9606,39
N023453,AAACCGGAGAUGAAAACCUNN,0,negative,train,GSE279647,URS00007C2947_9606,45
N056024,GCAGGCUCAUGAUCAACCAAU,0,negative,train,GSE308686,URS00000B589B_9606,113
N010467,NNNUAAGAUAUAUAGGAUUUA,0,negative,train,GSE279647,URS000045E9A2_9606,8
P074362,CCAACUUGAACUCUCUCACUG,1,positive,train,GSE308686,URS000069573D_9606,33
N015717,GUAUGAGUCUUGGAUGAUGAA,0,negative,train,GSE279647,URS0000676D30_9606,36
P076563,AGUGUAGCGGUUAUCACAUUC,1,positive,train,GSE308686,URS00002B4CE5_9606,19
P066415,UAAGUGCUUCCAAGAUAUGAG,1,positive,train,GSE308686,URS00005F2496_9606,44
N017473,UACUGUCUGUUCUCAGAAGCU,0,negative,train,GSE279647,URS00006AC3C1_9606,43
P075929,NNNNNNNNGUCUCUGUGGCGC,1,positive,train,GSE308686,URS000068D6AF_9606,3
P059239,UUUAUGCUGCCAUUUGUUACU,1,positive,train,GSE136967,URS0000636A2E_9606,211
P058561,UCCAAAGUGUUAAGUUCAGUU,1,positive,train,GSE136967,URS000068A4EE_9606,12
P080388,AGACAAGUCGUAACAUGGUAA,1,positive,train,GSE279647,URS000044DFF6_9606,916
P059795,GUAAUGAUGAAUGCCAACCGC,1,positive,train,GSE136967,URS0000830239_9606,51
N017376,GUUUCUUGGUUUCUUCUCCAC,0,negative,train,GSE279647,URS00006A9EAD_9606,64
P058759,GCACUGUUUUGGUGUUGUAGC,1,positive,train,GSE136967,URS00007136D1_9606,107
P074965,GGAUAUGGGACUGAGACCAGC,1,positive,train,GSE308686,URS000075A722_9606,63
N023216,UGUACUAGCCAUGGUUCUGAU,0,negative,train,GSE279647,URS000075C53F_9606,46
N004608,NNNNNNNNNNCCACAUGCGGC,0,negative,train,GSE136967,URS000064B8EB_9606,1
P070409,GAUUUAUGACAGGCCCGUCAC,1,positive,train,GSE308686,URS0000647500_9606,22
P068450,NNNNAACAUGCUUCCUUAGAU,1,positive,train,GSE308686,URS000075B5A7_9606,7
P063297,UAAUUCAAAGGUUCCGGGUUC,1,positive,train,GSE136967,URS000047CD44_9606,46
N020223,UUAUAGUUCCCUUGGCUUUGA,0,negative,train,GSE279647,URS00006F13F9_9606,37
P065673,GUCCUGGGUGUUGUGUGCGGA,1,positive,train,GSE308686,URS000023DE4C_9606,36
N083458,CCCAGGGAGGUCAAGGCAGCA,0,negative,train,GSE136967,URS0002869D81_9606,196
P062708,AGUAAGUGAAGAUAAAGUGUG,1,positive,train,GSE136967,URS0000A98AD5_9606,49
P068441,CCGGUCCAUCUGUGGCCUGCC,1,positive,train,GSE308686,URS00003E7565_9606,30
P081196,NNNNNNNNNNUGGAGGACUGA,1,positive,train,GSE279647,URS0000723018_9606,1
P060275,UUUGGUGUAGGAGCUGCAUAA,1,positive,train,GSE136967,URS00001BD443_9606,114
N020710,UGAACGCGUCCAAUCUCGUCU,0,negative,train,GSE279647,URS00006FF7E2_9606,30
P082874,GGGGAUCGCCGAGGGCCGGUC,1,positive,train,GSE279647,URS000075A546_9606,44
N003561,GAAGACUACUCCUGUCUGAUU,0,negative,train,GSE136967,URS00003B08B2_9606,61
P069161,GUAGGUAGUGUGCUACAUGAG,1,positive,train,GSE308686,URS00001696A6_9606,69
N000100,NNNNCUUGGCCCUUAUCGAAG,0,negative,train,GSE136967,URS00006D2F8D_9606,7
P058978,ACCGCGCGCUGCCCCAUGUGC,1,positive,train,GSE136967,URS00006D48F7_9606,90
P067701,GGCAUCCUUGCCCUGGGACUG,1,positive,train,GSE308686,URS000037D7AE_9606,86
N023352,UCACAAGAACUGCUAACUCAU,0,negative,train,GSE279647,URS0000761EC9_9606,18
P081417,NNNNNNNNNNUGCCUCUCUCC,1,positive,train,GSE279647,URS000070CFEE_9606,1
N048910,UUAUCAGAUUUUCUGUGCGAU,0,negative,train,GSE308686,URS0000180559_9606,113
P059174,CCAUUGCUGAAAUGCAGUGUG,1,positive,train,GSE136967,URS000062C164_9606,37
P077065,UUAAAUGGAUUUUUGGAGCAG,1,positive,train,GSE279647,URS00021ED9AF_9606,359
P059362,UGUUCUGUGAGGUACAAAAGU,1,positive,train,GSE136967,URS000015A7CF_9606,38
N014978,UACUUGGAUGGGAGAAUACUG,0,negative,train,GSE279647,URS0000661539_9606,86
N016096,GAAUACUCCCUAUCUUGUCUG,0,negative,train,GSE279647,URS000067FD2E_9606,31
P060696,UUUCGCUGCUGGCUGAGUUUC,1,positive,train,GSE136967,URS000065DBA2_9606,34
P074908,UCCAGCGUCCUGUGAGCGAAG,1,positive,train,GSE308686,URS00003B57B1_9606,112
N015388,GGUUUAUCUGAGGCACAAUUA,0,negative,train,GSE279647,URS0000670F5F_9606,44
N003328,UUCUCUUCAUAACGAAUAAAU,0,negative,train,GSE136967,URS000067B2B1_9606,21
P074277,GGCAGUGUUGCCCUGGUUUGG,1,positive,train,GSE308686,URS000075EE49_9606,54
P067476,AGUUGCUAUCUGCUGCUAUGG,1,positive,train,GSE308686,URS0000721537_9606,37
P069592,CUUGGUAGUGUACGCAGCCUG,1,positive,train,GSE308686,URS00000D55EA_9606,85
P058139,UUAGGAUUCCUGGUUUUCACC,1,positive,train,GSE136967,URS0000639DBE_9606,29
P063530,AUAUCUGAUACGUCCUCUAUC,1,positive,train,GSE308686,URS00006A3E7F_9606,67
P062959,UACUCGAAGAGAAUCUACUGG,1,positive,train,GSE136967,URS0000451E99_9606,62
N001870,NNNNNNUGGCCCUGACUGAAG,0,negative,train,GSE136967,URS000047E28E_9606,5
P081715,GGUGUUUGUCUGUAUCCUGUC,1,positive,train,GSE279647,URS00005F1DD0_9606,103
N000296,AGGCCGGGCUUGUCCCCGGCC,0,negative,train,GSE136967,URS000023DE4C_9606,382
N083358,CACACUUGUGGUCUCAGCUUC,0,negative,train,GSE136967,URS0002869D81_9606,145
P059258,GAGUGAAGUAGAGCCUGACCU,1,positive,train,GSE136967,URS00005D7632_9606,21
P074649,NCUGGGGCUCCCAUGAUGUCC,1,positive,train,GSE308686,URS000075A57C_9606,10
N024648,NNNNNNNNNUGUCUGAUAAAA,0,negative,train,GSE279647,URS0000DCD0F0_9606,2
P073612,UUUAGCAAGACUGAGGCUUNN,1,positive,train,GSE308686,URS000053336F_9606,75
P076108,CAGUCAGAGGUUCAAUUCCUC,1,positive,train,GSE308686,URS000061A10B_9606,56
N013488,GCUGGCCCAAAGGUAGUGAGU,0,negative,train,GSE279647,URS000064189F_9606,12
P082364,GAAAAAAAGCGAGAGAGAGAG,1,positive,train,GSE279647,URS0002A2F07F_9606,626
P075756,NNNNNNNGCCUGGAUAGCUCA,1,positive,train,GSE308686,URS000072A930_9606,4
N024327,CAUGUCCCUGUUCCUUAANNN,0,negative,train,GSE279647,URS0000C8E9CE_9606,72
N018880,UUUCUGAAACAACAUUUUUGA,0,negative,train,GSE279647,URS00006CC403_9606,36
N041582,GCCCCAUGGUGUAAUGGUCAG,0,negative,train,GSE308686,URS000064F320_9606,12
N013452,GGUGCUGUAGGCUNNNNNNNN,0,negative,train,GSE279647,URS000064027A_9606,117
N005538,AUAACUUUGUCAAAGUUAAAU,0,negative,train,GSE279647,URS0000050612_9606,35
N005247,UUGGUCUUAGGCCCCAAAAAU,0,negative,train,GSE279647,URS00000177BE_9606,36
P066491,UUUUUAUCAGUAGUUUACACA,1,positive,train,GSE308686,URS000031F86D_9606,29
N016366,UUGGAGGCUAAGCAGGGCUGG,0,negative,train,GSE279647,URS0000688F51_9606,54
P068603,UCAGUCUGCAACAGUAAGUGG,1,positive,train,GSE308686,URS00004C6FD8_9606,61
P080488,UACUGUGAACUGCUUGUGUGU,1,positive,train,GSE279647,URS00006BA413_9606,136
P075393,CCGGUAUGGGAANNNNNNNNN,1,positive,train,GSE308686,URS0000639DBE_9606,71
N018828,GACAUGGACUAGGAGCUUGCU,0,negative,train,GSE279647,URS00006CBB95_9606,122
N024119,GCCAGUUACGGAUCUCUUUGU,0,negative,train,GSE279647,URS0000AA8D12_9606,46
N003802,NGGCCGGUUAGCUCAGUCGGU,0,negative,train,GSE136967,URS000070BF11_9606,10
N023500,NNNNNNNNNNACUGAUUUCUU,0,negative,train,GSE279647,URS00007E4123_9606,1
P058858,UCUUGGUGGUCGUAAAAGGAG,1,positive,train,GSE136967,URS00005D459D_9606,49
P065642,GCCAACCUUCUAGUAAAGGUU,1,positive,train,GSE308686,URS00005A2612_9606,97
P059798,AGAGUAAUGAUGAAUGCCAAC,1,positive,train,GSE136967,URS0000830239_9606,48
N016160,UCUUUGUUCCUUCUCCACUUC,0,negative,train,GSE279647,URS0000682E4D_9606,68
P061244,UACUGAAACCUGAUGUUACAU,1,positive,train,GSE136967,URS0000626A32_9606,42
P060386,CCUGUGACUGUUGAUGUGGAA,1,positive,train,GSE136967,URS0000185C0B_9606,26
P057934,CUUGGCUUUUGAUCCGUGCCC,1,positive,train,GSE136967,URS0000438819_9606,97
P074418,AGAGUGAGCGCUGGGUACAGC,1,positive,train,GSE308686,URS000054DD16_9606,31
P060092,GGGUCAAUCUGCAGCGCUAGA,1,positive,train,GSE136967,URS0000A9F116_9606,55
N005259,NNNUCAGAGAAAAAGUCUUUA,0,negative,train,GSE279647,URS0000019953_9606,8
N028092,GUGUCGGUGCUGAAAUCCAGA,0,negative,train,GSE308686,URS0000571896_9606,39
N014562,CACCCUGAAUGUGCCCGAUCU,0,negative,train,GSE279647,URS0000658FB0_9606,25
N018101,UACUUGGAAGGGAGACAGUGA,0,negative,train,GSE279647,URS00006BF71F_9606,86
N046397,CAAACGCCGGGACACCGNNNN,0,negative,train,GSE308686,URS00000CC074_9606,143
P063112,UGAAGCAAAUGAUGAUAAACU,1,positive,train,GSE136967,URS00006292A1_9606,15
P062093,CGGCACUGGCAAUUUUUGACA,1,positive,train,GSE136967,URS00003F07BD_9606,118
N002292,UGAUUCACAUUCAUGUCUCUU,0,negative,train,GSE136967,URS0000729A81_9606,24
N004878,AAAUGAGUGACCAAGACACUU,0,negative,train,GSE136967,URS000022BCB9_9606,57
N017497,UUCUUGGAUGGGUUGCUCUAA,0,negative,train,GSE279647,URS00006AEB04_9606,107
P069406,GCCUAAGGCCUUUGGGGAACU,1,positive,train,GSE308686,URS00004C8BD1_9606,86
N005089,ACUGCUAAAUUUGACUGGCUU,0,negative,train,GSE279647,URS0000007D24_9606,83
N017086,UGGUUCAGUCGGUAGAGAAUG,0,negative,train,GSE279647,URS00006A31A1_9606,18
N016995,GGAAGCCAAGCAGGGUGGUGC,0,negative,train,GSE279647,URS000069DFF8_9606,57
P068893,UAGCGGGGGCUGGCCCAGAUG,1,positive,train,GSE308686,URS000072157F_9606,46
P078213,GGUUUGGUCCUAGCCUUUCUA,1,positive,train,GSE279647,URS000044DFF6_9606,15
N012349,CAACCAGUUAACAGAUUUAUU,0,negative,train,GSE279647,URS0000624D17_9606,51
N036655,UUGUUAGAUCUGUGGGAAGGA,0,negative,train,GSE308686,URS0000202A89_9606,108
N002956,CCUCCUGGUACCUGGUUGUCG,0,negative,train,GSE136967,URS0000A8E179_9606,194
N007531,UGGGGUGCAGGCUUCAAACCU,0,negative,train,GSE279647,URS00001DA281_9606,33
P078896,CUGGUGGUCCCCCGCUCCCGG,1,positive,train,GSE279647,URS000233AD7D_9606,392
P071035,GCUGAACAAAAUGAGUGAGAA,1,positive,train,GSE308686,URS000075E4E2_9606,53
N049705,UAGUGCCCAGAUCAGAAACAU,0,negative,train,GSE308686,URS0000451E99_9606,119
N039992,AAACCAUGCAGGAAACAGCCN,0,negative,train,GSE308686,URS00000DE3E2_9606,198
P071666,NNNNNNNUCGCUGUGAUGAGU,1,positive,train,GSE308686,URS000066E3F5_9606,4
N019348,UGGAAAAAUACAGAGAUUAGC,0,negative,train,GSE279647,URS00006D8531_9606,42
P067287,GGGAAUGGCUAUUUCAUUUGG,1,positive,train,GSE308686,URS0000552BBC_9606,116
P077189,NNNNNNNNNCGCUUCUCGGCC,1,positive,train,GSE279647,URS00002CBAC9_9606,2
N036511,UGCAAUUUUUGGAAAAAUNNN,0,negative,train,GSE308686,URS000075ADBA_9606,123
P076233,AGGUUGUGGGUUCGAAUCCCA,1,positive,train,GSE308686,URS0000738059_9606,54
P067129,GUCAUUCAAGUGGGGCAAAGG,1,positive,train,GSE308686,URS00005F1DD0_9606,53
N006410,AUACCGGGUGCUGUAGGCUUU,0,negative,train,GSE279647,URS00000F9D45_9606,111
N006726,NNAAGCCCCGGCAGGUUUGAA,0,negative,train,GSE279647,URS000013A388_9606,9
N019854,ACCUUUUGCUAAAGAUUUCCA,0,negative,train,GSE279647,URS00006E439A_9606,47
N007545,CUGUCUAGCGACAGAGUGGUU,0,negative,train,GSE279647,URS00001DA281_9606,58
P067095,NNNNNNUACCCCCUUUUCACU,1,positive,train,GSE308686,URS00005F1DD0_9606,5
P069248,AAAUAAAGUUGUUUCUUAACU,1,positive,train,GSE308686,URS00004B4AC7_9606,71
P062302,CUGCGGAACCGUUCCUUGUUG,1,positive,train,GSE136967,URS000027315D_9606,64
N021451,UUUUCCGUGCCCACUGCUUCA,0,negative,train,GSE279647,URS0000719F6E_9606,77
P066274,UUCUUUUUAUAUGCCCUUCUG,1,positive,train,GSE308686,URS0000ABD812_9606,17
N023036,GCUUGGGCCCUCCCUGACCUC,0,negative,train,GSE279647,URS000075AFFE_9606,50
N052259,ACCAGUCGAUGGGCUGUCUGA,0,negative,train,GSE308686,URS00000AF93C_9606,60
P081928,GCUUAGUCACAAAGGGAUUUG,1,positive,train,GSE279647,URS00005F3006_9606,201
P057948,ACCUUUGGAUUAAUAAUGAAA,1,positive,train,GSE136967,URS00004BB247_9606,36
P067359,ACAGUUCCUUCCCCAGGCAGU,1,positive,train,GSE308686,URS000022C1CA_9606,22
N028276,UGUGAGUAGACCACUNNNNNN,0,negative,train,GSE308686,URS000075A325_9606,51
P068563,CCAUUUGUCUUGGGGCCUGUC,1,positive,train,GSE308686,URS000027BAE7_9606,107
P067550,UGCAGACAUACUUUAAAAACU,1,positive,train,GSE308686,URS00005A3020_9606,48
P073197,GUGAUGCCUCUUUUCUCUUGG,1,positive,train,GSE308686,URS00006C2FB0_9606,56
P070089,CUGUAGGCAGCUGCCUAGGUU,1,positive,train,GSE308686,URS0000ABD80F_9606,16
P075899,NNNNNNNNGCCUCCUUAGCGC,1,positive,train,GSE308686,URS000025E031_9606,3
P068492,AACGUUCUGAUAGAAAUGACA,1,positive,train,GSE308686,URS000075B5A7_9606,186
P069138,GAUGAACUCGCAAGUGUAGGU,1,positive,train,GSE308686,URS00001696A6_9606,54
N005537,UUCAUAACUUUGUCAAAGUUA,0,negative,train,GSE279647,URS0000050612_9606,32
P062569,ACCAUGAGAUGACUCCACAUG,1,positive,train,GSE136967,URS00006F4F8C_9606,56
P065948,UUACUACUGAUCUUUGUAACU,1,positive,train,GSE308686,URS000075AAF7_9606,313
N049450,CUUCAAUCGGUGGUGUGACAA,0,negative,train,GSE308686,URS00004EA987_9606,121
N020759,AUUGGGCCUGGUUAAUACUUG,0,negative,train,GSE279647,URS0000700638_9606,71
P076597,UGGUUCAGUGGUAGGGUUCUC,1,positive,train,GSE308686,URS0000676AD7_9606,18
N016333,CACUUAAGAUUUCUUUGUUCC,0,negative,train,GSE279647,URS00006884FF_9606,55
N004777,CUGUUGCCUCAAUCUGAGCCU,0,negative,train,GSE136967,URS00005ACA64_9606,126
P061428,UGUUUUUGUUUAACGUGGACA,1,positive,train,GSE136967,URS0000717536_9606,23
P076220,GGAUAAGGCGUCUGACUUCGG,1,positive,train,GSE308686,URS00006D69C0_9606,27
P078311,UUUAAACCAAUUUUUUAGAGG,1,positive,train,GSE279647,URS0000631BD4_9606,89
P077372,GCUGAUCAGUAGUGGGAUCGC,1,positive,train,GSE279647,URS000014C5D2_9606,236
P082618,GAUUAGAUACCCCACUAUGCU,1,positive,train,GSE279647,URS000044DFF6_9606,437
P074464,UGGAAUGUGCGCUGGGCACAG,1,positive,train,GSE308686,URS000027315D_9606,30
P081931,GGGCUUAUGAGGCUGUGAAAC,1,positive,train,GSE279647,URS00003818BD_9606,26
N001884,GAGCCUAAAGAAUUGUCUUUC,0,negative,train,GSE136967,URS0000599BEA_9606,62
N019478,AUUAAUCACAACCAGUUACAG,0,negative,train,GSE279647,URS00006DB006_9606,43
P071831,GUGUCCUAUUUAUUGAUCGAU,1,positive,train,GSE308686,URS000043549A_9606,113
P082430,CUUCUGUCUUUACAGAGGUAU,1,positive,train,GSE279647,URS00004640CB_9606,103
N002545,NNNNACAAGCCUAUGAUGGUU,0,negative,train,GSE136967,URS000072C309_9606,7
N022138,UGUCUGAAUCAAAAAUUUUGA,0,negative,train,GSE279647,URS0000729F65_9606,35
P065964,ACCUUUGUAACUAUGAAGUUU,1,positive,train,GSE308686,URS000075BDDC_9606,317
N026146,CCUAGUUAGUGCUUGGAUGGG,0,negative,train,GSE279647,URS000316ED4B_9606,79
N027921,ACAUUUCACCGGCUCUGAAAG,0,negative,train,GSE308686,URS0000446770_9606,60
N010178,AAAGUACUGUAGCAGCACAUC,0,negative,train,GSE279647,URS000041CB9C_9606,21
N005972,NNCUAGGACUAUGAGAAUCGA,0,negative,train,GSE279647,URS00000A75D2_9606,9
P082840,CCGCGCGUGUGUCCCGGCUGC,1,positive,train,GSE279647,URS000075A546_9606,109
P061322,GGAAACAGGGUUGUUCUUCAU,1,positive,train,GSE136967,URS000063C47F_9606,85
N013122,GCAGGGUCAGGCCUGGUAACU,0,negative,train,GSE279647,URS0000637B64_9606,66
P074802,NNUGGUGCUGUGAUGAUGCCU,1,positive,train,GSE308686,URS000075E488_9606,9
P075105,AGAGCGCGUGCUUCGCAUGUA,1,positive,train,GSE308686,URS000038D768_9606,30
N022756,UCCUCGGGUCGAAACCGAGCG,0,negative,train,GSE279647,URS0000753215_9606,57
P070671,CAGCCCUGGCAGUGUCCUACU,1,positive,train,GSE308686,URS0000706530_9606,65
P073597,CUGUGAUGAAUUGCUUUGACU,1,positive,train,GSE308686,URS000053336F_9606,14
P057816,CCUACUUUGCGGGAUGCCUGG,1,positive,train,GSE136967,URS00006ECA78_9606,123
N004534,UACGUGGGUUCCUUGGAAAGU,0,negative,train,GSE136967,URS000067E73A_9606,30
N051881,AGGCGUCUGAUUCCGGAUCAG,0,negative,train,GSE308686,URS00001D909A_9606,32
P061490,ACAACUCUGAGUCUUAAGCUA,1,positive,train,GSE136967,URS00006E1BD2_9606,77
P064183,UGUUGUUUUUAGAUAACUAAA,1,positive,train,GSE308686,URS00002C5007_9606,51
P080118,GGUCUAAGGCGCCAGACUCAA,1,positive,train,GSE279647,URS0000747665_9606,27
N004853,AACCCAGGCCCCGACAGGCNN,0,negative,train,GSE136967,URS00006D48F7_9606,119
P069393,GUGCCUCUCAGGAAAGUAGCA,1,positive,train,GSE308686,URS00004C8BD1_9606,44
N017112,ACUCGCGAUUUCCCCAAAUGU,0,negative,train,GSE279647,URS00006A394C_9606,95
P062033,UGAUGACAGAUGGCAUUGUCA,1,positive,train,GSE136967,URS000065235D_9606,19
N020078,GGAAACUCACUGCAUCAUUUG,0,negative,train,GSE279647,URS00006EDFC1_9606,121
P075474,NNNNNNNNNGCGCCGCUGGUG,1,positive,train,GSE308686,URS0000502C74_9606,2
N015148,CUGAGUUCAUUACUAGAGAAG,0,negative,train,GSE279647,URS0000665D44_9606,37
N004107,GGCGCUGUGCAGCGAGGCCCC,0,negative,train,GSE136967,URS0000EB4911_9606,310
P066059,GUCGGAAAAAAGGACUUUUUU,1,positive,train,GSE308686,URS000010A63C_9606,110
N011691,GUAGAAACAUUUGUGGACAUC,0,negative,train,GSE279647,URS00005A29A1_9606,51
P059381,AACGCUGAUGAGCAAUAUUAA,1,positive,train,GSE136967,URS000050BD61_9606,40
P059168,GUGUGUAAAUCCUAUUCCAUU,1,positive,train,GSE136967,URS000062C164_9606,21
N007126,AAAUCCCGGACGAGCCCCUNN,0,negative,train,GSE279647,URS0000185B47_9606,64
N002316,UCUGGCUUAAGAGCCAAUGAU,0,negative,train,GSE136967,URS0000A92109_9606,30
P077762,GUGUUGUAUGAAAGGAGAGAA,1,positive,train,GSE279647,URS00006C0FA0_9606,11
P059510,GGGCCUCGUGUCUGCGCCUGC,1,positive,train,GSE136967,URS00004A4D73_9606,129
P060645,GCACUGUUGAUCAUGGUGUCC,1,positive,train,GSE136967,URS00004ACFCF_9606,31
P057823,GCGAUCUGCCCGNNNNNNNNN,1,positive,train,GSE136967,URS00006ECA78_9606,149
P064479,UCCCCGGACCUCGGGCAGAGA,1,positive,train,GSE308686,URS00026A2211_9606,86
P061429,NNUGCACUUAUGUAUGUUUUU,1,positive,train,GSE136967,URS0000717536_9606,9
N000873,GUGAUGUUGUAAAAAUAAAUG,0,negative,train,GSE136967,URS000071E913_9606,20
N026256,AAGGGCAUACGAGUACCUCCG,0,negative,train,GSE279647,URS00031C1F5D_9606,196
N007675,CUUUUUGACUGUAGAGCAAGA,0,negative,train,GSE279647,URS00001F1A89_9606,34
P060793,GCCGUCCUAAGAAUAGGGCUG,1,positive,train,GSE136967,URS00006C9D52_9606,101
P071431,CCAGUUAGUUCUGAUACANNN,1,positive,train,GSE308686,URS0000359B05_9606,72
N000242,GAUCUUAUUUGAUCGGAUCGU,0,negative,train,GSE136967,URS000023DE4C_9606,189
P062391,GUAAAAUGAGGACCUACAAUU,1,positive,train,GSE136967,URS0000706C1B_9606,55
N004890,CAGCUGAUCAGCCUGAUUAAA,0,negative,train,GSE136967,URS00006DE18B_9606,48
P069126,GUGAAGCUGGCCUAAAUGUUG,1,positive,train,GSE308686,URS00005D459D_9606,81
P064420,GAGGUAGUAGUUUGUACAGUU,1,positive,train,GSE308686,URS00003DBD40_9606,16
N015619,UGAUGAGUACCCUGGGGUGUC,0,negative,train,GSE279647,URS0000674865_9606,19
N009357,NNNNNNNUCCUUGUAGUAUAA,0,negative,train,GSE279647,URS00003632D4_9606,4
P076859,NNNNNNNNNNUAAGACUAUAC,1,positive,train,GSE279647,URS00008189C2_9606,1
P060079,ACUACGGAUCAGAAGAUUCUA,1,positive,train,GSE136967,URS00002DDD59_9606,41
P070749,CCACUUGCCCUCACUGAGAAC,1,positive,train,GSE308686,URS000075CFA2_9606,29
P073657,UCGUCUGACAUGAUAAUGUAU,1,positive,train,GSE308686,URS0000313FF1_9606,36
N012543,CCCGGCAAAGGGAUGACACGC,0,negative,train,GSE279647,URS000062A165_9606,68
P057809,CGGGUAAAGGUCGCCCUCAAG,1,positive,train,GSE136967,URS00006ECA78_9606,94
P061725,GAGAUCAACCCCAUGCACCGC,1,positive,train,GSE136967,URS00006D7506_9606,63
N003736,CUGAGGGUCCAGGGUUCAAGU,0,negative,train,GSE136967,URS000071C635_9606,50
P076711,CAGUUGGUAGAGCGGAGGACU,1,positive,train,GSE308686,URS000074FC25_9606,23
N013276,NNNNNNNNGUGCUUGCUUCAG,0,negative,train,GSE279647,URS000063AB0D_9606,3
N025802,GGCUCACGCCUGAAAUCCCAG,0,negative,train,GSE279647,URS0002A6A09B_9606,2188
P060786,CGUGUAUGUCUGGGAGUACAA,1,positive,train,GSE136967,URS00008E3964_9606,100
P058813,CUAUCUGCUACUUUGCUAGCA,1,positive,train,GSE136967,URS00004AEC70_9606,90
N011488,UGAGAGAGUAGGAACAGGGCA,0,negative,train,GSE279647,URS0000569A4A_9606,228
N020754,AACUAAGCAGGAUUGGGCCUG,0,negative,train,GSE279647,URS0000700638_9606,60
P067760,NUGAGCACUUUCACAGGUCCU,1,positive,train,GSE308686,URS000037D7AE_9606,10
P057932,CCCAGCUUGGCUUUUGAUCCG,1,positive,train,GSE136967,URS0000438819_9606,92
P063631,UUGCAGACACUAGGACCAUGU,1,positive,train,GSE308686,URS000075EAF7_9606,42
P071724,GAAAGUCUUAUGUUGGCCAGU,1,positive,train,GSE308686,URS000071EB91_9606,54
P063332,NNUUUCUAUGAUGAAUCAAAC,1,positive,train,GSE136967,URS0000164B86_9606,9
P064055,CACUGGCUCAGUUCAGCAGGA,1,positive,train,GSE308686,URS00000FFC8B_9606,57
N004871,UAAUGGAUAAGGCGUCUGAUU,0,negative,train,GSE136967,URS00001D909A_9606,23
P072447,NNNNNGGCCGGUGAUGAGAAC,1,positive,train,GSE308686,URS000008DC88_9606,6
N022298,UUGUCAGCUACGCAGGGUCUG,0,negative,train,GSE279647,URS000072D430_9606,45
N032038,UGCUUUGGCAAGGCUANNNNN,0,negative,train,GSE308686,URS000075BAAE_9606,112
N025810,NNNNNNUCCAUUGGUCUUAGG,0,negative,train,GSE279647,URS0002CC038A_9606,5
P057938,UCCCUGGUGGUCUAGUGGCUA,1,positive,train,GSE136967,URS000064074C_9606,11
N030746,CUCUAUGACUGGAGUUUGGUA,0,negative,train,GSE308686,URS00004C6257_9606,121
P067201,GGUCUGUUGGCUAUUCAGUAU,1,positive,train,GSE308686,URS00002E5E66_9606,87
N023050,UUGGUUUCCGCUUUGUUCACA,0,negative,train,GSE279647,URS000075B0A5_9606,56
N009975,NNNNNNNNNNAGGCUGAGGUA,0,negative,train,GSE279647,URS00003DBD40_9606,1
N025676,ACCCCUUAUUUACCGAGAAAG,0,negative,train,GSE279647,URS0002915778_9606,66
P075506,UUCAAUUCCCGGCCAAUGCAN,1,positive,train,GSE308686,URS00007131F2_9606,62
P071121,UUUGUAUAAUUAAGCAGGAUU,1,positive,train,GSE308686,URS000075EC44_9606,64
P061544,UUAAAGCACGUGUUAGACUGC,1,positive,train,GSE136967,URS00006F39E7_9606,29
N024160,AGCGUGGCCCCUGCGCAAGUA,0,negative,train,GSE279647,URS0000AAF39E_9606,44
N024405,UCAAGUUUGCCUAACACGCGA,0,negative,train,GSE279647,URS0000C8E9E5_9606,32
N013330,CAAGUGUAGUAUUUAUAGAUA,0,negative,train,GSE279647,URS000063C619_9606,38
N026677,NNNNNNNNAUCAUUUAUCGGC,0,negative,train,GSE279647,URS00033DDCFF_9606,3
P076363,NGCAGCGAUGGCCGAGUGGUU,1,positive,train,GSE308686,URS0000092302_9606,10
P074212,ACUAUGAUGGUUGCAUAGUUC,1,positive,train,GSE308686,URS000082A21B_9606,15
N022371,NNNNCCUUCAAUAGUUCAGCU,0,negative,train,GSE279647,URS0000730EC3_9606,7
N025796,NNNNNNNNNNAGAGAGAGAGA,0,negative,train,GSE279647,URS0002A619BA_9606,1
P075356,UCGGCGCUCUCACCGCCGCGG,1,positive,train,GSE308686,URS0000635088_9606,36
P076183,AGCACUCUGGACUUUGAAUCC,1,positive,train,GSE308686,URS000070F1D2_9606,31
P060630,GUAUUUUUGUCCUCUAAGAAG,1,positive,train,GSE136967,URS0000313FF1_9606,53
P070653,CGUGUCAUCUGAGCCUCUGGC,1,positive,train,GSE308686,URS0000706530_9606,31
P076124,NNNNNNNNNNUGGUAUAUAGU,1,positive,train,GSE308686,URS00001EC0B3_9606,1
P064090,AGUAUUGUCAAAGCAUCUGAA,1,positive,train,GSE308686,URS0000759EFA_9606,70
P061057,CCCGUGCCCCCCAGGGGCUAU,1,positive,train,GSE136967,URS00006D051B_9606,38
P071274,UGAGCCUCAGAGCUUUGAAGG,1,positive,train,GSE308686,URS000062A15C_9606,61
P059001,CAAUGAUGAGUUGCCAUGCUA,1,positive,train,GSE136967,URS00000E9A93_9606,14
P079164,AGGACUGUAGUGGAUAGGGCG,1,positive,train,GSE279647,URS0000636E2A_9606,38
N012960,UUGGGCCGAGUGCAGUGGUGU,0,negative,train,GSE279647,URS0000634F2D_9606,13
P063685,NNNNUUUACCUUCUUGUAUAA,1,positive,train,GSE308686,URS000075EAF7_9606,7
N016371,AGCAGGGCUGGGCCUGGUAAG,0,negative,train,GSE279647,URS0000688F51_9606,64
P059231,AAUCAAUGAUGAAACCUAUCC,1,positive,train,GSE136967,URS00006F8A66_9606,11
P074986,ACGGAGCGAGUCCCCGCGCGC,1,positive,train,GSE308686,URS00004A7003_9606,388
N025801,NNNNNNNNGAGCCGCGACGGG,0,negative,train,GSE279647,URS0002A679D6_9606,3
P068148,AGGGACAAAGCAACUCCUUGU,1,positive,train,GSE308686,URS0000438819_9606,67
P068480,UCUUGUGGUUCCAGUAGUCAA,1,positive,train,GSE308686,URS000075B5A7_9606,79
P059922,CACGCGAAAGGUCCCCGGUUC,1,positive,train,GSE136967,URS0000748C4B_9606,46
P063947,CAUCCAGCUGUGUGAUAUUCU,1,positive,train,GSE308686,URS00003BACA4_9606,41
P069630,CUAAGGGACCUUGGAGACAGG,1,positive,train,GSE308686,URS00000D55EA_9606,124
P068838,NNNNNNNNUGCAGCCGUGUCA,1,positive,train,GSE308686,URS00001FC3CF_9606,3
N004337,NNNNNUCCCUGGGGACCCCUG,0,negative,train,GSE136967,URS0000759F56_9606,6
P065928,AAUUGAGUGAAAUCGUAACGG,1,positive,train,GSE308686,URS0000608804_9606,100
N004935,ACCCCAUGCACCGCUCUGAGA,0,negative,train,GSE136967,URS00006D7506_9606,70
P063346,GUCGGUAGAGCAUCAGACUUU,1,positive,train,GSE136967,URS000071C635_9606,25
P061345,GACCAGGUCUCUGUUGGCUGG,1,positive,train,GSE136967,URS000063C47F_9606,26
N023629,AUGAUGGUUUUUCAACGUUCA,0,negative,train,GSE279647,URS0000817DE1_9606,19
N009815,GCAGGUUUGCAUCCAGCUGUG,0,negative,train,GSE279647,URS00003BACA4_9606,32
P059350,UGCUAUCUGCUGCUAUGGUUU,1,positive,train,GSE136967,URS0000721537_9606,40
N050837,UUGGUACCUCGUUGUCUGAUG,0,negative,train,GSE308686,URS000046CCFB_9606,58
P063591,GGCUUAUCCGUUAUGUUCCGG,1,positive,train,GSE308686,URS000069B06F_9606,66
P058696,UAAGCCAGGGAUUGUGGGUUC,1,positive,train,GSE136967,URS000005A7A9_9606,46
P081043,CAGUCUUGGCUCAUGAACUUC,1,positive,train,GSE279647,URS0000714944_9606,42
N024740,NNNUAGCUUAACACAAAGCAC,0,negative,train,GSE279647,URS0000DDCC12_9606,8
P068312,NNNNNNNNNGCGCUGUCUUUG,1,positive,train,GSE308686,URS0000726F61_9606,2
N002709,NNNNNNNNNNGGGCUCCCAUG,0,negative,train,GSE136967,URS00006611EB_9606,1
N015501,UGCCAUUGCUUUGGAACAAUA,0,negative,train,GSE279647,URS0000673DB0_9606,27
N019364,CAUACAUUAAAAUUGGAACAA,0,negative,train,GSE279647,URS00006D8551_9606,29
P072800,GCUCUAGAAUUACUCUGAGAC,1,positive,train,GSE308686,URS00000A3335_9606,71
N024788,NNNNNNNAAAGAUUAAGAGAA,0,negative,train,GSE279647,URS0000DEB98F_9606,4
N003139,UGGGUGCAAACAAUNNNNNNN,0,negative,train,GSE136967,URS00007136D1_9606,195
N019250,AGGGAGAUAGAGUAGGAGCUU,0,negative,train,GSE279647,URS00006D4DB0_9606,120
N022490,UUCGGCGCUUUCACCGCCUGC,0,negative,train,GSE279647,URS0000739B5B_9606,35
P073297,AAUAUUUUUCGUCAACAGCAG,1,positive,train,GSE308686,URS0000434604_9606,24
P061053,ACAGAUGAUGAACUUAUUGAC,1,positive,train,GSE136967,URS000063F175_9606,12
P081035,GCCCAUGAGGUGGCAAGAAAU,1,positive,train,GSE279647,URS000044DFF6_9606,702
P076471,UCUCGCUGGGGCCUNNNNNNN,1,positive,train,GSE308686,URS0000725A6A_9606,70
P067647,AGCUUCCCUGCUCUGUUAAUU,1,positive,train,GSE308686,URS000068A4EE_9606,39
P063285,GAAUCUCUCUGAGAAAGAAAA,1,positive,train,GSE136967,URS0002869D46_9606,45
N012548,UAUGCCCUAUCUCAUCUGAUC,0,negative,train,GSE279647,URS000062A50C_9606,35
N018686,GAGCGCAUGCUUUGCACGUAU,0,negative,train,GSE279647,URS00006C8EDF_9606,31
P071061,NNNNNGCCAAAUGAUGUUUAU,1,positive,train,GSE308686,URS00002F13BD_9606,6
P067192,AGACAAGCCGUUAUAUAGACU,1,positive,train,GSE308686,URS00000F8A5F_9606,108
P078025,UGGUGGUCGUAAAAGGAGGAA,1,positive,train,GSE279647,URS00005D459D_9606,52
N003395,NNNACUGGCUAGGGAAAAUGA,0,negative,train,GSE136967,URS0000259AE4_9606,8
P060265,CCUGUCUGAAAAUCUGGACUG,1,positive,train,GSE136967,URS000072C309_9606,35
N016780,CCCCAAAUGUGGAAAACUGGA,0,negative,train,GSE279647,URS000069640D_9606,109
N014260,UCAGAAGCUAAGCAGGGUUGG,0,negative,train,GSE279647,URS000065217D_9606,55
P066074,CGGAGCCAUUGUGGCUCCGGC,1,positive,train,GSE308686,URS000002A4F1_9606,12
N016227,NGCAUUGGUGGUUCAAUGGUA,0,negative,train,GSE279647,URS0000684E4B_9606,10
P062544,NNNNNNNGCGGCCGGUGAUGA,1,positive,train,GSE136967,URS00006F4F8C_9606,4
P073471,AGGUACUGAGAAGGNNNNNNN,1,positive,train,GSE308686,URS00004BEE5E_9606,72
P072607,UGGUCAGCAUUGCAUCUGAGG,1,positive,train,GSE308686,URS0000215639_9606,54
P079438,NNNNNNNNNNGCAGACUCACU,1,positive,train,GSE279647,URS00006FB8B0_9606,1
P077487,UGCCUUAAACUUAUGAGUAAG,1,positive,train,GSE279647,URS00006ECA78_9606,12
P065679,GGAUCGUCGUCAGGACUGCCA,1,positive,train,GSE308686,URS000075C168_9606,83
N018060,NNNNNNNNAAGUGUUAGAGCU,0,negative,train,GSE279647,URS00006BD86A_9606,3
N032389,ACCCUGGGACCUGGGGAUAAG,0,negative,train,GSE308686,URS000072157F_9606,110
N003664,AGUGAUACGAGCAGUUAUACG,0,negative,train,GSE136967,URS00005682D3_9606,42
P061882,AGUUUCCACCAAAAGCUUGGC,1,positive,train,GSE136967,URS000066E3F5_9606,42
P071146,UGAUGAUGAGUUUGUAUAAUU,1,positive,train,GSE308686,URS000075EC44_9606,54
P064411,AGUUGUGGGGUAGUGAUUUUA,1,positive,train,GSE308686,URS00004BFD1E_9606,35
N014476,CUUGGAUGGGAGCAGUGUGGC,0,negative,train,GSE279647,URS000065782C_9606,88
P082024,ACAAAGUAAGCGCAAGUACCC,1,positive,train,GSE279647,URS000044DFF6_9606,655
P075181,GGUCCCUGGUUCAAAUCCAGG,1,positive,train,GSE308686,URS00004CF9D8_9606,54
P073477,AAAAUGACUUUCGUUCUUCUG,1,positive,train,GSE308686,URS00004BEE5E_9606,31
P061246,UAAUACUGAAACCUGAUGUUA,1,positive,train,GSE136967,URS0000626A32_9606,39
P070939,UACCUCUUCUGAGACACNNNN,1,positive,train,GSE308686,URS000063A91D_9606,78
N012724,CGAGGGGAUACAGCAGCAAUU,0,negative,train,GSE279647,URS0000630758_9606,11
N025217,UUGUGAAGGCGGGUGGUGCUC,0,negative,train,GSE279647,URS0002310556_9606,24
P073001,NNNNNNGGUGCAGAUGAUGAC,1,positive,train,GSE308686,URS000046CCFB_9606,5
P063175,UUGGCACCACAGACAGUUGCU,1,positive,train,GSE136967,URS00006CC68C_9606,26
P067458,UUUGACAGACCUGGAGCAGUU,1,positive,train,GSE308686,URS0000721537_9606,20
N007985,UUCCAUAUUUUGNNNNNNNNN,0,negative,train,GSE279647,URS000021BDC3_9606,106
P066442,UUAUCAGUAGUUUACACAGCC,1,positive,train,GSE308686,URS000031F86D_9606,32
N009273,GUGAGUGUUUCUUUGGCAGUG,0,negative,train,GSE279647,URS000033F823_9606,19
P076165,AUGGUAAGCACUCUGGACUCU,1,positive,train,GSE308686,URS00006365BC_9606,25
P057970,GACUGAAGAUCUAAAGGUCCC,1,positive,train,GSE136967,URS000029CCC5_9606,40
P065220,UAUAUCCUAGCCUUGUGUCAA,1,positive,train,GSE308686,URS000021BC29_9606,37
P071683,UGGAUGUCUGAGCGANNNNNN,1,positive,train,GSE308686,URS000066E3F5_9606,84
N014478,GGAUGGGAGCAGUGUGGCUAC,0,negative,train,GSE279647,URS000065782C_9606,91
P073444,CUACUCUCUGAGCAGCNNNNN,1,positive,train,GSE308686,URS00004BB247_9606,61
N004902,UAUCUCUCAUGAUGAACACAU,0,negative,train,GSE136967,URS0000467AB5_9606,15
P061872,GCUAAUGAUGGCAACACCUUC,1,positive,train,GSE136967,URS000066E3F5_9606,61
P081864,CCUGGAAAGACUUUGACAGCG,1,positive,train,GSE279647,URS000002FDBC_9606,75
N016595,AUCUCAGAAGUAAGCAGGGUU,0,negative,train,GSE279647,URS000068E89F_9606,52
P067426,UGUUGUUCUUUUGGUUUGCAC,1,positive,train,GSE308686,URS000019135F_9606,43
P068786,ACCUUGCCUGACUGUGCUCAU,1,positive,train,GSE308686,URS000075E772_9606,25
N022973,AGCAUUGUUCUGAGCCAGUCN,0,negative,train,GSE279647,URS000075AA41_9606,66
P072249,AAUAUUUGCUAUCUGAGAGAU,1,positive,train,GSE308686,URS000052FCE0_9606,28
P075667,GCCUCACCUGGAGCANNNNNN,1,positive,train,GSE308686,URS00007362AD_9606,70
P061626,AGCCUCUGCGUGUCUGGCUGU,1,positive,train,GSE136967,URS00006CD075_9606,23
P070931,UGUUCAAUGAUGAUUUCUAUU,1,positive,train,GSE308686,URS000063A91D_9606,12
N023124,CAGAUCGCAUAAAUCUUUCGC,0,negative,train,GSE279647,URS000075BAAE_9606,28
N016097,CAUAAUGAACACCACGUGUCU,0,negative,train,GSE279647,URS0000680170_9606,43
P072059,CACUGAGAUCCAACUCUGAUC,1,positive,train,GSE308686,URS0000ABD85F_9606,55
P065745,AAGAUAACUCUUUGUAAAUGU,1,positive,train,GSE308686,URS0000466492_9606,47
N023239,AUGUUAUGAUCACGAAGGUGG,0,negative,train,GSE279647,URS000075CD30_9606,31
N008418,UAGAGCGCGUGCUUAGCAUGC,0,negative,train,GSE279647,URS0000282AB2_9606,29
P061359,NNNNNNNCCCGCCACUGCACC,1,positive,train,GSE136967,URS000063C47F_9606,4
P066677,ACAGUUGCUCUGCUGUGCCUG,1,positive,train,GSE308686,URS000075A77B_9606,36
P063755,CAGUGCAAUGAUGAAAGGGCA,1,positive,train,GSE308686,URS000075E379_9606,61
N021430,CUACUGCUUCCCCCCUUCUCA,0,negative,train,GSE279647,URS00007185E9_9606,80
P073916,CGUGAUGACAUUCUCCGGAAU,1,positive,train,GSE308686,URS000075D268_9606,13
N023395,UCGAAGAAGCANNNNNNNNNN,0,negative,train,GSE279647,URS000076D323_9606,45
N036253,CAGACUACUCUCCUCCGCCCA,0,negative,train,GSE308686,URS000013F331_9606,329
N026173,NNNNAUCAAUUCAUGGCCUUU,0,negative,train,GSE279647,URS00031822AE_9606,7
P060119,UAGAUCCUUAGGUCGCUGGUU,1,positive,train,GSE136967,URS0000233681_9606,45
N083096,CGCGUAUUCGUACUGGCUGAU,0,negative,train,GSE136967,URS0000185C0B_9606,56
P082144,AAUCCUUAGGCGUGGUUGUGG,1,positive,train,GSE279647,URS0000650132_9606,30
P059225,AAGAAAAAUAAGUACGGAUUC,1,positive,train,GSE136967,URS00006F8A66_9606,48
P060708,AUGCAAGAUUCCCAUUCUUGC,1,positive,train,GSE136967,URS0000502C74_9606,33
P058884,UACAGAAGGUUGACGAAAAUU,1,positive,train,GSE136967,URS0000679E95_9606,78
P058256,CAAAACCAUUCGUAGUUUCCA,1,positive,train,GSE136967,URS000071EB91_9606,30
P061147,GAGCAAACUGAGCCUCUAAGA,1,positive,train,GSE136967,URS0000759F56_9606,70
N017896,NNGGGGGUAGGGCUCAGGGAU,0,negative,train,GSE279647,URS00006B9174_9606,9
N050581,AACUGCUUGUGUGUUGGCAGG,0,negative,train,GSE308686,URS00006BA413_9606,143
P067552,UUACCUGAUUGUGUUUGUGCA,1,positive,train,GSE308686,URS00005A3020_9606,31
N012333,UCUCCUCUGAUCUUGGAAGCU,0,negative,train,GSE279647,URS0000624BAB_9606,43
N039630,GUCAGUCACCAGGUUAGAGAC,0,negative,train,GSE308686,URS00002BF97D_9606,116
P064719,CUGCGCUCCCCUGCUAGAACC,1,positive,train,GSE308686,URS0000734D8F_9606,212
N024098,CUCAUCUGAUUUCCGAAGCUA,0,negative,train,GSE279647,URS0000AA4149_9606,44
P060886,UCUAGUUUCUCUUCAGAUCAU,1,positive,train,GSE136967,URS000071EA53_9606,15
P058617,AGAAACGAGUGUGAGUCUGAA,1,positive,train,GSE136967,URS0000673862_9606,73
P078630,UGGCUUUAACAUAUCUGAACA,1,positive,train,GSE279647,URS000044DFF6_9606,392
P076786,GGACUUUCUAUCUGUCCAUCU,1,positive,train,GSE308686,URS0000A76E3A_9606,49
N017268,GAGUGCUUGCUUAGCAUGCAA,0,negative,train,GSE279647,URS00006A7FD7_9606,32
P068516,UAUAGUCAAAGGUGCUUGAGU,1,positive,train,GSE308686,URS000075B5A7_9606,127
P073003,CUGUAAAGCGACCAAAGUCUG,1,positive,train,GSE308686,URS000046CCFB_9606,27
P068776,NNGGGCAUACUCGUAGACCUU,1,positive,train,GSE308686,URS000075E772_9606,9
P063214,CUUCUGCUGUGAUGGAUUAAA,1,positive,train,GSE136967,URS0000708227_9606,47
N028831,AGCAUCUCAGUGAUGCAAUCU,0,negative,train,GSE308686,URS000030BA79_9606,58
N008788,UAGUUCUGUGUGGAAGACUAG,0,negative,train,GSE279647,URS00002C5007_9606,24
N016924,CAACAGGAAUCUGGGGUCAAU,0,negative,train,GSE279647,URS000069B54D_9606,66
P060553,CUGCCGAGAGCACUUCCCCGU,1,positive,train,GSE136967,URS00006BEDDC_9606,75
N003402,CCCACACACAGNNNNNNNNNN,0,negative,train,GSE136967,URS000064AE5E_9606,182
N014757,UGCAAGAGUAAUGUGGAGUUU,0,negative,train,GSE279647,URS000065E84A_9606,69
N022685,UUACUAUAGUGGUGAGUAUCU,0,negative,train,GSE279647,URS00007501FD_9606,17
N024795,CUUCCAAUUAANNNNNNNNNN,0,negative,train,GSE279647,URS0000DF0F09_9606,39
P063488,GUCAUUUCAAAGAGGGCUUAU,1,positive,train,GSE136967,URS00003818BD_9606,13
P073002,NNNNNNNNNGGUGCAGAUGAU,1,positive,train,GSE308686,URS000046CCFB_9606,2
N004491,ACUAUAAAAAAAAUGGAUCUC,0,negative,train,GSE136967,URS00006A8DC5_9606,23
N015829,ACUCCGUGUUCCUCCCAGGGC,0,negative,train,GSE279647,URS0000678739_9606,121
N022334,ACUUAUUUAGUCCACUUCAUG,0,negative,train,GSE279647,URS000072D805_9606,144
P076432,UUAAAGCGCCUGUCUCGUAAA,1,positive,train,GSE308686,URS000071D869_9606,30
P068890,UCAUAGCGGGGGCUGGCCCAG,1,positive,train,GSE308686,URS000072157F_9606,43
N033598,CCUAAUGGAUAAGGCACUGGC,0,negative,train,GSE308686,URS00002D7BB5_9606,21
N004410,UAACCAUUUUCAUCUCUUCUG,0,negative,train,GSE136967,URS00005682D3_9606,106
N016752,AAGCGGUAGAGCGCUCCCUUA,0,negative,train,GSE279647,URS0000693544_9606,24
P067195,UUAUAUAGACUUAAACAGUNN,1,positive,train,GSE308686,URS00000F8A5F_9606,118
P063476,UGACCAAAGAUGGAAGUUCUC,1,positive,train,GSE136967,URS00003818BD_9606,65
N021854,GCGUUUGAGUCAUGGACGAUG,0,negative,train,GSE279647,URS00007234FC_9606,34
P069578,GCACACAGCAGCUUCCUUGGU,1,positive,train,GSE308686,URS00000D55EA_9606,70
P070642,AUCAGUCUUUGUACUCUGAGA,1,positive,train,GSE308686,URS0000706530_9606,130
P062043,NNNUGUCGGGUAGCUUAUCAG,1,positive,train,GSE136967,URS00000AF93C_9606,8
N017955,GGAAAUACCAUGAUCAUGAAG,0,negative,train,GSE279647,URS00006BA943_9606,27
P058329,CUCAGGGGUAGAGCAUUUGAC,1,positive,train,GSE136967,URS0000646601_9606,21
P072278,UGAUGAGGACCUUUUCACAGA,1,positive,train,GSE308686,URS0000454FD5_9606,17
P070431,ACAGGCCCGUCACCCUGGGCC,1,positive,train,GSE308686,URS0000647500_9606,30
P068715,AUGUCUUCGGUGCUGGCGGCU,1,positive,train,GSE308686,URS00000CC074_9606,100
N021953,ACUGAGACCUUNNNNNNNNNN,0,negative,train,GSE279647,URS0000725609_9606,72
P067335,AGAAAACCCUUGAUUGUAUUC,1,positive,train,GSE308686,URS000022C1CA_9606,72
P064446,AGAAGCGUAUCCCGCUGAGCG,1,positive,train,GSE308686,URS00026A2211_9606,162
N045411,ACCAUUUGAAAUCAGUGUUUU,0,negative,train,GSE308686,URS00001E96DA_9606,66
N020712,GCGUCCAAUCUCGUCUGAUCU,0,negative,train,GSE279647,URS00006FF7E2_9606,35
P058375,NNNNNNCCCCUUUUAAAAGCA,1,positive,train,GSE136967,URS0000634EB5_9606,5
N003010,GAUAGUCUCACACUCNNNNNN,0,negative,train,GSE136967,URS000008230A_9606,129
N050297,UUACCUGUGGGCUGUGAGCAC,0,negative,train,GSE308686,URS00003D5684_9606,105
P069080,NNNNNNNNAUCCUCCUGAUCC,1,positive,train,GSE308686,URS00005D459D_9606,3
P066031,CCCUCGGGCCCUCACGGAGGC,1,positive,train,GSE308686,URS000010A63C_9606,45
N013555,GGGAAUUAGCUCAGGCGGUAG,0,negative,train,GSE279647,URS0000643F30_9606,12
P067804,UCUAUAGUUCCUUGUCUUUGG,1,positive,train,GSE308686,URS000075B384_9606,28
N027512,UGAUAUUUGUGGAAAUUCUGA,0,negative,train,GSE308686,URS0000069864_9606,58
N018737,CCACACAUUUACCUAGCAUUG,0,negative,train,GSE279647,URS00006C9A39_9606,157
P077825,NNNNNNNNNGUUUCUGUAGCG,1,positive,train,GSE279647,URS00006C6310_9606,2
P061959,GCCUCUCUUUCCUUGAGGGGU,1,positive,train,GSE136967,URS0000210FD6_9606,115
P073179,AUGACUAUCAUUGGGUUUCGC,1,positive,train,GSE308686,URS00006C2FB0_9606,19
N021714,CAGCACUUCCANNNNNNNNNN,0,negative,train,GSE279647,URS000071ED2F_9606,72
N083194,GUCUGAUUGGUGGCCCAGGGA,0,negative,train,GSE136967,URS0000A8C404_9606,34
P057888,ACAAAAUGAGUGAAAACUCUA,1,positive,train,GSE136967,URS00004219CE_9606,54
P059691,UGUGGGAAACUCGACUGCAUA,1,positive,train,GSE136967,URS000032B6B6_9606,115
P080184,ACAUAUCUGAACACACAAUAG,1,positive,train,GSE279647,URS000044DFF6_9606,400
P059346,UUUUGAAGUGCAAAUCCAUGA,1,positive,train,GSE136967,URS000067CAFD_9606,50
P062918,GAGGUACCCCGCAGGGGACCU,1,positive,train,GSE136967,URS000013F331_9606,296
N027379,GAAACCCAGAGCUCUUAACGC,0,negative,train,GSE308686,URS00003818BD_9606,42
N003593,GAAAUGUAAUGGUCAAUUCAU,0,negative,train,GSE136967,URS0000599BEA_9606,112
P061922,CGUGGAGAGAAACCGUUUUGA,1,positive,train,GSE136967,URS00006729B1_9606,66
P076755,GCUCAGCGGUUACUUCGACAG,1,positive,train,GSE308686,URS00005CCF67_9606,22
N016043,GUCUAUGACCAUACCUUCCUG,0,negative,train,GSE279647,URS000067F521_9606,11
N005398,NNNNNNGCAUCCGGGUUGAGG,0,negative,train,GSE279647,URS0000031E12_9606,5
P068306,NGCGCUGUCUUUGAGCCCCCG,1,positive,train,GSE308686,URS0000726F61_9606,10
N025773,GCCUAGGCGACAGAGCAAGAC,0,negative,train,GSE279647,URS0002A398C5_9606,1644
P074274,NCUGUUAGUGAUGAUUUUAAA,1,positive,train,GSE308686,URS00001FCA45_9606,10
P058549,CUAGGGAAAAUGAUUGGAUAG,1,positive,train,GSE136967,URS000068A4EE_9606,83
N006425,GUCUAAGGCGCUGCGUUCAGG,0,negative,train,GSE279647,URS00000FB60D_9606,28
N083622,GCGGUCUGAGUGGUUUUUCCU,0,negative,train,GSE136967,URS00003C5431_9606,214
N012380,CCCAUUCCCAUCUAAUCUUGG,0,negative,train,GSE279647,URS00006263C0_9606,38
N017657,UGACACGCAAAUGUGUGAAGC,0,negative,train,GSE279647,URS00006B4183_9606,80
P080583,UCAAGGUAAGCACCUUGCCUG,1,positive,train,GSE279647,URS0000735371_9606,44
P058124,AUGAUGAACACAAAAUGACAA,1,positive,train,GSE136967,URS000041615F_9606,16
P060217,AAUUGUCGGAUACCCCUUCAC,1,positive,train,GSE136967,URS000034C57A_9606,28
P073750,AACACAUCAUUCUGAAAGAAC,1,positive,train,GSE308686,URS00005BBB0D_9606,32
N017109,ACUCCGGAUGUGCCGACUCGC,0,negative,train,GSE279647,URS00006A394C_9606,80
P078931,AUUGGACUUCUAGAGGCUGAA,1,positive,train,GSE279647,URS000047CD44_9606,36
P059096,UGUAGUUCAUGAGCGUGAUGA,1,positive,train,GSE136967,URS000064F355_9606,18
P074561,ACCCAGCUGAGGUUGUCUUUG,1,positive,train,GSE308686,URS000075BEB6_9606,43
P060434,GAUGACGAGUCUGACUUGGGG,1,positive,train,GSE136967,URS00003A9200_9606,26
N002510,GCGGCCUUUUUAACCGCGAGC,0,negative,train,GSE136967,URS0000726F61_9606,116
P082097,AUGUGGUGCCUGUGAUGGUGU,1,positive,train,GSE279647,URS00007136D1_9606,38
P081407,GGAAAUAAAGCUGGGCCUCGU,1,positive,train,GSE279647,URS00004A4D73_9606,118
N015427,ACCAUGAUGACUUGAAAUAUA,0,negative,train,GSE279647,URS0000672AEB_9606,94
N017608,UGGGCCUAGUUAGAACUUGGA,0,negative,train,GSE279647,URS00006B0A14_9606,73
P059979,CUCUUCAGCUCUCAACUGAAC,1,positive,train,GSE136967,URS000063F860_9606,98
P061537,ACAUUCCAAUUAAAGCACGUG,1,positive,train,GSE136967,URS00006F39E7_9606,20
P072738,AAGUUUUAAUCUCCUGACACU,1,positive,train,GSE308686,URS000020C605_9606,26
N025775,UGCAGAUAGUACAGCUUCCAC,0,negative,train,GSE279647,URS0002A46849_9606,26
P074111,AGUUUCGGUCCCAGAUGAUGG,1,positive,train,GSE308686,URS000051B5A1_9606,27
N083617,CUUACUCCAGGGACUUUUUGU,0,negative,train,GSE136967,URS00006276F4_9606,21
N003698,CGAAGCUGCAGCUGCUUCCGC,0,negative,train,GSE136967,URS00006D2F8D_9606,23
P070249,CUGGCAGAGGCACCCAUUCCA,1,positive,train,GSE308686,URS00003852FE_9606,80
P060510,GAUGAUGACUUAAAAAAAUGG,1,positive,train,GSE136967,URS000022BCB9_9606,16
P061620,AAUUCAAAGGUUGUGGGUUCG,1,positive,train,GSE136967,URS0000225EE1_9606,47
P071279,CUCAAGGAAGGGAUGAUGUUC,1,positive,train,GSE308686,URS000062A15C_9606,15
P064179,AAGACUAGUGAUUUUGUUGUU,1,positive,train,GSE308686,URS00002C5007_9606,37
P064034,UGGGGAUGGGAUUUGCUUCCU,1,positive,train,GSE308686,URS00001CC864_9606,27
P057762,GGGAGAGAACGCGGUCUGAGU,1,positive,train,GSE136967,URS0000650B1E_9606,204
P058429,CUGGCGGGAAGGUCCUGGGCA,1,positive,train,GSE136967,URS0000706530_9606,105
N005705,NAGCUCUGAGGUGAUUUUCAU,0,negative,train,GSE279647,URS000007C458_9606,10
N016508,UGAUUCUUCUUCCUGAGCACG,0,negative,train,GSE279647,URS000068C891_9606,32
N009114,UUCCCGGGCGGCGCACNNNNN,0,negative,train,GSE279647,URS0000305D7E_9606,67
N024893,GAGAGAGAAACGAGCUGGCGG,0,negative,train,GSE279647,URS0000EF2D06_9606,45
P063316,AGCUCACUAUGACCGACAGUG,1,positive,train,GSE136967,URS0000164B86_9606,31
P070217,NNNNNNNNGACCUCCUGGGAU,1,positive,train,GSE308686,URS00003852FE_9606,3
N004158,NNNNNNNNACCGGGAUGGCCG,0,negative,train,GSE136967,URS0000625435_9606,3
P071874,CGAGUCAGAAAGGUCACGUCC,1,positive,train,GSE308686,URS000043549A_9606,31
P058577,UCGUAUAAAUCUUUCGCCUUU,1,positive,train,GSE136967,URS0000673862_9606,32
N026819,UAGUUAAUGUGGCUAAAUUGA,0,negative,train,GSE308686,URS00004ACFCF_9606,57
P067010,CUGUCUGUGUUUUUCAUUCAG,1,positive,train,GSE308686,URS0000818C5D_9606,62
P068748,AUCCUCAAACGCCGGGACACC,1,positive,train,GSE308686,URS00000CC074_9606,138
P069203,CAGACUACAAUAUAGCUGCUA,1,positive,train,GSE308686,URS00004B4AC7_9606,22
P064024,CUGUCACAAAUCACAUUGCCA,1,positive,train,GSE308686,URS00001CC864_9606,46
N020715,UCUCUCGAGGCUAAGUAGGGU,0,negative,train,GSE279647,URS00006FF7E2_9606,53
P058350,CUCCCGAGUGCGCGGUGGGGA,1,positive,train,GSE136967,URS00003941F3_9606,43
P059620,UAGGUGGCAGAGAUUAGAGAG,1,positive,train,GSE136967,URS000008230A_9606,62
P057649,CCCCGAGGAAGAGAGGUAGCG,1,positive,train,GSE136967,URS0000650B1E_9606,86
P067255,UUCCUUGUGGUCUGUUGGCUA,1,positive,train,GSE308686,URS00002E5E66_9606,79
P060688,CUGGUCUCCGGAUGGAGGCGU,1,positive,train,GSE136967,URS0000735371_9606,51
P057865,NNNNNNNGGAUCGAUGAUGAC,1,positive,train,GSE136967,URS00004219CE_9606,4
N021825,CCUCCAAAAUCGAAGGGCUGC,0,negative,train,GSE279647,URS0000723018_9606,67
N027585,AAAUUCUAUUCUGAGGCUNNN,0,negative,train,GSE308686,URS000026D828_9606,53
N014269,GAGAGUGCCUGGGAAUACCGG,0,negative,train,GSE279647,URS000065217D_9606,97
P059557,GACUUAGCUUGUGUUAUGGCC,1,positive,train,GSE136967,URS0000569A4A_9606,280
N026125,AAUUCUCGGCCUUUUGGCUGA,0,negative,train,GSE279647,URS000316CE51_9606,14
P060476,AGCCCUGGUUGAAGUAAUUUC,1,positive,train,GSE136967,URS00003A9200_9606,104
N016170,ACCUCUCGGUCUUUUGGCUAA,0,negative,train,GSE279647,URS000068350A_9606,14
P060113,CCGGCUCGAAGGANNNNNNNN,1,positive,train,GSE136967,URS0000233681_9606,71
P059607,UAUCCUUUUAAAACUCAGGCA,1,positive,train,GSE136967,URS00005F1DD0_9606,77
P070534,GUGGUUGCUGGAUGCUGUUGU,1,positive,train,GSE308686,URS000064B135_9606,16
P058415,UCCCUGCCAGUGCAGCCCUGG,1,positive,train,GSE136967,URS0000706530_9606,53
P058991,CUGAGCCACCAGGUAGGGCAG,1,positive,train,GSE136967,URS00000E9A93_9606,38
N030610,CUCAGCUUUCCUAUAAUGNNN,0,negative,train,GSE308686,URS000002FDBC_9606,125
P073034,UUUAACUGUUCAACUGCUGAA,1,positive,train,GSE308686,URS0000694F71_9606,25
N003626,AUGGAUUCGCACGAGAAGAAG,0,negative,train,GSE136967,URS00004640CB_9606,52
P080404,CGCGCCGGUCUCCCGGAGCGG,1,positive,train,GSE279647,URS0002A20F36_9606,31
P068156,UCUCAUAUCAGCCAGGGACAA,1,positive,train,GSE308686,URS0000438819_9606,54
P059682,CUCGACUGCAUAAUUUGUGGU,1,positive,train,GSE136967,URS000032B6B6_9606,124
N045316,CGGGCGCUCUCCAGCCCUCUU,0,negative,train,GSE308686,URS000058CD99_9606,78
N017085,NNNNNNNNNNGCCCAACUGGU,0,negative,train,GSE279647,URS00006A31A1_9606,1
N013364,GGUUCGAUCCCCAGUACCUCC,0,negative,train,GSE279647,URS000063E4FD_9606,61
N055421,AACACCAGUCGAUGGGCUGUC,0,negative,train,GSE308686,URS00000AF93C_9606,57
P078074,AACCCCGAUCAACCUCACCAC,1,positive,train,GSE279647,URS000044DFF6_9606,584
P064192,CUUGUCCCGGCCUGUUGAGUU,1,positive,train,GSE308686,URS00002B6637_9606,65
P066535,GGUCGCCGUUCUGUUUGUUGU,1,positive,train,GSE308686,URS00006020BE_9606,91
N018441,AGCCUACAGUAGAGGGCCCAG,0,negative,train,GSE279647,URS00006C4777_9606,63
N025390,AUUUCCGUGAUUUCCCCAAAU,0,negative,train,GSE279647,URS000231FA35_9606,94
N083309,AAAUUAUUUUUUCUUUCCUCC,0,negative,train,GSE136967,URS00023473A4_9606,877
P058718,GGGUUCAAAUCCCGGACGAGC,1,positive,train,GSE136967,URS00002D40C8_9606,60
N049597,AACUGUCACUCAAUGGGACAG,0,negative,train,GSE308686,URS000022C1CA_9606,117
P061225,CCUAAAGAAUUGUCUUUCUAU,1,positive,train,GSE136967,URS0000599BEA_9606,65
N003185,NNNNNNNGCCCCGGUGGCCUA,0,negative,train,GSE136967,URS000005A7A9_9606,4
P071291,UUCCAGUUGAGACUCAAGAAA,1,positive,train,GSE308686,URS000062A15C_9606,33
N030915,AAAUCAGUAUGAAUGAAUUCA,0,negative,train,GSE308686,URS000062539F_9606,27
N018404,ACACCCAACAGGAAUCUGGGG,0,negative,train,GSE279647,URS00006C38E6_9606,61
P062649,AAGACGCGUUAUUAAGAGGAC,1,positive,train,GSE136967,URS00003B57B1_9606,29
N005896,UGUCUGAUAAAAGAGUUACUU,0,negative,train,GSE279647,URS00000A15FA_9606,19
N055928,UUUGGAAGAAACAACCNNNNN,0,negative,train,GSE308686,URS0000552BBC_9606,132
N029252,UCGGUGGUGUGACAAGGNNNN,0,negative,train,GSE308686,URS00004EA987_9606,127
P080512,UUGGUCCUAGCCUUUCUAUUA,1,positive,train,GSE279647,URS000044DFF6_9606,18
P062778,UCGAUUGCUCUGCGUGCGGAA,1,positive,train,GSE136967,URS000000A142_9606,50
N009241,NUUGGUAUAUAGUUUAAACAA,0,negative,train,GSE279647,URS000032B149_9606,10
P064590,GCUGGCUAGGCGGGUGUCCCC,1,positive,train,GSE308686,URS0000734D8F_9606,80
P073703,CCUUCUGACCCUCCACUGUGG,1,positive,train,GSE308686,URS00004D7B5D_9606,36
N015151,CACAAAGUUGGUUUCCCAGGG,0,negative,train,GSE279647,URS0000665DF2_9606,41
P059395,CCUAGGUUGUCUUGUACCUAG,1,positive,train,GSE136967,URS0000AAB145_9606,29
N011610,AGUUUGCUGAAGCUGUUGGUU,0,negative,train,GSE279647,URS0000599BEA_9606,33
P069822,CCCGUGUCCUGGUCAUUGGUA,1,positive,train,GSE308686,URS00005B5A80_9606,40
P060774,UCAGUGAUGUUGUAAAAAUAA,1,positive,train,GSE136967,URS000071E913_9606,17
N019950,ACACUCUGAACGCACCCAAUC,0,negative,train,GSE279647,URS00006E9D7F_9606,23
N026414,AAGGCACCUGUUCUCGUCUGA,0,negative,train,GSE279647,URS00032B2B1D_9606,32
P067147,AUGAUCAAAACUGUCUGACAC,1,positive,train,GSE308686,URS00000F8A5F_9606,30
P082810,AGCGGAGGACUGUAGGUUCAU,1,positive,train,GSE279647,URS0000732902_9606,33
P081418,CAACUAGAGCUUUUGCUUUAU,1,positive,train,GSE279647,URS000075ADBA_9606,97
N018600,GUACUUCCAGGCAGGUGCUUU,0,negative,train,GSE279647,URS00006C8370_9606,34
P065206,UGGGUUUAAGAAGUGCAAUAU,1,positive,train,GSE308686,URS000021BC29_9606,82
P059482,CAUAGGGCUCUGCCCCAUGAU,1,positive,train,GSE136967,URS00004A4D73_9606,72
N015521,AAGGGACACAGAGCUUGUGAC,0,negative,train,GSE279647,URS0000673E8F_9606,92
P077337,CGCAUUUAUAUAGAGGAGACA,1,positive,train,GSE279647,URS000044DFF6_9606,900
N009688,AGCGGGGCCUUNNNNNNNNNN,0,negative,train,GSE279647,URS00003A74C5_9606,75
P067698,UCAGGCUGUGGGGCCAGGAUU,1,positive,train,GSE308686,URS000037D7AE_9606,34
N016584,AGAUGGGAGACCACCUGGGAA,0,negative,train,GSE279647,URS000068E17B_9606,82
N024266,NNNNNNNNNNACCUGGCAUAC,0,negative,train,GSE279647,URS0000B6B11E_9606,1
N055537,NNUUGCAUGUGGAAAUGUCUG,0,negative,train,GSE308686,URS00005A2612_9606,9
P059194,GCAAAUGAUGCAUAUGUUAGC,1,positive,train,GSE136967,URS0000692106_9606,14
P069010,CAGGAUUUUCGCUAACACCAG,1,positive,train,GSE308686,URS00004C6257_9606,90
P067026,CAAAUUCCCACACACAGNNNN,1,positive,train,GSE308686,URS0000818C5D_9606,183
N015337,ACAACAUAUUAAAUGGACUUU,0,negative,train,GSE279647,URS000066D0D9_9606,92
N004322,CCUUGACUGAAGCUGAUGAUG,0,negative,train,GSE136967,URS000075EC44_9606,41
P057613,ACUAGAGAAGUUUCUCUGAAC,1,positive,train,GSE136967,URS0000650B1E_9606,48
P058971,GUUGGUUGAAAAUCGCCCCCG,1,positive,train,GSE136967,URS00006D48F7_9606,11
P062462,NGGGCUCCCAUGAUGUCCAGC,1,positive,train,GSE136967,URS00006611EB_9606,10
N012403,NAUUGCUUCUCAGCCUUUUUG,0,negative,train,GSE279647,URS00006274CB_9606,10
P059075,NNNNNNNGGGCUAAUGAUGGA,1,positive,train,GSE136967,URS00006F0D71_9606,4
N011581,CUCAUGCCCCCAUGUCUAACA,0,negative,train,GSE279647,URS0000595B38_9606,36
N038480,UUUAAGUCCCAUUGGUCUAGN,0,negative,train,GSE308686,URS00004206E2_9606,64
P076644,UCCGUGGUGUAGUGGUUAUCA,1,positive,train,GSE308686,URS0000753215_9606,14
N021801,AUGUCUUCUCAGCCUUUUGGC,0,negative,train,GSE279647,URS0000722A63_9606,11
P060201,GUUCAAAUCACGUCGGGGUCA,1,positive,train,GSE136967,URS0000222FD2_9606,62
P072865,CCUGUGUGCCACUUGCCAAUG,1,positive,train,GSE308686,URS0000010A7C_9606,61
P060995,GUGAUGAUCUUAUCCCGAACC,1,positive,train,GSE136967,URS00002524EE_9606,16
N026120,NNNNNNNNAUCAAUUCUCGGC,0,negative,train,GSE279647,URS000316CE51_9606,3
P075850,GGUUAAGGCGUUGGACUUAAG,1,positive,train,GSE308686,URS000064E10F_9606,27
N016332,ACAACCACUUAAGAUUUCUUU,0,negative,train,GSE279647,URS00006884FF_9606,50
N015014,UGGCUAGAACUUGGAUGGGAG,0,negative,train,GSE279647,URS0000661831_9606,64
N009093,UCCCAUUCUUGCGACCCGGGU,0,negative,train,GSE279647,URS0000305D7E_9606,42
P074662,ACUUGGGUGUUGUUGAAAUAA,1,positive,train,GSE308686,URS000071BC75_9606,68
N024189,UAAAUUUGACUAGCUUAANNN,0,negative,train,GSE279647,URS0000AB0C61_9606,89
P058469,CAGGCUGAUGAGACUAAGGCG,1,positive,train,GSE136967,URS000014FF3E_9606,11
N018346,UGCUGAGUUCCAGUGAUGCCU,0,negative,train,GSE279647,URS00006C2FB0_9606,44
P075800,GUGGUCUAAGACGCUGGAUUA,1,positive,train,GSE308686,URS00005B7465_9606,25
N027768,UGCCAGUCUCCUUCAGACAAA,0,negative,train,GSE308686,URS000033A30E_9606,117
N049347,UAGCAUAUCAUUAUUAAAGGU,0,negative,train,GSE308686,URS00006C8A51_9606,115
P077581,GUACCCACGUAAAGACGUUAG,1,positive,train,GSE279647,URS000044DFF6_9606,670
P059265,GGGUAUGAUCUCUUAAUCUUC,1,positive,train,GSE136967,URS00005D7632_9606,76
N007519,CGAACCCCGUCCGUGCCUNNN,0,negative,train,GSE279647,URS00001D9AFB_9606,65
P058286,UCAAUGAAAGCGCUUCCCCGU,1,positive,train,GSE136967,URS0000A8E179_9606,98
P075636,GGUUAGAGCGUGGUGCUAAUA,1,positive,train,GSE308686,URS000072E1AF_9606,28
P081339,GUAGCCCAUGAGGUGGCAAGA,1,positive,train,GSE279647,URS000044DFF6_9606,699
N007535,CAGGCUUCAAACCUGUAGCUG,0,negative,train,GSE279647,URS00001DA281_9606,40
P067790,GUUCCCUGUCUUUGGACACGU,1,positive,train,GSE308686,URS00000B589B_9606,35
N000218,GUGGUGAUGGAAAUGUGUUAG,0,negative,train,GSE136967,URS0000656AFD_9606,80
N006271,UAGGCUAAAUCCUAUAUAUCU,0,negative,train,GSE279647,URS00000DA2F2_9606,57
P058629,AGUCUGAAACCAAUUUUUUGA,1,positive,train,GSE136967,URS0000673862_9606,86
N003056,UUGUGAACCCCCAAACCUGAN,0,negative,train,GSE136967,URS00004416C5_9606,532
P082528,CUAACUUGAGAUGUAUGAAGG,1,positive,train,GSE279647,URS0000ABD8D1_9606,47
P075330,UAGUGGUUAGUAUCCCCGCCU,1,positive,train,GSE308686,URS000013899F_9606,23
P061438,UCAUGAUGAACACAUAUGCCU,1,positive,train,GSE136967,URS0000467AB5_9606,21
N025079,NNNNNCCUUUUAAGUUAAAGA,0,negative,train,GSE279647,URS000220D3EF_9606,6
N024565,NNNNNNNNNNCUCCUCAAAGC,0,negative,train,GSE279647,URS0000DC002B_9606,1
P059533,GUCCUGUCGACAAUUACUGGG,1,positive,train,GSE136967,URS00004A4D73_9606,171
N009406,AUCCUGCCGACUACGNNNNNN,0,negative,train,GSE279647,URS000037D0FB_9606,78
N024548,GAUGGGAGACCGCCUGAGAAU,0,negative,train,GSE279647,URS0000DA5E3A_9606,82
P079997,AGGAAAGUCCAAAGGGCUGCG,1,positive,train,GSE279647,URS00006C8B95_9606,84
N004662,UAUAAAUGCUGGUGAUAAACN,0,negative,train,GSE136967,URS00002C6D40_9606,123
P081273,CACACAAACAUCAUGCGGCCA,1,positive,train,GSE279647,URS0000818C5D_9606,94
P068112,NNNAGCACUAUAUUUAAACCU,1,positive,train,GSE308686,URS0000018549_9606,8
N024384,NNNNGGUCGGUUAUCUCAGUU,0,negative,train,GSE279647,URS0000C8E9E2_9606,7
P073073,UUAUCCCGAACCUGAACUUCU,1,positive,train,GSE308686,URS00002524EE_9606,25
N023872,UGGGAAACGAGGUGACUGACG,0,negative,train,GSE279647,URS0000A76542_9606,118
P064696,CGAUAGAGGAGGACCGGUCUU,1,positive,train,GSE308686,URS0000734D8F_9606,170
P078052,GACAACACGCAUACGGUUAAG,1,positive,train,GSE279647,URS00006C0FA0_9606,76
P059240,GCUGCCAUUUGUUACUAUCAG,1,positive,train,GSE136967,URS0000636A2E_9606,216
P076469,GGGUCGCGAGUUCGAUCCUCG,1,positive,train,GSE308686,URS0000023412_9606,54
P058202,GGAAAUGUGUUAGCCUCAGAC,1,positive,train,GSE136967,URS0000656AFD_9606,88
P061998,NNACUCUCUCGGCUCUGCAUA,1,positive,train,GSE136967,URS0000210FD6_9606,9
N025321,AGGCCUCUUUUUACCAGCUCC,0,negative,train,GSE279647,URS0002311975_9606,99
P065056,AACUAAUUGAUCACAACCAGU,1,positive,train,GSE308686,URS00005CF03F_9606,38
N015336,UGAGACAACAUAUUAAAUGGA,0,negative,train,GSE279647,URS000066D0D9_9606,88
P071476,CUAUUCCUACUUAGAGAGAAU,1,positive,train,GSE308686,URS00008E3A5F_9606,28
N010000,NNNNNNNUAAAAUGGCUGAGU,0,negative,train,GSE279647,URS00003EA950_9606,4
P061030,AGGUUCGAAUCCUGCUCACAG,1,positive,train,GSE136967,URS00001C3F54_9606,70
N049685,UCAUGAUCAACCAAUCUCACA,0,negative,train,GSE308686,URS00000B589B_9606,119
N031561,AUUCCUCUUCUUAACANNNNN,0,negative,train,GSE308686,URS000061A10B_9606,70
P067582,UUAAUUAAACUUUGGGACAUU,1,positive,train,GSE308686,URS000061AA47_9606,54
P071118,GGAGGGCAGAUUAGAACAUGA,1,positive,train,GSE308686,URS00021EDA78_9606,48
P079371,GUGUCCGCGCGUGGGUCCUGA,1,positive,train,GSE279647,URS0002A59E14_9606,54
P074101,NNNNNNAAUAAGUGAUGAAAA,1,positive,train,GSE308686,URS000051B5A1_9606,5
P075669,GCGCGCGGUACUUAUAAUGCC,1,positive,train,GSE308686,URS00007362AD_9606,33
N055186,UGGCUUAGCUGGUCAAAGCGC,0,negative,train,GSE308686,URS00006B0F93_9606,18
P079750,UUAGCCUAGCCACACCCCCAC,1,positive,train,GSE279647,URS000044DFF6_9606,151
P064733,AACCUCCAAACAAGCUCUCAA,1,positive,train,GSE308686,URS0000734D8F_9606,229
P074850,NNNNCCUGGUGAUGACAGAUG,1,positive,train,GSE308686,URS00002C37BE_9606,7
N002493,NNNNNNNGCUGUGAUGACAUU,0,negative,train,GSE136967,URS00006F39E7_9606,4
N010820,GUUGAAAUACAACGAUGGUUU,0,negative,train,GSE279647,URS00004AA2F0_9606,18
N024900,NNNNNNNNNUUAAGAGAACCA,0,negative,train,GSE279647,URS00019B9090_9606,2
N008422,GCGUGCUUAGCAUGCACGAGG,0,negative,train,GSE279647,URS0000282AB2_9606,35
P067705,UGAGAGAAAACCUUUGUUGGC,1,positive,train,GSE308686,URS000037D7AE_9606,68
P066300,GACUUAUUUAAAAGUGUUUUC,1,positive,train,GSE308686,URS0000ABD812_9606,96
N052181,UCAAACCACCUCUCUGGGUUG,0,negative,train,GSE308686,URS000058CD99_9606,46
N025638,UUCCCCGACGGGGAGGCANNN,0,negative,train,GSE279647,URS0002915684_9606,68
P074353,GAUUACUUGAUGACAAUAAAA,1,positive,train,GSE308686,URS000069573D_9606,53
P081173,UCUUUCUUUCACUUUACUUCU,1,positive,train,GSE279647,URS00008E3A5F_9606,95
N034249,UUCCAUCACAGUAUGCAUAUU,0,negative,train,GSE308686,URS00004ACFCF_9606,90
P074213,GGUUGCAUAGUUCAGCAGAUU,1,positive,train,GSE308686,URS000082A21B_9606,23
N008501,UGACCCUGUGCUAGAGCAUUG,0,negative,train,GSE279647,URS000028CE2F_9606,55
N010773,CGAGUCCCACCCGGGGUAANN,0,negative,train,GSE279647,URS00004A0D40_9606,64
P062797,UAAUUUUUUGGUAUUUGGGCA,1,positive,train,GSE136967,URS000000A142_9606,96
N017810,ACUUACGUAACAGGAGAAAAU,0,negative,train,GSE279647,URS00006B75C2_9606,13
P064246,GAGGUAGUAAGUUGUAUUGUU,1,positive,train,GSE308686,URS000075BF40_9606,33
P060469,GUGGCACAGUUUAAAGAGCCC,1,positive,train,GSE136967,URS00003A9200_9606,88
N018979,NNNGGCUUGUCGGAUGGUAGU,0,negative,train,GSE279647,URS00006CE6B7_9606,8
P072075,UAUUGAAGUGAAGACACUGAG,1,positive,train,GSE308686,URS0000ABD85F_9606,41
P076796,NNNNNNNNAGUUGGUCCGAGU,1,positive,train,GSE279647,URS00004A2461_9606,3
N006637,CAGGGCUGAGGCUUAUUCAUU,0,negative,train,GSE279647,URS000012964C_9606,58
P058871,AAUCACCCAAAAUAGCUGGAA,1,positive,train,GSE136967,URS00006B6C71_9606,20
P058364,GGGCCUGUGGCUAAUGACCUA,1,positive,train,GSE136967,URS0000634EB5_9606,32
N016438,UGCGGUGGUGUUUACAACUAA,0,negative,train,GSE279647,URS000068B213_9606,24
P068747,GGCUUCCCAUCCGCUGGUUCU,1,positive,train,GSE308686,URS00000CC074_9606,117
P070859,AAAGUAAACGCCCUGACGCAC,1,positive,train,GSE308686,URS000075DF1C_9606,72
N009983,AUGAUACCACCCGGUACAGGA,0,negative,train,GSE279647,URS00003DBD40_9606,46
N013967,CCAAUGAUGAGUACCAUGGGG,0,negative,train,GSE279647,URS000064C51A_9606,15
P061340,GCUGGUGCAAUCCAGUGGUGA,1,positive,train,GSE136967,URS000063C47F_9606,42
P065641,GUAGUAUAUUUCUCCAACAUA,1,positive,train,GSE308686,URS00005A2612_9606,123
N023767,UGGUCCCCGAGGCCCCCGGUC,0,negative,train,GSE279647,URS00008E3950_9606,37
N007742,UCUGACAACAGAGGCUUACGA,0,negative,train,GSE279647,URS00001FBD75_9606,46
N010627,ACUUACUGAGGGCUUUGAAGG,0,negative,train,GSE279647,URS000047C095_9606,29
P063523,CAUAUCUUGGUUUUUGUGAUA,1,positive,train,GSE308686,URS00006CEBFE_9606,55
P075383,CUCACCGCCGCGGCCCGGGUU,1,positive,train,GSE308686,URS0000635088_9606,44
N023956,UCCCAGCACGAGGCUCAUCCA,0,negative,train,GSE279647,URS0000A84128_9606,54
P061644,AGAUUUGGUCUGUAUGUAAUA,1,positive,train,GSE136967,URS000072E179_9606,27
P059547,UAAUAGGGGUGAUUCUUCCAG,1,positive,train,GSE136967,URS0000569A4A_9606,177
N003145,CUGAUUGUCACGUUCUGAUUU,0,negative,train,GSE136967,URS000063F175_9606,53
N016389,UUUUUGAGACGGAGUCUUGCU,0,negative,train,GSE279647,URS0000689EB1_9606,73
P076483,GCCCUAUAGCUCAGGGGUUAG,1,positive,train,GSE308686,URS00000F30A4_9606,12
N013975,GUACCAUGGGGUAUCUGAAAC,0,negative,train,GSE279647,URS000064C51A_9606,25
P064168,GGUUUUGGUGUUUGGAAAGAA,1,positive,train,GSE308686,URS000070F95C_9606,94
P060067,CUAUAUCAAUGGCAGGAUUUU,1,positive,train,GSE136967,URS0000714944_9606,80
N011545,CUUUUCCUAGUCCCUGAGACC,0,negative,train,GSE279647,URS000058997A_9606,17
P067211,UGGCUAUUCAGUAUUCCAGUG,1,positive,train,GSE308686,URS00002E5E66_9606,94
P076637,UGCUUUACACGCAGAAGGUCC,1,positive,train,GSE308686,URS000038803E_9606,39
N015615,GGAUCAAUGAUGAGUACCCUG,0,negative,train,GSE279647,URS0000674865_9606,12
P058368,CUCAAUGGGCCUGUGGCUAAU,1,positive,train,GSE136967,URS0000634EB5_9606,26
N018362,UCGUCUUAAUAUCUGAUACGU,0,negative,train,GSE279647,URS00006C30CA_9606,59
P073971,UGAUCUCUUAAUCUUCUCUCU,1,positive,train,GSE308686,URS00005D7632_9606,81
P075327,CCCGACGGGGAGNNNNNNNNN,1,positive,train,GSE308686,URS000013899F_9606,71
P076757,NNNNNNNGGCUGGCUUUAGCU,1,positive,train,GSE308686,URS00005CCF67_9606,4
P057624,UCUCUGAACGUGUAGAGCACC,1,positive,train,GSE136967,URS0000650B1E_9606,60
N023175,UCAGUAGCCAGUGUAGAUCCU,0,negative,train,GSE279647,URS000075C381_9606,42
N004573,CACUGAGAAUGGUUUAUGGCC,0,negative,train,GSE136967,URS00006CC68C_9606,118
P069265,UGUAGCAGCCAGGGACGCUUG,1,positive,train,GSE308686,URS00004B4AC7_9606,112
P058655,CGCCAUGACGACUUGAAAUAU,1,positive,train,GSE136967,URS0000149178_9606,94
N004675,CCUUGGCUGCCCACAUGGNNN,0,negative,train,GSE136967,URS00004C8BD1_9606,130
P067096,GGCAAAGGAAAUAUCCUUUUA,1,positive,train,GSE308686,URS00005F1DD0_9606,66
P066771,UACAAGACAGUUNNNNNNNNN,1,positive,train,GSE308686,URS0000202A89_9606,131
N026117,UCUAUGGCUGUACCACCCUGA,0,negative,train,GSE279647,URS00031622C4_9606,12
P073913,CCCUUUUCCAUCUGAUUNNNN,1,positive,train,GSE308686,URS000075D268_9606,66
P073662,AUGAUAAUGUAUUUUUGUCCU,1,positive,train,GSE308686,URS0000313FF1_9606,45
N017715,CCCAAAGGUAGUGAAUUAUCU,0,negative,train,GSE279647,URS00006B530C_9606,17
N003347,CCGAAAGGUUGGUGGUUCGAG,0,negative,train,GSE136967,URS00005A1E0D_9606,50
N000895,GCGGUGCAUGUGAUGAAGCAA,0,negative,train,GSE136967,URS000075C2C2_9606,17
P060581,AGUUGAAUACCGCCCCAGUCU,1,positive,train,GSE136967,URS0000130A5F_9606,22
P068470,CAUCCAGCAACUUUUUUGGUU,1,positive,train,GSE308686,URS000075B5A7_9606,105
N008053,UCGAGUCCCACCAGAGUCGNN,0,negative,train,GSE279647,URS0000225EE1_9606,78
P078160,NNCCUUCGAUAGCUCAGCUGG,1,positive,train,GSE279647,URS0000333F2E_9606,9
P066870,NNNNNNNCCCCCUUUUAAAAG,1,positive,train,GSE308686,URS00004EA987_9606,4
P067867,NNNNNNNNNGCCGAGACUAGA,1,positive,train,GSE308686,URS0000451E99_9606,2
P058000,CCUGUGCCUGGUCUGUAUUGU,1,positive,train,GSE136967,URS00004F2BDE_9606,106
N003819,CGUUCAUUCUAGAGCAAACAA,0,negative,train,GSE136967,URS00004416C5_9606,162
N024953,NNNNNNNNUUAAAACUUUACA,0,negative,train,GSE279647,URS0001A07BD4_9606,3
P061904,AUGCGAGAGGUAGUGGGAUCG,1,positive,train,GSE136967,URS00006E0E1A_9606,47
P057650,CGAGGAAGAGAGGUAGCGUUU,1,positive,train,GSE136967,URS0000650B1E_9606,89
P060972,AAUGAUGGCAAUCAUCUUUCG,1,positive,train,GSE136967,URS0000651282_9606,17
N003415,AGUGGUUAUCACAUCUGCUUU,0,negative,train,GSE136967,URS000064D54F_9606,24
N014249,GCGUUAGACUGAAGAUCUUAA,0,negative,train,GSE279647,URS0000651E1C_9606,34
N006369,AAAAUGUUUAGACGGGCUCAC,0,negative,train,GSE279647,URS00000F43AE_9606,45
P071918,CGACAGUUGCCUGCUGUCAGU,1,positive,train,GSE308686,URS0000535D45_9606,50
N082982,AUCGCACCCGUCANNNNNNNN,0,negative,train,GSE136967,URS000230F9FB_9606,65
P063152,GUGCUCGGGAACCAGUGGGCA,1,positive,train,GSE136967,URS00006CC68C_9606,99
N018377,UCUAAUUUUAUCAGUUUAACA,0,negative,train,GSE279647,URS00006C3578_9606,48
P072395,AGUUCUGAUGGCANNNNNNNN,1,positive,train,GSE308686,URS000015A7CF_9606,73
N024249,CUGACUCAGUCAUAAUGCCCC,0,negative,train,GSE279647,URS0000B45D28_9606,39
P070140,CUGACUGUACUUCCAGGCAGG,1,positive,train,GSE308686,URS00006C8370_9606,28
P061703,GAGCAACAUUCACCAUCUUUC,1,positive,train,GSE136967,URS00006D7506_9606,23
N008799,GUUCUUUCCCUAGGUCUGGUU,0,negative,train,GSE279647,URS00002C6D40_9606,101
N019593,AAUGACACAUAGAGGAUUAGC,0,negative,train,GSE279647,URS00006DE9C5_9606,45
P059150,CACAUUACCCGUCUGACCNNN,1,positive,train,GSE136967,URS000064F355_9606,97
P062790,AAGAGAUUUCGGAAGCAUAAU,1,positive,train,GSE136967,URS000000A142_9606,79
P061440,GCCUCUGAGCUGCUGUGAUUU,1,positive,train,GSE136967,URS0000467AB5_9606,38
P060624,UAAUGAUUUCAAAAUUUGAGC,1,positive,train,GSE136967,URS000061A08C_9606,43
P062382,GUUUCGACUCACUGAGAGUAA,1,positive,train,GSE136967,URS0000706C1B_9606,38
N002859,GGUUUGGAUUUAUGAUGGGCC,0,negative,train,GSE136967,URS000068824B_9606,16
N015946,CUUUGGCAGCACGUGUAUUAA,0,negative,train,GSE279647,URS000067CBCB_9606,18
P063809,UACAGUGCAGGUAGUGAUAUG,1,positive,train,GSE308686,URS000032AA22_9606,33
N019463,UCGGAAGCUAAGUAGGGUGGG,0,negative,train,GSE279647,URS00006DA5DB_9606,49
N017897,GGGGUAGGGCUCAGGGAUAGA,0,negative,train,GSE279647,URS00006B9174_9606,12
P062777,CAACUCGAUUGCUCUGCGUGC,1,positive,train,GSE136967,URS000000A142_9606,46
N005114,GAAUCUUAGCUUUGGGUGCUA,0,negative,train,GSE279647,URS000000920F_9606,30
P063531,AGGACAAUAUAUUAAAUGGAU,1,positive,train,GSE308686,URS00006A3E7F_9606,90
P071070,CACCCAUGACUGAUGGCUNNN,1,positive,train,GSE308686,URS00002F13BD_9606,69
P070523,GGAUUCGAUGGGCCAUAGCAA,1,positive,train,GSE308686,URS000064B135_9606,56
N010406,UUCGAAUCCGAGUCACGGCAN,0,negative,train,GSE279647,URS000044BAE3_9606,63
P064259,NNNNNNAGGAUUCUGCUCAUG,1,positive,train,GSE308686,URS000075BF40_9606,5
P066883,UGACCUAUUGAGCCGUCAAGA,1,positive,train,GSE308686,URS00004EA987_9606,47
P062554,AUGAGAACUUCUCCCACUCAC,1,positive,train,GSE136967,URS00006F4F8C_9606,21
P057931,GACAAAGCAACUCCUUGUUCA,1,positive,train,GSE136967,URS0000438819_9606,70
P064746,ACCGCUCCAUGUGCGUCCCUC,1,positive,train,GSE308686,URS0000734D8F_9606,111
N025777,AGAGCUGAGAGAGAGAGAGAG,0,negative,train,GSE279647,URS0002A4754C_9606,11
N023254,CAUACCCCAUCUUGGAGAUAA,0,negative,train,GSE279647,URS000075D19A_9606,47
P068397,ACCCGAGGAGUGAGCAGGGCU,1,positive,train,GSE308686,URS00003E7565_9606,88
P061288,NNGGAUCGAUGAUGAGUCCCC,1,positive,train,GSE136967,URS000070C400_9606,9
P078486,ACGCUUAGCCUAGCCACACCC,1,positive,train,GSE279647,URS000044DFF6_9606,147
P072581,GAAGAGUAAAACCGAGCUUUU,1,positive,train,GSE308686,URS00003BC8C2_9606,50
P058180,UAUUUUAUUCAACACAUCAUU,1,positive,train,GSE136967,URS00005BBB0D_9606,22
P058461,CUUGGCUCCUUGUUGGGGGUG,1,positive,train,GSE136967,URS000014FF3E_9606,56
P057853,GUGCUGUGUUGUCGUUCCCCC,1,positive,train,GSE136967,URS00006623A0_9606,43
P062595,AUGGGACUCUUAAUCCCAGGG,1,positive,train,GSE136967,URS00004D9E92_9606,36
P059972,UUGUUUGCCUGAUUUCCUUUU,1,positive,train,GSE136967,URS000063A91D_9606,32
P063940,AAAUCCAUGCAAAACUGACUG,1,positive,train,GSE308686,URS00003BACA4_9606,69
N024180,GUCACUGUCACUAAAGUUGGU,0,negative,train,GSE279647,URS0000AB0C61_9606,51
P077805,AAGUAAGCGCAAGUACCCACG,1,positive,train,GSE279647,URS000044DFF6_9606,658
N001928,NNNNNNNNNNCUUCCUCAGCC,0,negative,train,GSE136967,URS00006276F4_9606,1
P065790,CUGUUCUUCCUUUGCAAGUAA,1,positive,train,GSE308686,URS0000466492_9606,90
P058983,GGGUGCCAGUGAGUUUAACAA,1,positive,train,GSE136967,URS00000E9A93_9606,73
N013819,UUAUGGACGAUGAAUGAUAUG,0,negative,train,GSE279647,URS000064A1E7_9606,43
P065492,ACUCUGCUUUUAGCCUCCUAA,1,positive,train,GSE308686,URS00005172B7_9606,49
N018756,UGAGGCUGGCUUGAAACCAGC,0,negative,train,GSE279647,URS00006CA18A_9606,30
P058485,GUUGAGUUCAGUCCAGGGCAG,1,positive,train,GSE136967,URS000061AA47_9606,20
N034361,UGUGGCAUUCCUCUGUGGGAA,0,negative,train,GSE308686,URS0000488BFE_9606,52
N019613,GAAUCUGGGCUUACUCCUCAC,0,negative,train,GSE279647,URS00006DF28D_9606,72
N026025,GGCCUGGUUAGGCCUUGGAAG,0,negative,train,GSE279647,URS000312137C_9606,75
N023351,AGCUCACAAGAACUGCUAACU,0,negative,train,GSE279647,URS0000761EC9_9606,15
P080755,GGCAGGGAAGAUUACCAUGAU,1,positive,train,GSE279647,URS0000642E17_9606,21
P062968,UUGAUUCACUGGUGGGGGCAG,1,positive,train,GSE136967,URS0000451E99_9606,85
P064640,UCGAAGAGGACGACCAUCCCC,1,positive,train,GSE308686,URS0000734D8F_9606,150
P077594,NNNNNNNNNNCCCGCCACUGC,1,positive,train,GSE279647,URS000063C47F_9606,1
N017640,ACUAAAAUUGGAAUAACACAG,0,negative,train,GSE279647,URS00006B30CB_9606,30
P081081,AAACUCAAAGGACCUGGCGGU,1,positive,train,GSE279647,URS000044DFF6_9606,523
N003744,GUGCGGCGGUGAAACCCAGGC,0,negative,train,GSE136967,URS00006D48F7_9606,107
P059615,CUGGGUGUUUGUCUGUAUCCU,1,positive,train,GSE136967,URS00005F1DD0_9606,100
N025436,NNNNNNNNCUACUUACCCAUC,0,negative,train,GSE279647,URS0002328007_9606,3
N083571,GCAGAUGGAGUGUUUUCUGUU,0,negative,train,GSE136967,URS000026BDF0_9606,242
N021526,NNNNNNNNUUUUAUGGCCACA,0,negative,train,GSE279647,URS000071AD91_9606,3
P063843,AGAAUUCUCCUUUUGGGCUUU,1,positive,train,GSE308686,URS000059EAAC_9606,28
P065326,GGUGGGCGAUACAGAGUUAUG,1,positive,train,GSE308686,URS0000569A4A_9606,96
P082877,AGCAGCUGAUAAUUUGGGAUU,1,positive,train,GSE279647,URS000075D68F_9606,136
P073707,UGACUGAGAGANNNNNNNNNN,1,positive,train,GSE308686,URS00004D7B5D_9606,86
P059462,AGGUCACUCUCCCCGGGCUCU,1,positive,train,GSE136967,URS00004A4D73_9606,31
P058520,UCGGCGUCAUGUCUUCGGUGC,1,positive,train,GSE136967,URS00000CC074_9606,92
N024918,NNNNNNNNNNCAUUAACCUUU,0,negative,train,GSE279647,URS00019DE2AD_9606,1
N083378,AGGGGCUCUGGUGAAGCCAAC,0,negative,train,GSE136967,URS00008E3A70_9606,53
N025411,GGUAGCAGUGUCUGUCUGUGU,0,negative,train,GSE279647,URS000232424B_9606,41
P075047,GUGGGAUCAAUGCCCACAUUC,1,positive,train,GSE308686,URS00006EB848_9606,59
P073449,UUUGGAUUAAUAAUGAAAACA,1,positive,train,GSE308686,URS00004BB247_9606,39
P065453,UUGUACAGUGCAACCAUAGAC,1,positive,train,GSE308686,URS0000180559_9606,44
N023773,CGUCGUGGCAACGUUGCUGGU,0,negative,train,GSE279647,URS00008E397A_9606,27
P063129,GAAACCGGGCGGAAACANNNN,1,positive,train,GSE136967,URS00002064F6_9606,67
P064791,AGGUCAAAACUCCCGUGCUGA,1,positive,train,GSE308686,URS00000478B7_9606,218
P074635,GGGGUCUGAGGGGCCCCAGNN,1,positive,train,GSE308686,URS000075A57C_9606,89
N003506,NNNNNNNNNAGCACAAAUGAU,0,negative,train,GSE136967,URS0000626A32_9606,2
P071469,GAAGGGUAAGAUUAUGAGAUC,1,positive,train,GSE308686,URS00008E3A5F_9606,197
P060499,NNNNNNGUUCAGAUGAUGAAU,1,positive,train,GSE136967,URS0000694F71_9606,5
N005769,NNNNNNNAGAGUUACUUUGAU,0,negative,train,GSE279647,URS000008D191_9606,4
N016667,UCUGCUAUCUGAGGACAGUAU,0,negative,train,GSE279647,URS0000690F87_9606,65
P068093,UCCUGGCUCUCUGUUGCACAG,1,positive,train,GSE308686,URS0000018549_9606,78
N002807,GUAGUGCAGGGAGAGGAACUG,0,negative,train,GSE136967,URS00006BEDDC_9606,57
N026508,UCAUUUCCAUAGUUUACUAGA,0,negative,train,GSE279647,URS00033006D1_9606,30
P067940,CAGAUAGGUGCAAAAAAUAAA,1,positive,train,GSE308686,URS00002587B6_9606,52
N019737,GGUGCUGAUAACACCAAGGUC,0,negative,train,GSE279647,URS00006E0DAF_9606,39
P068415,GAAGCCUCACCCGAGGAGUGA,1,positive,train,GSE308686,URS00003E7565_9606,80
P071545,NCUUCAUAUCCAGUGAUUAAA,1,positive,train,GSE308686,URS0000A76DCB_9606,10
P063105,CUCAAGUUCUGGUCUCCGUAU,1,positive,train,GSE136967,URS0000572B72_9606,43
P062051,AAGACACUGAGAUCCAACUCU,1,positive,train,GSE136967,URS0000673CBC_9606,51
N003569,UGUUUGUUGUAACUGAUCUGC,0,negative,train,GSE136967,URS0000A8F432_9606,105
N020058,UUACACAUUUCUUUGUUCCUU,0,negative,train,GSE279647,URS00006ED884_9606,58
P057975,NNGGCCUCCUGGUGCUUACCA,1,positive,train,GSE136967,URS00004F2BDE_9606,9
P068493,CCAGCAACUUUUUUGGUUGUA,1,positive,train,GSE308686,URS000075B5A7_9606,108
P062013,CCUGCGCAAGUAUGACACGCA,1,positive,train,GSE136967,URS0000AAF39E_9606,53
P078592,AAGAGUGUUUUAGAUCACCCC,1,positive,train,GSE279647,URS000044DFF6_9606,302
P072926,GGUAACUCUGAGUGUGUCGCU,1,positive,train,GSE308686,URS00002E0EE8_9606,27
N016723,UUCCUUUUCUACUCCCACUGC,0,negative,train,GSE279647,URS00006921EE_9606,75
N036948,CUGGAUAAAUUGCAGGACUCU,0,negative,train,GSE308686,URS000075E772_9606,119
N032077,GCGCAGUGGCUCACACGUGUA,0,negative,train,GSE308686,URS00006CEBFE_9606,143
N043317,UAUGAGUGAAACAUAAGAGUC,0,negative,train,GSE308686,URS000034C57A_9606,55
P070325,AUCUGCACUCAGCAGUUUACA,1,positive,train,GSE308686,URS00003A960A_9606,24
P068466,AGUUCCACUUGUAAACUUCUU,1,positive,train,GSE308686,URS000075B5A7_9606,55
P065976,UGUAAAGGUUUUACGACUGAC,1,positive,train,GSE308686,URS000075BDDC_9606,298
N018920,UAGCAUGGCCUCAGUGCACGG,0,negative,train,GSE279647,URS00006CD435_9606,62
N036695,GCAGGGACUAGACAUUGNNNN,0,negative,train,GSE308686,URS00005682D3_9606,126
P059543,GUAAUCUUGGUGGGCGAUACA,1,positive,train,GSE136967,URS0000569A4A_9606,88
N042727,GUUCUCUCUCCCAUGAGACAA,0,negative,train,GSE308686,URS00000F8A5F_9606,93
N027584,AUUUCUGAAAUUCUAUUCUGA,0,negative,train,GSE308686,URS000026D828_9606,46
P058977,GGGGCCUCAGCUCACCGCGCG,1,positive,train,GSE136967,URS00006D48F7_9606,77
P072006,AUUUUGGUUGAAAUAUGAUGA,1,positive,train,GSE308686,URS000075A742_9606,16
P057799,AUCCUCACUGCUAAUGUGAGA,1,positive,train,GSE136967,URS00006ECA78_9606,61
P068051,NNNNNNNCAGCAUGUUUCCAA,1,positive,train,GSE308686,URS000002FDBC_9606,4
N005485,UGUAAACCGGAGAUGAAAACC,0,negative,train,GSE279647,URS000004601F_9606,43
N000501,GAGUAGUGGACAGAAGGGAUU,0,negative,train,GSE136967,URS000026D828_9606,28
N017244,CUGAACGCACCCAAUCUCGUC,0,negative,train,GSE279647,URS00006A706D_9606,29
P061714,UUUGAGUCUCACGGCCAUGAG,1,positive,train,GSE136967,URS00006D7506_9606,45
P058803,GACCCGCCCAGAAUGGCCUCU,1,positive,train,GSE136967,URS0000034D55_9606,100
P069828,CACGGGCUGCCCGUGUCCUGG,1,positive,train,GSE308686,URS00005B5A80_9606,31
N022031,UUUCUCAAGAUCCUUUUUCCU,0,negative,train,GSE279647,URS00007288AA_9606,232
N021699,UCUAAGGCCUUACCGCCCUGA,0,negative,train,GSE279647,URS000071EC39_9606,12
P059941,GUUGAUCAAAUGUCUGACCUG,1,positive,train,GSE136967,URS00006CFC33_9606,21
N019980,UCUUGUCUGAAUGUGGAAGCU,0,negative,train,GSE279647,URS00006EAA8D_9606,37
N021310,UACUUAAUCACAACCAGCUAC,0,negative,train,GSE279647,URS0000714A39_9606,41
P065722,GUGAAGAUAACUCUUUGUAAA,1,positive,train,GSE308686,URS0000466492_9606,44
P057738,UUCUCUCCGUAUUGGGGAGUG,1,positive,train,GSE136967,URS0000650B1E_9606,180
N010064,GAAAUGAUACGAAGAUUAGCA,0,negative,train,GSE279647,URS0000409A17_9606,44
P070400,UUAAACCUGGUAUUUCUACUG,1,positive,train,GSE308686,URS00003A960A_9606,121
P082465,CAGCCAAUGAAUCUGCUUACC,1,positive,train,GSE279647,URS00006F5B60_9606,15
P063069,UUAUCUCAAUUGAUUGUUCAC,1,positive,train,GSE136967,URS0000103047_9606,32
P070774,UUAAUGGACUCAAGUUCUGAG,1,positive,train,GSE308686,URS000075CFA2_9606,74
P059956,UUGGCGCAGGGGUACGGACCU,1,positive,train,GSE136967,URS00005ACA64_9606,24
N002329,AAGGUCCUGGGCAAAGGAUCA,0,negative,train,GSE136967,URS0000706530_9606,113
P073478,CUUCUAUGAUGAUUUUAUCAA,1,positive,train,GSE308686,URS00004BEE5E_9606,12
P066333,NNNNNNNNAGCCUUUGUGUUG,1,positive,train,GSE308686,URS00001BD443_9606,3
P072932,UCGCUGAUGCCAUCACCGCAG,1,positive,train,GSE308686,URS00002E0EE8_9606,43
P066234,GCCCAGAAUGGCCUCUCUGUU,1,positive,train,GSE308686,URS0000034D55_9606,105
P064089,NNNNNNNNNCUUCUGGAAGCU,1,positive,train,GSE308686,URS00001E96DA_9606,2
N026605,CCUGAAUGCUCCCGACCUCAU,0,negative,train,GSE279647,URS000339A917_9606,28
P063072,GAGUUAUCUCAAUUGAUUGUU,1,positive,train,GSE136967,URS0000103047_9606,29
P074472,GAGACAGACUGCGGAACCGUU,1,positive,train,GSE308686,URS000027315D_9606,56
P062081,CUCCUACAAAGGCAUGUCUAU,1,positive,train,GSE136967,URS00006C5E80_9606,13
P063023,AACUUUCACAUGUCUUACUCU,1,positive,train,GSE136967,URS000066FABB_9606,23
P062740,AUGGGAUCUCCAACUGCAUGC,1,positive,train,GSE136967,URS000002FDBC_9606,46
P061207,GCGGGCGGCGGUGCCCGUCCC,1,positive,train,GSE136967,URS000075B0DE_9606,34
N004351,UAAGGCAUCAGCCUCCGGAGC,0,negative,train,GSE136967,URS000059900F_9606,30
N013527,UUGUUCUAGGUAUGGUCCCAG,0,negative,train,GSE279647,URS0000642F53_9606,31
N038474,CCGAAAAUGUUGGUUAUACCC,0,negative,train,GSE308686,URS000006E464_9606,47
P069402,AGAAUCUGGCAUGCCUAAGGC,1,positive,train,GSE308686,URS00004C8BD1_9606,74
P066048,NNCCGGAGCCAUUGUGGCUCA,1,positive,train,GSE308686,URS000010A63C_9606,9
N025060,NNNNNNNNNACAGCUAUCCAU,0,negative,train,GSE279647,URS000220AEC3_9606,2
P066988,CUACCACUGGCCAGCCUCCAA,1,positive,train,GSE308686,URS0000818C5D_9606,165
P068909,CAGAUGGCUGCCACAGCAAGC,1,positive,train,GSE308686,URS000072157F_9606,61
N011924,NNNNCACAGUUUAUGUAGCUU,0,negative,train,GSE279647,URS00005C3DDD_9606,7
P067333,GUGGGGCCAGGAUUUGGUAGC,1,positive,train,GSE308686,URS000022C1CA_9606,41
N021887,AAGCAGGGUUGAGCCUGGUUA,0,negative,train,GSE279647,URS0000724504_9606,64
P058250,CCACCAGAAAGUCUUAUGUUG,1,positive,train,GSE136967,URS000071EB91_9606,48
P080326,GUGGUGGAUCACUCGGCUGCU,1,positive,train,GSE279647,URS00007244F3_9606,19
N011565,GCUCUCCAGCCCUCUUNNNNN,0,negative,train,GSE279647,URS000058CD99_9606,83
P065183,UCACUCCACUCCCAUGUCCCU,1,positive,train,GSE308686,URS000013F331_9606,61
P069629,AGUGUACGCAGCCUGUUGGUU,1,positive,train,GSE308686,URS00000D55EA_9606,91
P073149,UUCUCUUGGCUGUCUGAGCAU,1,positive,train,GSE308686,URS000065DBA2_9606,68
N022125,CAAUGAUGAGAUUGGAGGGUG,0,negative,train,GSE279647,URS0000729F65_9606,16
P069363,CUCUGCCUUCCUUGGCUGCCC,1,positive,train,GSE308686,URS00004C8BD1_9606,121
N015657,GGAAGCUAAGCACGGUCAGGC,0,negative,train,GSE279647,URS000067510B_9606,57
N015187,GCCCGAUCUCGUUUGAUCUUG,0,negative,train,GSE279647,URS0000668495_9606,37
P070576,CAUAGCCCGGUCGCUGGUACA,1,positive,train,GSE308686,URS000064B135_9606,120
P075207,NNNNGGGGAUAUAGCUCAGGG,1,positive,train,GSE308686,URS00004728AA_9606,7
N005625,GAUUUAGGCUCCAGUCAUUUC,0,negative,train,GSE279647,URS000005AEAB_9606,41
N020678,CUUGAUGCAUAACUCUGUCUA,0,negative,train,GSE279647,URS00006FE7CD_9606,71
N045486,UUAAAGGCACGAGAGGACAAU,0,negative,train,GSE308686,URS00001B2620_9606,126
P061140,AACAAAAUGAGUGAGAACUCA,1,positive,train,GSE136967,URS00006C9042_9606,56
N004223,UUGGCCUGUUAAAGGUCUGUA,0,negative,train,GSE136967,URS0000569A4A_9606,70
P061955,AGAGCAGGUGCCACCAGCACG,1,positive,train,GSE136967,URS00008E398A_9606,102
P076093,AAUUAACUAGUUUUGACAACA,1,positive,train,GSE308686,URS00000C6674_9606,44
P081274,CACAGGAGACUGACGAGUGGC,1,positive,train,GSE279647,URS000075D68F_9606,221
P064799,UUCUGGGCUGUAGUGCGCUAU,1,positive,train,GSE308686,URS00000478B7_9606,87
P075878,AGGUGUCCGCGUGGGUUCGAG,1,positive,train,GSE308686,URS0000716955_9606,59
P057964,UGGUUCGAUCCCGGGUUUCGG,1,positive,train,GSE136967,URS000029CCC5_9606,61
N026209,AUCUCAUCAGAUCUCGGAAGC,0,negative,train,GSE279647,URS000318D3D0_9606,42
N021744,NNNNNNNNNNAUUGCUUGUCA,0,negative,train,GSE279647,URS0000720706_9606,1
P072087,UUCUGUGUGGAAUUUGAAUAU,1,positive,train,GSE308686,URS000031EDF0_9606,64
P064544,GCAUACGCACGUAGACAUUCC,1,positive,train,GSE308686,URS00026A2211_9606,116
N021973,NNNNNNAAGACUGUACUUCCA,0,negative,train,GSE279647,URS0000725DEF_9606,5
N017489,UCCUCUAUCAGAGAACAAUUA,0,negative,train,GSE279647,URS00006AE7E7_9606,79
N005301,GAUGGUUUUUCAUAUCAUUGG,0,negative,train,GSE279647,URS0000021028_9606,33
P065061,AGACUCACGGCCAGCGAAGUG,1,positive,train,GSE308686,URS000013F331_9606,258
P068740,NNNNNNNNNCCUCCUUUUCUU,1,positive,train,GSE308686,URS00000CC074_9606,2
N014141,GCCAUGAUCGUAUAGUGGUUA,0,negative,train,GSE279647,URS000064FAB6_9606,11
N002603,NNNNNNNNNCCCCUAUCUCUC,0,negative,train,GSE136967,URS0000467AB5_9606,2
N026494,UCCAGUCUCAUCUCAUCUCGG,0,negative,train,GSE279647,URS00032E0C50_9606,35
N001397,GUGGAUGACUCUGUGCCGAAA,0,negative,train,GSE136967,URS000063C47F_9606,106
P082847,AAAUUGUGGUAACUGGAGUGA,1,positive,train,GSE279647,URS0000569A4A_9606,210
P060607,AAAUGAGUGGGAACUCUGUAC,1,positive,train,GSE136967,URS000063EF58_9606,57
N000836,UGCCCUUUUAAGGUUGACCCA,0,negative,train,GSE136967,URS00006810EA_9606,12
P065801,AACCAGCCAUGUGGACAAAUG,1,positive,train,GSE308686,URS000075E781_9606,26
P058131,GGUGGCCCGGGUUCGACUCCC,1,positive,train,GSE136967,URS0000639DBE_9606,52
N010438,UGUAUGGCUCAGGGGUAGAGA,0,negative,train,GSE279647,URS0000450772_9606,14
P058419,UGGCAGUGUCCUACUUCCCAG,1,positive,train,GSE136967,URS0000706530_9606,71
P058642,UUUGAGGCCUUGCGUUUCUUA,1,positive,train,GSE136967,URS0000673862_9606,102
P078178,GGGAUCGCGCCUGUGAAUAGC,1,positive,train,GSE279647,URS000014C5D2_9606,249
P058274,AGCGGGAUCGAUGCCCGCAUC,1,positive,train,GSE136967,URS00003D2CC9_9606,58
P069149,CACAUUGUUAGAGCUUGGAGU,1,positive,train,GSE308686,URS00001696A6_9606,15
N055720,UGACCCCUGCCAUUUUCCCCC,0,negative,train,GSE308686,URS000069B06F_9606,93
N029770,GUUGCAUGAUGAAUAAAAUCA,0,negative,train,GSE308686,URS000004E6C0_9606,11
P073578,UUCAACUGCUCUGAAGGGGCU,1,positive,train,GSE308686,URS0000066733_9606,35
N019777,ACCAUGGCUUAGCUGGUUAAA,0,negative,train,GSE279647,URS00006E1AD1_9606,14
N016497,AUUUCUUUGCCACAUCUUCAC,0,negative,train,GSE279647,URS000068C4BF_9606,64
P065988,ACACUUGACCUGAGCUCANNN,1,positive,train,GSE308686,URS000075BDDC_9606,341
P061444,GAUGACUAUAAAAAAAAUGGA,1,positive,train,GSE136967,URS00006A8DC5_9606,19
P063053,GUCAGUUACAGAUCGAACUCC,1,positive,train,GSE136967,URS0000103047_9606,54
N021032,UUGGUUCCUUCUCCACUGCCA,0,negative,train,GSE279647,URS000070C3CA_9606,69
P063144,UUCGAAACCGGGCGGAAACAN,1,positive,train,GSE136967,URS00002064F6_9606,64
N016014,GUGGGCAGCCAUACCAGCCUG,0,negative,train,GSE279647,URS000067D6F9_9606,11
P079796,UCGAAGGUGGAUUUAGCAGUA,1,positive,train,GSE279647,URS000044DFF6_9606,776
P074370,AUGACAAUAAAAUAUCUGAUA,1,positive,train,GSE308686,URS000069573D_9606,62
P075632,UAAGGUCGCGGGUUCGAUCCC,1,positive,train,GSE308686,URS000072E1AF_9606,53
P067580,AUGGGCUAAGGGAGAUGAUUG,1,positive,train,GSE308686,URS000061AA47_9606,78
P072299,NNNNNNNNCUACGGGGAUGAU,1,positive,train,GSE308686,URS0000197BB5_9606,3
N005664,NNCUGCAGUGAUGACUUUCUU,0,negative,train,GSE279647,URS000005BADB_9606,9
N019808,AACGCAAUUGCAGCCCGGGUU,0,negative,train,GSE279647,URS00006E23A8_9606,112
N023049,AGCUUAGCUGAUUGGUGAACA,0,negative,train,GSE279647,URS000075B0A5_9606,31
P061729,ACAGGACUGGUUUGGGGGUGU,1,positive,train,GSE136967,URS00003B6A48_9606,72
N024660,NNNNNUAAAUAAGCUAUCGGG,0,negative,train,GSE279647,URS0000DCF513_9606,6
P062693,NNNUCUCAGUGAUGAAAACUU,1,positive,train,GSE136967,URS0000A98AD5_9606,8
P058758,CUCCAAGCACUGUUUUGGUGU,1,positive,train,GSE136967,URS00007136D1_9606,101
P062388,CACUGAGAGUAAAAUGAGGAC,1,positive,train,GSE136967,URS0000706C1B_9606,47
P058470,NNNNNGCUGGUGUAAAUGAUG,1,positive,train,GSE136967,URS000071403B_9606,6
N013964,UGGACCAAUGAUGAGUACCAU,0,negative,train,GSE279647,URS000064C51A_9606,11
P061861,UGUCUGCUUCUCAUUCCUUGG,1,positive,train,GSE136967,URS00005A2612_9606,24
N014489,UUAUUCCAUCUUCACUCCCAC,0,negative,train,GSE279647,URS0000657CF7_9606,71
P074534,NNNNACAAUGAUGACUUAAAU,1,positive,train,GSE308686,URS000075BEB6_9606,7
N052721,CAACCUGGUCCACAUGGGUUG,0,negative,train,GSE308686,URS000002A4F1_9606,94
P060643,GGCUAAAUUGAGACAGGUUAU,1,positive,train,GSE136967,URS00004ACFCF_9606,67
P063922,AAGAAGAAUGUAGUUGUGCAA,1,positive,train,GSE308686,URS0000539083_9606,45
P064153,CUGAGUAGUGCAAUAUUGCUU,1,positive,train,GSE308686,URS000070F95C_9606,69
P073736,NNNNNNNNNNGUGCAAUGAUG,1,positive,train,GSE308686,URS00005BBB0D_9606,1
N001770,NNNNNNCGAUGUUAUGAUGAU,0,negative,train,GSE136967,URS0000691595_9606,5
P068117,GUGGAUGGGAAUAUUCCCCAU,1,positive,train,GSE308686,URS0000018549_9606,29
P074211,GUCUGAUGUAUCUNNNNNNNN,1,positive,train,GSE308686,URS000082A21B_9606,68
P061191,GAAUCAAAUCUGUCAAUCCCC,1,positive,train,GSE136967,URS000062ED01_9606,28
P059064,UUUGGAAGAGUAAAAGACCAC,1,positive,train,GSE136967,URS000063EA00_9606,71
P079614,GCGCCCCCUCCUCCGGUCGGC,1,positive,train,GSE279647,URS0002A59E14_9606,27
N002496,NNNNNNNNNACGCGCUGUCUU,0,negative,train,GSE136967,URS0000A9F116_9606,2
N016869,UGGUCCGAUGGUAGUGGGUUA,0,negative,train,GSE279647,URS0000699390_9606,14
P074496,CUGACCAGGGCUCCCUGACCU,1,positive,train,GSE308686,URS00003D103A_9606,25
P061162,AAUUACUUUUUGCCGUUUACC,1,positive,train,GSE136967,URS000062C5D9_9606,31
P059878,GAUUCGCACGAGAAGAAGAGA,1,positive,train,GSE136967,URS00004640CB_9606,55
P057843,NNNNCCUGGAUGAUGAUAAGC,1,positive,train,GSE136967,URS00006B8984_9606,7
P061731,UUCGAUUCCCCGACGGGGAGN,1,positive,train,GSE136967,URS00006174C2_9606,63
P064178,UGAUUUUGUUGUUUUUAGAUA,1,positive,train,GSE308686,URS00002C5007_9606,45
N026641,UAGGAUCAAGUGUAGUAUCUG,0,negative,train,GSE279647,URS00033D25D4_9606,32
P062046,GUUCGAACCCCACUCUCGGUA,1,positive,train,GSE136967,URS0000625435_9606,73
P065283,AGGGACCUUUGGCCUGUUAAA,1,positive,train,GSE308686,URS0000569A4A_9606,62
N003621,NNNNNNNNNNAAUGUGAAGCA,0,negative,train,GSE136967,URS00006292A1_9606,1
P062931,GCGCGAGGUCAGACUGGGCAG,1,positive,train,GSE136967,URS000013F331_9606,170
N031793,GGUUUGAAACCAGGCGGAAAC,0,negative,train,GSE308686,URS0000732DD4_9606,62
P071117,NNNNNNAUCGUCAGGUGGGAU,1,positive,train,GSE308686,URS00021EDA78_9606,5
P067336,CCCAGGCAGUGGGGCCAGGAU,1,positive,train,GSE308686,URS000022C1CA_9606,33
P061766,UGUGGGUUCGAAUCCCACCAG,1,positive,train,GSE136967,URS0000738059_9606,58
N025971,UGAAUGCACCCAAACUCGUUU,0,negative,train,GSE279647,URS0003103663_9606,30
N036063,GCUCCAUAGCUCAGUGGUUAG,0,negative,train,GSE308686,URS0000023412_9606,12
P079242,AAUCAAGAGAUUCAAAGGUUG,1,positive,train,GSE279647,URS0000755838_9606,53
P070482,UGGUAAUGGAUUUAUGGUGGG,1,positive,train,GSE308686,URS00003D5684_9606,11
N020847,AUCAAAAAUGGCUUAUCUUCA,0,negative,train,GSE279647,URS0000704142_9606,70
N009042,UGCCUUGUAGCAUUCAGGUCA,0,negative,train,GSE279647,URS0000302909_9606,37
P061787,UGAGUUUAUGGUUAAAUUUUU,1,positive,train,GSE136967,URS000067B2B1_9606,84
P070686,GCGGGAAGGUCCUGGGCAAAG,1,positive,train,GSE308686,URS0000706530_9606,108
P061662,ACAAUGAUGUGGUAAUUUCCA,1,positive,train,GSE136967,URS00006457BC_9606,20
N012079,NNNNNNNNNNUGGGAUGAGGU,0,negative,train,GSE279647,URS00005EB5B7_9606,1
N006528,ACAGACUAGAGUCUCCGAUGC,0,negative,train,GSE279647,URS000011C781_9606,26
P059841,CUCUGUGGUUUUACUUUACUC,1,positive,train,GSE136967,URS0000202A89_9606,78
N006155,CAAAAAAGGAAGGAAUCGAAC,0,negative,train,GSE279647,URS00000CBD3B_9606,11
P059600,UCACUUUGCCAGUUGGACUUA,1,positive,train,GSE136967,URS00005F1DD0_9606,21
N003775,ACCUGUAAUCCCAANNNNNNN,0,negative,train,GSE136967,URS0000A92109_9606,219
P059644,UCUGUGUUUUUCAUUCAGAUC,1,positive,train,GSE136967,URS000064AE5E_9606,58
N013887,NNNUUCUAUGCCCAUACCACG,0,negative,train,GSE279647,URS000064ACCC_9606,8
P064038,UGCUUCCUGUCACAAAUCACA,1,positive,train,GSE308686,URS00001CC864_9606,40
P082450,CCCAUGGAUCUCCAGGGUUGA,1,positive,train,GSE279647,URS00032C9104_9606,46
P063598,GCACUCCUGGUUUCCAGGACG,1,positive,train,GSE308686,URS00004B92A1_9606,25
N026404,UGCUUCUUGACCUUUUGUCUG,0,negative,train,GSE279647,URS0003296718_9606,13
P066345,AUGUGGUGUCAAAAAAGGCGU,1,positive,train,GSE308686,URS00001BD443_9606,48
P065362,AGAACUUUUUCCUACUUUUGA,1,positive,train,GSE308686,URS0000569A4A_9606,144
P073133,NAUGCUAUGAUGACAUCCAUA,1,positive,train,GSE308686,URS000065DBA2_9606,10
N004267,CCAGCCUACAAAANNNNNNNN,0,negative,train,GSE136967,URS0000629234_9606,130
P058307,GUUCAAAUCCGGGUGCCCCCU,1,positive,train,GSE136967,URS0000646601_9606,62
N045973,UAUUGCAGUGGUGACAAUGAG,0,negative,train,GSE308686,URS00004ACFCF_9606,107
P061742,CACGGGCUGCCUGUGCUCUGG,1,positive,train,GSE136967,URS00006A1082_9606,30
N007529,GUCUGGGGUGCAGGCUUCAAA,0,negative,train,GSE279647,URS00001DA281_9606,30
P063566,CGUUCGCGCUUUCCCCUGNNN,1,positive,train,GSE308686,URS000069B06F_9606,158
P076764,CGCUCUCCAGUCCUUUUNNNN,1,positive,train,GSE308686,URS00005CCF67_9606,92
P068604,GUGGGACUCUAGAGGGAGUCA,1,positive,train,GSE308686,URS00004C6FD8_9606,43
N015901,CCUAUGAUGAUGACUGGUGGC,0,negative,train,GSE279647,URS000067B8ED_9606,15
P062156,GAGGUCUAUCCGAGGCGCGAU,1,positive,train,GSE136967,URS00003F07BD_9606,42
N017138,AUCUCGUGAAGCCAAGCAGGG,0,negative,train,GSE279647,URS00006A4CA5_9606,52
N006174,GUUGCAUUGCAUGUUCUGGUG,0,negative,train,GSE279647,URS00000CBE63_9606,26
P079253,CUAUUAGCUCUUAGUAAGAUU,1,positive,train,GSE279647,URS000044DFF6_9606,33
N032943,UGGAUUUGCUUUUUUCUGAUU,0,negative,train,GSE308686,URS000004E6C0_9606,60
P076497,CUAACACGCGAAAGGUCCCUG,1,positive,train,GSE308686,URS0000750232_9606,42
P060488,CUGCUGGCACUGAAGUGGGUU,1,positive,train,GSE136967,URS0000647500_9606,118
N014640,UCCACUCCAUGCAUCAACCUG,0,negative,train,GSE279647,URS0000659FDF_9606,147
N017795,UGUACUGAGCUCCGUGAGGAU,0,negative,train,GSE279647,URS00006B61AB_9606,41
N016610,CCUGUGCAAGGAUGACAUGCA,0,negative,train,GSE279647,URS000068F0FA_9606,72
N000117,NNNNNNNNNGCACCUGAAUCU,0,negative,train,GSE136967,URS0000673CF7_9606,2
P058737,ACAGCAAGCGGAUCUUGUCGC,1,positive,train,GSE136967,URS00005357F7_9606,70
N024933,NNNNNNNNNNCUGUAAAGCUA,0,negative,train,GSE279647,URS00019E7444_9606,1
P076873,NNNNNNNNNNUUACUCUAGUU,1,positive,train,GSE279647,URS0000631BD4_9606,1
N013483,UGCUCACUUUGGCAGCACAUA,0,negative,train,GSE279647,URS0000640E15_9606,12
P065738,GUUUCUUCUCAAGGUGAAGAU,1,positive,train,GSE308686,URS0000466492_9606,31
N030405,UGGCAGUCUGCCUUUCUUUUN,0,negative,train,GSE308686,URS0000734D8F_9606,323
N002296,CUUCUCUGAUAAAUUCUUGAA,0,negative,train,GSE136967,URS0000729A81_9606,42
P061925,AUUUCCGUGGAGAGAAACCGU,1,positive,train,GSE136967,URS00006729B1_9606,61
N015709,GGGUUCUCGCCUCACACGCGG,0,negative,train,GSE279647,URS0000676AD7_9606,31
P070319,UGCACUCAGCAGUUUACACCU,1,positive,train,GSE308686,URS00003A960A_9606,27
P066704,NNNNNNNNNNUGUCCUGGACC,1,positive,train,GSE308686,URS000075A77B_9606,1
P061450,CCAGGAGGUUGAUACUGCAGU,1,positive,train,GSE136967,URS0002869BDB_9606,14
P073883,CACCCUGGUGACAAAAUCAAG,1,positive,train,GSE308686,URS00006A5FBC_9606,77
P063218,GUGAUGGAUUAAAGGAUUUAC,1,positive,train,GSE136967,URS0000708227_9606,55
P074526,GAUGACUUAAAUUACUUUUUG,1,positive,train,GSE308686,URS000075BEB6_9606,16
P061803,UAAAGAUUUCCGUGGAGAAAA,1,positive,train,GSE136967,URS000067B2B1_9606,56
P058386,GCUAAUUAGCAGUAUAACUAU,1,positive,train,GSE136967,URS000033A30E_9606,84
P062818,CUCUGCAUCUGACUAUACUUC,1,positive,train,GSE136967,URS00006FB8B0_9606,20
N023284,UCGGCUAAGGAAGUCCUGUGC,0,negative,train,GSE279647,URS000075D8EE_9606,11
P070761,GACCCACUUGCCCUCACUGAG,1,positive,train,GSE308686,URS000075CFA2_9606,26
P057592,GGAUCAUUUCUAUAGUGUGUU,1,positive,train,GSE136967,URS0000650B1E_9606,27
P071339,UUGGUCUGUAUGUAAUAGAUU,1,positive,train,GSE308686,URS000075CB76_9606,39
N007264,UCGAAACUGGAUGGAAACANN,0,negative,train,GSE279647,URS00001A86BB_9606,65
P062635,CUUCUUUUUCUUUCUUUGAAU,1,positive,train,GSE136967,URS00003B57B1_9606,90
N023970,GGCCUUCACUUUGUAGAUGAG,0,negative,train,GSE279647,URS0000A8C404_9606,80
N016108,AUCAAGUGUAGAAUCUGCUUU,0,negative,train,GSE279647,URS0000680D17_9606,36
N050704,ACAUGAACACCUGAGAAACNN,0,negative,train,GSE308686,URS0000164B86_9606,57
N057007,GAAGAUUAUGAGAUAUGAGGG,0,negative,train,GSE308686,URS00003B57B1_9606,129
N005245,CCGUUGGUCUUAGGCCCCAAA,0,negative,train,GSE279647,URS00000177BE_9606,33
P081308,ACUCCAUGCAUUGACCUGGUA,1,positive,train,GSE279647,URS00006D1735_9606,150
P070754,ACUCAAGUUCUGAGCCAGNNN,1,positive,train,GSE308686,URS000075CFA2_9606,81
N005009,NNNAAGCCCGGCUAGCUCAGU,0,negative,train,GSE279647,URS0000001346_9606,8
P072580,ACUGUGAAGAGUAAAACCGAG,1,positive,train,GSE308686,URS00003BC8C2_9606,45
N012490,AAAGCAUUAUUUUAUUCAUUU,0,negative,train,GSE279647,URS0000629234_9606,104
N025225,AAUCCUGUUGUGCCUAAUUCA,0,negative,train,GSE279647,URS0002310621_9606,24
P069499,AGUGAAUUUGGAGGUUCCACA,1,positive,train,GSE308686,URS00005357F7_9606,120
N020663,UUCUUAUCAGAGUGAGACCUU,0,negative,train,GSE279647,URS00006FE165_9606,53
P064091,ACAGCUAGCAGUGCAAUAGUA,1,positive,train,GSE308686,URS0000759EFA_9606,53
N017415,AGUCACAUACGAUGAAUACGU,0,negative,train,GSE279647,URS00006AAF5B_9606,41
N016109,AGUGUAGAAUCUGCUUUUAUC,0,negative,train,GSE279647,URS0000680D17_9606,40
N013806,CAAUGAUGACAAAUGGUGGCA,0,negative,train,GSE279647,URS000064A1E7_9606,16
N000012,UAAGAAGUGCAAUAUUAAAAC,0,negative,train,GSE136967,URS000021BC29_9606,88
P069418,NNNNAUCCAAGGUGAUUCCCU,1,positive,train,GSE308686,URS00004C8BD1_9606,7
P078590,AAGAUUACACAUGCAAGCAUC,1,positive,train,GSE279647,URS000044DFF6_9606,48
N023483,NNNNNNNNNNUAGUUUUGCAG,0,negative,train,GSE279647,URS00007E3A91_9606,1
N022111,GGUGGUUUUCGCAGGCCAAGG,0,negative,train,GSE279647,URS0000729E30_9606,47
P059458,CACCCGGGAGGUCACUCUCCC,1,positive,train,GSE136967,URS00004A4D73_9606,23
N053048,CUAGCAAUCAGCUUAUUGGGA,0,negative,train,GSE308686,URS00004AEC70_9606,105
P068769,AACCAGCUUCAUCAGUGGCUG,1,positive,train,GSE308686,URS000075E772_9606,101
P073979,GUAUUGCCAUUGCUUCACUGU,1,positive,train,GSE308686,URS00005D7632_9606,43
N055432,GGUCUGAGGCCCCUCAGUCUU,0,negative,train,GSE308686,URS000075B951_9606,68
P063845,UGUAACUUUCCAAAGAAUUCU,1,positive,train,GSE308686,URS000059EAAC_9606,15
N002803,CUGUCUCUUCCAAACCCUGGA,0,negative,train,GSE136967,URS00006BEDDC_9606,113
N010229,AGUCUCGGUGGAACCUNNNNN,0,negative,train,GSE279647,URS0000429B3F_9606,67
P072095,CCCUGUCUGAAGGCAAAGAAA,1,positive,train,GSE308686,URS000031EDF0_9606,38
N046550,UGACAUGGACAAUUNNNNNNN,0,negative,train,GSE308686,URS00002982D8_9606,129
N015843,GUCGUGGGUUUGAGCCCCAUG,0,negative,train,GSE279647,URS0000679FAF_9606,56
P077060,CUCUUAGCGGUGGAUCACUCG,1,positive,train,GSE279647,URS00006CE1FB_9606,13
P059938,ACCUGAAAUGAGCAUGUAGAC,1,positive,train,GSE136967,URS00006CFC33_9606,37
P062044,NNNNNNNUAGCUUAUCAGACU,1,positive,train,GSE136967,URS000230F82E_9606,4
P058812,CUGCUACUUUGCUAGCAAUCA,1,positive,train,GSE136967,URS00004AEC70_9606,94
P076837,NNNNNNNNNNAACCAUCCUUU,1,positive,train,GSE279647,URS000075ADBA_9606,1
N003121,AUGAGGGUAAAAUCAUGACAG,0,negative,train,GSE136967,URS00002982D8_9606,106
N025172,NNGGGGUUCCUGGGGAUGGGA,0,negative,train,GSE279647,URS000230F35C_9606,9
N005189,NNNNNNNCACUGUAAAGCUAA,0,negative,train,GSE279647,URS000000EE2E_9606,4
P061454,GAGCCCAGGUGUUUGAGGAUG,1,positive,train,GSE136967,URS0002869D5F_9606,11
P058194,GCGUGAUGUGGCAGAAGCGAA,1,positive,train,GSE136967,URS0000656AFD_9606,34
P063347,CUCAGUCGGUAGAGCAUCAGA,1,positive,train,GSE136967,URS000071C635_9606,21
N026143,AGCAGGGUGGGCCUAGUUAGU,0,negative,train,GSE279647,URS000316ED4B_9606,68
N003317,AAACAAAAGCCAUGAGUCUUU,0,negative,train,GSE136967,URS000021BC29_9606,105
P062259,AUCGCUGUACGGCCUUGAUGA,1,positive,train,GSE136967,URS0000714052_9606,28
P074539,CUUUGAAGAAAUAAUUUUAAG,1,positive,train,GSE308686,URS000075BEB6_9606,59
P071472,UCCCUCUCAGUGAAGGGUAAG,1,positive,train,GSE308686,URS00008E3A5F_9606,186
P060173,UGGUAGCUUCGUUCUAAGUGC,1,positive,train,GSE136967,URS00005F2496_9606,30
N007505,CCGAAGAUCACGGGUUCGAAC,0,negative,train,GSE279647,URS00001D9AFB_9606,49
P061964,UCAGGACCUCGGAUGGGCCUU,1,positive,train,GSE136967,URS0000210FD6_9606,88
P062915,GGACCUCAUAACCCAAUUCAG,1,positive,train,GSE136967,URS000013F331_9606,311
N018425,GGCGUCAAACUUGUGGCUUCC,0,negative,train,GSE279647,URS00006C38E6_9606,95
N003289,GCUCAGUGGUAGAGCGCGCGC,0,negative,train,GSE136967,URS00006F4537_9606,20
P081133,AAGACGUUAGGUCAAGGUGUA,1,positive,train,GSE279647,URS000044DFF6_9606,681
P078469,GACAAGGAUGGAAGAGGCCCU,1,positive,train,GSE279647,URS00006C0FA0_9606,48
P074673,GGUGAAAAUUUAAUUCAUCAC,1,positive,train,GSE308686,URS000075D383_9606,57
P061369,AUGUGACUAAUGUCUCUGUGU,1,positive,train,GSE136967,URS00006B483D_9606,86
N023997,UCGAUCUCGUGUGAUCUCGGA,0,negative,train,GSE279647,URS0000A91C06_9606,39
P059776,GAGAUACCAUGAUCACGAAGG,1,positive,train,GSE136967,URS000032B6B6_9606,28
N023965,UUGGUCAUUCUCCACUCCCAC,0,negative,train,GSE279647,URS0000A8B8D7_9606,70
P079121,CCCCCUCCUCCGGUCGGCGCC,1,positive,train,GSE279647,URS0002A59E14_9606,30
P058685,UCUGAUUUUGUAAUAGUCAGG,1,positive,train,GSE136967,URS00002C6D40_9606,30
P058808,AAGGCUCUCCUAAUGCACGAC,1,positive,train,GSE136967,URS0000034D55_9606,78
N026936,AAAGAAAGAAAUCCCUGCGCU,0,negative,train,GSE308686,URS000019135F_9606,73
P065288,GUUGUGAUUCAGUUGGUUUGG,1,positive,train,GSE308686,URS0000569A4A_9606,33
P060284,UCCCUCCCCAGUAAGACGCUG,1,positive,train,GSE136967,URS00006276F4_9606,92
P062617,CAGGAUGAAACCUAAUUUGAG,1,positive,train,GSE136967,URS00006E3D71_9606,18
P059390,UCCAGCUGUAGGCAGCUGCCU,1,positive,train,GSE136967,URS0000AAB145_9606,11
P076769,CUCUGGGUGGUUCGAGACCCG,1,positive,train,GSE308686,URS0000000A8C_9606,57
P075677,AAUCGGUUAGCGCGCGGUACU,1,positive,train,GSE308686,URS0000758A62_9606,24
P063775,GCUUUGAGAACUGAAUUCCAU,1,positive,train,GSE308686,URS000075D8A0_9606,27
P070004,NNNNNAUCCAGCGGUUGUCAG,1,positive,train,GSE308686,URS0000148398_9606,6
N011534,UGUUCUCAUCAGUUUAGUAUC,0,negative,train,GSE279647,URS0000584C26_9606,51
N014935,GUCUGAAUCAACACUUUUGAU,0,negative,train,GSE279647,URS0000661285_9606,39
P074582,UUGACACCCGGGGGUCUGAGG,1,positive,train,GSE308686,URS000075DD61_9606,79
P080459,GUCUUUUAUCACUUCUUUCUU,1,positive,train,GSE279647,URS00008E3A5F_9606,123
P060919,AGAGUCCCAUGGAGAGGAACA,1,positive,train,GSE136967,URS000071EA53_9606,59
N003490,GCUGGGUUGAGAGGGCGAAAA,0,negative,train,GSE136967,URS00006FED78_9606,62
P075798,NGGUAGCGUGGCCGAGCGGUC,1,positive,train,GSE308686,URS000064506B_9606,10
P066976,CGGCCAAAGAGUAACUUGGGA,1,positive,train,GSE308686,URS0000818C5D_9606,109
N012861,UGACAAAAUAUCCUGAAGCGA,0,negative,train,GSE279647,URS0000633321_9606,84
N009517,UGCUUCGCAUGUACGAGGCCC,0,negative,train,GSE279647,URS000038D768_9606,38
N001852,AGGCCAGAUCAAUAGCAUUGG,0,negative,train,GSE136967,URS000014FF3E_9606,138
N012863,GAACGCGCCCGCUCGCCUCUG,0,negative,train,GSE279647,URS00006338FF_9606,30
P059099,AGUUCAUGAGCGUGAUGAUUG,1,positive,train,GSE136967,URS000064F355_9606,21
N011821,GGGUUCGAUCCCCGGCAUCUC,0,negative,train,GSE279647,URS00005B30A9_9606,60
P059849,UCCAUAUAUACAUUCCUUGGA,1,positive,train,GSE136967,URS00006BC7F5_9606,26
N013307,NNNNNNNGUCUACGACCAUAC,0,negative,train,GSE279647,URS000063C001_9606,4
N023940,AUCACUUCUUGGCCUUUUGGC,0,negative,train,GSE279647,URS0000A780FF_9606,11
N016542,NNNNNNAAAUUUGAAAACCAU,0,negative,train,GSE279647,URS000068D944_9606,5
P060650,GACUGAUCAUUUCUUCACUUU,1,positive,train,GSE136967,URS00000335D1_9606,20
P072045,AUGAAGAAACUAAAAUUGGUC,1,positive,train,GSE308686,URS0000ABD85F_9606,16
N026054,GCUCAGCAGGGUCGGGCCUGG,0,negative,train,GSE279647,URS000313FDA5_9606,58
N023655,CCCCCUUAUUUNNNNNNNNNN,0,negative,train,GSE279647,URS00008282F7_9606,66
P080979,AACAACUCUGAGUCUUAACCC,1,positive,train,GSE279647,URS00006D109F_9606,76
P060322,UUCACCUGAUAACAUAAAUAU,1,positive,train,GSE136967,URS0000653FA4_9606,44
N007533,GUGCAGGCUUCAAACCUGUAG,0,negative,train,GSE279647,URS00001DA281_9606,37
N016082,GAAAAGUAACAGCACUAGAUU,0,negative,train,GSE279647,URS000067FCA5_9606,100
N018356,CUAAGAUCAAGUGUGGUAUCU,0,negative,train,GSE279647,URS00006C30CA_9606,31
N003446,CACAAGAAGAAAAGUAACAGC,0,negative,train,GSE136967,URS000067FCA5_9606,92
P059506,AAUAAAGCUGGGCCUCGUGUC,1,positive,train,GSE136967,URS00004A4D73_9606,120
N012884,ACAUAGUGUCACUAAAGUUGG,0,negative,train,GSE279647,URS0000633947_9606,45
P062576,CGCCUGUCUAGUAAACAGGAG,1,positive,train,GSE136967,URS00000A1A88_9606,36
P072280,NNNNNNNUUCCUAUGAUGAGG,1,positive,train,GSE308686,URS0000454FD5_9606,4
P069757,GUGGGCUGCCUGUGCCCUGGU,1,positive,train,GSE308686,URS000075BE5B_9606,32
N025524,UUGGUGCAAUAUCUNNNNNNN,0,negative,train,GSE279647,URS00025E358E_9606,174
P060060,CUGCACACUAUUAAAGCUCAG,1,positive,train,GSE136967,URS0000714944_9606,12
P069037,CUGGUCAUCAAUAACGCAGGG,1,positive,train,GSE308686,URS0000468B49_9606,48
P064775,UCCGCACUAAGUUCGGCAUCA,1,positive,train,GSE308686,URS00000478B7_9606,120
P063504,UGAUGACUGUUUUUUUUGAUU,1,positive,train,GSE136967,URS0000446770_9606,18
N015646,AGGAUCGAUGCCUGCAUUCUC,0,negative,train,GSE279647,URS0000674B10_9606,61
N024329,UCCCUGUUCCUUAANNNNNNN,0,negative,train,GSE279647,URS0000C8E9CE_9606,76
N011742,GCAGGCUGAUGGGGAGCACUU,0,negative,train,GSE279647,URS00005ACA64_9606,97
P076639,AGUGUAGUGGUUAUCACAUCU,1,positive,train,GSE308686,URS000064D54F_9606,19
N015998,NNNNNGGGUGGUCUGAGUGCA,0,negative,train,GSE279647,URS000067D642_9606,6
N004282,UUGUGUUGCCCAUUCACUUUG,0,negative,train,GSE136967,URS00001BD443_9606,16
P079299,GUGAGGGCAGUACUGCUAACG,1,positive,train,GSE279647,URS000075ADBA_9606,56
P058853,CUGGCCUAAAUGUUGUAAUCU,1,positive,train,GSE136967,URS00005D459D_9606,87
N028983,CCUAAUGGAUAAGGCAUCAGC,0,negative,train,GSE308686,URS000059900F_9606,21
P069573,UGGCUGCACACAGCAGCUUCC,1,positive,train,GSE308686,URS00000D55EA_9606,65
P066960,CUGUAAUGUGUGCAUAGGUUU,1,positive,train,GSE308686,URS0000818C5D_9606,19
P067778,UUUGGGAAACUUUGAGGCCAG,1,positive,train,GSE308686,URS00000B589B_9606,82
N012122,NNNNNNUACUCUUUUUUGAAU,0,negative,train,GSE279647,URS00005F7854_9606,5
P064623,CGACCAUCCCCGAUAGAGGAG,1,positive,train,GSE308686,URS0000734D8F_9606,160
P060361,CGUGGGUUCGAAUCCCAUCCU,1,positive,train,GSE136967,URS00002034DC_9606,67
N017196,CACAGACAUUAGCCUGGCCCC,0,negative,train,GSE279647,URS00006A6692_9606,50
N023144,GCGUGUGAGUGUGUGUGUGUG,0,negative,train,GSE279647,URS000075BE91_9606,30
P065210,UACUAACCGAGCUGUCUAUAU,1,positive,train,GSE308686,URS000021BC29_9606,21
N083193,CUCUAAACAUUUNNNNNNNNN,0,negative,train,GSE136967,URS0000285CCB_9606,136
N014828,GGGCUCUGACUGCCCCUGAGG,0,negative,train,GSE279647,URS000065F8CD_9606,34
N014412,GAUUGAUUAUAACCACUUACA,0,negative,train,GSE279647,URS0000655BA5_9606,46
P061343,UCUGUUGGCUGGUGCAAUCCA,1,positive,train,GSE136967,URS000063C47F_9606,35
P062566,GUUUCCCGACCAUGAGAUGAC,1,positive,train,GSE136967,URS00006F4F8C_9606,48
N015395,GAGGAGUGAUUAUUGCUAAUU,0,negative,train,GSE279647,URS0000671FC3_9606,53
P068889,CGUUUCUGUCAUAGCGGGGGC,1,positive,train,GSE308686,URS000072157F_9606,35
P064213,GUUGCAAUGCUGUGUUUCUGU,1,positive,train,GSE308686,URS00002B6637_9606,33
N025340,AUAUCAUAGCCCAUGAGGUUU,0,negative,train,GSE279647,URS0002313C52_9606,28
P076336,NNNNNNGACGAGGUGGCCGAG,1,positive,train,GSE308686,URS000067AC87_9606,5
P062870,ACAUGCGGCUGAUGACAGCAC,1,positive,train,GSE136967,URS000064B8EB_9606,13
N023721,NNNNNUGUCCUUGGAAAAAGG,0,negative,train,GSE279647,URS0000836D30_9606,6
N022250,GGGAAAUAAUCUAUUCUGAGG,0,negative,train,GSE279647,URS000072C309_9606,57
P057797,CGAAUCCUCACUGCUAAUGUG,1,positive,train,GSE136967,URS00006ECA78_9606,58
P071174,NNNNNNUGCCUUAGCUGGAUU,1,positive,train,GSE308686,URS000075EC44_9606,5
P063889,UUGGAUUUCGUCCCCUGCUCU,1,positive,train,GSE308686,URS000075BBD9_9606,75
P062191,ACUGCUAAUCCAUUGUGCUCU,1,positive,train,GSE136967,URS0000664EAD_9606,41
P062624,UCCUGUGAGCGAAGAUUAUGA,1,positive,train,GSE136967,URS00003B57B1_9606,119
N002290,NNNNCAGCCUGAAGUGAUGAU,0,negative,train,GSE136967,URS0000729A81_9606,7
P065080,GAACGGGGCUCCGCGCGAGGU,1,positive,train,GSE308686,URS000013F331_9606,158
P080470,AAGUGGCUUUAACAUAUCUGA,1,positive,train,GSE279647,URS000044DFF6_9606,389
N030217,NNNGGUUCCAUAGUGUAGCGG,0,negative,train,GSE308686,URS000038803E_9606,8
N000272,AGGUCCCGGAGCUGGCCCUGC,0,negative,train,GSE136967,URS000023DE4C_9606,320
N083445,UCCACUCCUGUCUCUUCCAAA,0,negative,train,GSE136967,URS00006BEDDC_9606,106
N022133,GGAGGGUGUCUGAAUCAAAAA,0,negative,train,GSE279647,URS0000729F65_9606,29
P061551,GUGUUAGACUGCUGACGCGGG,1,positive,train,GSE136967,URS00006F39E7_9606,38
P067012,UACUGGUCUAGUGUUGUCUCU,1,positive,train,GSE308686,URS0000818C5D_9606,136
P066368,NNNCUGCAUUCUUAAACCCUC,1,positive,train,GSE308686,URS00005F2496_9606,8
N044737,UAGAUUGAAGCCAGUUGAUUA,0,negative,train,GSE308686,URS00004206E2_9606,11
P076122,UGUUUGUGGGUUUAAGUCCCA,1,positive,train,GSE308686,URS00004206E2_9606,54
P060646,UGGGCACUGUUGAUCAUGGUG,1,positive,train,GSE136967,URS00004ACFCF_9606,28
N003574,UUCGGCUUCUGAGAUNNNNNN,0,negative,train,GSE136967,URS00006F8A66_9606,66
N018913,UCGCAAAUAGUUACAGGUUUC,0,negative,train,GSE279647,URS00006CD342_9606,48
P062610,UAAUUUGAGUGGACAUCCAUG,1,positive,train,GSE136967,URS00006E3D71_9606,30
N083153,UAUAGGUAUGUGUCUGUUAGG,0,negative,train,GSE136967,URS000054969A_9606,70
P079421,NNNNNNAUCACUUCUCAGCCU,1,positive,train,GSE279647,URS0000658797_9606,5
P059411,UUUAAGGUUGACCCAGUGCUU,1,positive,train,GSE136967,URS00006810EA_9606,18
P068573,AGCACCUGAAUCUUUCCCAUU,1,positive,train,GSE308686,URS000027BAE7_9606,12
N083267,GUUGGAGGCGUGGGUUUUAGA,0,negative,train,GSE136967,URS0000759B7F_9606,18
N012829,AUCCUGAACAUCCCUAUCUCA,0,negative,train,GSE279647,URS0000632BBF_9606,26
N024895,AGUGAGACGAGACGCGCCCCU,0,negative,train,GSE279647,URS0000EF3CE8_9606,19
P071234,UGGAAUUUAACUACCUGAGUU,1,positive,train,GSE308686,URS000075D829_9606,68
P079673,CUCCGGUCGGCGCCUCGGUGU,1,positive,train,GSE279647,URS0002A59E14_9606,37
P079681,NNNNNNCGCUUCUCGGCCUUU,1,positive,train,GSE279647,URS00002CBAC9_9606,5
N004395,CCUGUCACGCGGGAGACCGGG,0,negative,train,GSE136967,URS00006174C2_9606,41
N024515,CAGGGAUCCCAGAUCAAACCA,0,negative,train,GSE279647,URS0000D54BB6_9606,25
N014599,NNCCCCGGCUGGCUCAGUCAG,0,negative,train,GSE279647,URS00006596D4_9606,9
P064645,GGUCUUCGGUCAAGGGUAUAC,1,positive,train,GSE308686,URS0000734D8F_9606,185
N003399,CCCCUCCGUACAGCNNNNNNN,0,negative,train,GSE136967,URS0000648DBA_9606,140
P066954,CCAAGUGUGCUUUAUAGUUCC,1,positive,train,GSE308686,URS000028CE2F_9606,26
P064409,GUAGAUUGUAUAGUUGUGGGG,1,positive,train,GSE308686,URS00004BFD1E_9606,24
N001145,UGGAUCAAAACCAGGCGGAAA,0,negative,train,GSE136967,URS0000750232_9606,61
N021151,NNNCUGGAGGACUAAGAAGGC,0,negative,train,GSE279647,URS000071234F_9606,8
P076198,NNNNNNNNNGGGCCAGUGGCG,1,positive,train,GSE308686,URS00002DDD59_9606,2
N052276,UAAGGAAGUCCUGUGCUCAGU,0,negative,train,GSE308686,URS000075D8EE_9606,16
N007567,NNNNNNNNNNGAAGAGACAGC,0,negative,train,GSE279647,URS00001DF70B_9606,1
N016535,CUGUUAACUAAAAGGUUGGCG,0,negative,train,GSE279647,URS000068D6AF_9606,43
P074527,GAAGAAAUAAUUUUAAGACUG,1,positive,train,GSE308686,URS000075BEB6_9606,63
P065229,GUCUAUAUCCUAGCCUUGUGU,1,positive,train,GSE308686,URS000021BC29_9606,34
N006553,UCGGGGGCGUGGGUUCGAAUC,0,negative,train,GSE279647,URS0000120E41_9606,60
N021886,AUCUCCCCUGCUCUCAGAAGC,0,negative,train,GSE279647,URS0000724504_9606,42
P064184,GUUUUUAGAUAACUAAAUCGA,1,positive,train,GSE308686,URS00002C5007_9606,55
N003780,GUGGACAAAUGAAAAAAUGCC,0,negative,train,GSE136967,URS0000648DBA_9606,36
P073866,GAGUUGCACACUGGUGGAGCC,1,positive,train,GSE308686,URS00006A5FBC_9606,23
P082149,CCCUCUAGAGGAGCCUGUUCU,1,positive,train,GSE279647,URS000044DFF6_9606,553
P060168,UGAGUGAAUGCUAUAGAAAUU,1,positive,train,GSE136967,URS00005F2496_9606,61
P059498,CACAACGUUGGAAAUAAAGCU,1,positive,train,GSE136967,URS00004A4D73_9606,108
P063110,NNNAAUGUGAAGCAAAUGAUG,1,positive,train,GSE136967,URS00006292A1_9606,8
N019320,UGUUUUUUUUUACUGGAAAAC,0,negative,train,GSE279647,URS00006D709F_9606,73
N021115,AUUUCUAUACUUCAUUACUAG,0,negative,train,GSE279647,URS000070F8B0_9606,32
P078895,ACCGCCCGUCACCCUCCUCAA,1,positive,train,GSE279647,URS000044DFF6_9606,845
P078613,CGACCUGGUAUUGCAGUACUU,1,positive,train,GSE279647,URS00006D1C46_9606,161
N011604,AAUCAAGGCCAGCAGUUUGCU,0,negative,train,GSE279647,URS0000599BEA_9606,20
P076929,NNNNNNNGACUCUUAGCGGUG,1,positive,train,GSE279647,URS00006CE1FB_9606,4
P072466,CCACUCACAUUCGAGUUUCCC,1,positive,train,GSE308686,URS000008DC88_9606,32
P063973,UAUCUACUGCAUUAUGAGCAC,1,positive,train,GSE308686,URS0000507C9B_9606,49
N025245,NNNNNNNNNNUGGCAGUGUCU,0,negative,train,GSE279647,URS0002310D78_9606,1
N020788,UUCUUAUCAGUUUAAAUACCA,0,negative,train,GSE279647,URS00007027CF_9606,53
N002727,GUCAAUCCCCUGAGUGCAAUC,0,negative,train,GSE136967,URS000062ED01_9606,39
N003170,NNNNNNCCCUGCAUUCGAAAG,0,negative,train,GSE136967,URS00006BEDDC_9606,5
P082423,NNNNUACUGUUAGUGAUGAUU,1,positive,train,GSE279647,URS000067D064_9606,7
P068610,AGUAAGUGGUGAGUUCUUCUG,1,positive,train,GSE308686,URS00004C6FD8_9606,73
N002957,CUCGUUGUCUGAUGCACCNNN,0,negative,train,GSE136967,URS000046CCFB_9606,65
N024150,ACAAUACAGAGAGGUUUAGCA,0,negative,train,GSE279647,URS0000AAD504_9606,46
P066632,UGUGGCCUCGGGGCAAAGAGA,1,positive,train,GSE308686,URS000075A77B_9606,55
N005035,UUGGGUGCUAAUGGUGGAGUU,0,negative,train,GSE279647,URS0000003B66_9606,40
N020751,CUCAGAAACUAAGCAGGAUUG,0,negative,train,GSE279647,URS0000700638_9606,54
P058451,GACUCCCCACUGUAAGGCCAG,1,positive,train,GSE136967,URS000014FF3E_9606,124
P064144,CUUUUCUAUUUUCCAAAAGCU,1,positive,train,GSE308686,URS000075B951_9606,46
N000737,CCCUGGUUCAAAUCCAGGUGC,0,negative,train,GSE136967,URS00006D9244_9606,57
N012688,GUUACAGCUCUUUUAGAAUUU,0,negative,train,GSE279647,URS000062EE50_9606,15
P065710,UAAGGCUCGGUCCUCUCCACG,1,positive,train,GSE308686,URS00003B6A48_9606,19
P068590,ACCUGAAUCUUUCCCAUUCCU,1,positive,train,GSE308686,URS000027BAE7_9606,15
N008225,UUCGUUAGGCAACAGCUACAU,0,negative,train,GSE279647,URS0000245997_9606,62
N026486,NNNNNUAUGGCCAUACCACCC,0,negative,train,GSE279647,URS00032E0C50_9606,6
P074022,GACUCAAUAUUCGUCACUACC,1,positive,train,GSE308686,URS0000679D94_9606,61
P065079,AUCAGUGGGGCCACGAGCUGA,1,positive,train,GSE308686,URS000013F331_9606,30
N005973,GACUAUGAGAAUCGAACCCAU,0,negative,train,GSE279647,URS00000A75D2_9606,15
N011551,UUUAGCUCAGCGGUUACUUCG,0,negative,train,GSE279647,URS000058CD99_9606,18
P057942,AUUCGGCGCUUUCACCGCCGC,1,positive,train,GSE136967,URS000064074C_9606,34
P063336,UUCAAGUCCCUGUCCAGGCGN,1,positive,train,GSE136967,URS000071C635_9606,64
P064097,CCCAGCAUUUUGGNNNNNNNN,1,positive,train,GSE308686,URS000075C9AA_9606,72
N023585,NNNNUCAUUGGUCGUGGUUGU,0,negative,train,GSE279647,URS00007F86BF_9606,7
P065268,NNNNNNNNNCAGCACUUGAUA,1,positive,train,GSE308686,URS000021BC29_9606,2
N011174,UUGAAAUCAAGCUGACUCUGC,0,negative,train,GSE279647,URS00005172B7_9606,35
P080266,CCCACCAUGAUGACUUGAAAU,1,positive,train,GSE279647,URS0000672AEB_9606,91
N011533,AUCUGUUCUCAUCAGUUUAGU,0,negative,train,GSE279647,URS0000584C26_9606,48
N008417,UGGUAGAGCGCGUGCUUAGCA,0,negative,train,GSE279647,URS0000282AB2_9606,26
P078654,AGUGACAUGCGUUUAACGGCC,1,positive,train,GSE279647,URS000075CEC3_9606,28
P058477,AAUGCUGACGUCUUAUAUUUU,1,positive,train,GSE136967,URS000071403B_9606,55
N003657,UGCGGAAUCAAACAUGUNNNN,0,negative,train,GSE136967,URS00006868E5_9606,134
N019310,GGGUUCGAAUCCCUCCGUGGU,0,negative,train,GSE279647,URS00006D69C0_9606,61
P078524,UAGGGUAGUCAAGCUUCCAAG,1,positive,train,GSE279647,URS0000D56E44_9606,276
N022195,UUACACUCCAGAUGUGCUGAC,0,negative,train,GSE279647,URS000072BCFD_9606,76
P071803,UGCCAUGUUCUGUGGUGCUGU,1,positive,train,GSE308686,URS000043549A_9606,71
P058441,GAGGCCCACAGGUGGGGUCCA,1,positive,train,GSE136967,URS000014FF3E_9606,213
N007820,UGCCUCUAUGACUGGAGUUUG,0,negative,train,GSE279647,URS0000205DCB_9606,118
P068557,NNNNNNNNNGAGCACCUGAAU,1,positive,train,GSE308686,URS000027BAE7_9606,2
P062877,CUUCUGCUGAGACGCUGUGAU,1,positive,train,GSE136967,URS000064B8EB_9606,33
N025392,GCCAAGUUCCCUCUGGCUGGA,0,negative,train,GSE279647,URS00023205B6_9606,36
P059940,AUCAAAUGUCUGACCUGAAAU,1,positive,train,GSE136967,URS00006CFC33_9606,25
P074825,UGAAUGUAUGUGUUUCUCCUU,1,positive,train,GSE308686,URS00005ACA64_9606,63
P071534,AAUGAACCGUUGUGAUUAUUG,1,positive,train,GSE308686,URS0000A76DCB_9606,52
N025526,NNNNCUUCAAAGCCCUCAGUA,0,negative,train,GSE279647,URS0002631706_9606,7
N007572,UAUAGACAUUUGCGGACAUCC,0,negative,train,GSE279647,URS00001E28FC_9606,52
N015654,GCCGGAUCGCCUCUGAUCUUG,0,negative,train,GSE279647,URS000067510B_9606,37
P064340,GAGUUAACUGUACAACCUUCU,1,positive,train,GSE308686,URS0000031E12_9606,59
P063008,UGUAAAGGUGAACCCACUGGG,1,positive,train,GSE136967,URS000066FABB_9606,63
P066177,NNUGCCUCAUUCUAGAGAAUG,1,positive,train,GSE308686,URS00004ACFCF_9606,9
N012737,AAAAAUGGAACAACAUAGAGA,0,negative,train,GSE279647,URS0000630A9C_9606,37
P065194,NNNNNNNNAUAGGGCGGAGGG,1,positive,train,GSE308686,URS000013F331_9606,3
N046567,UAGUACUCGCUGCCACAUAGN,0,negative,train,GSE308686,URS00004C6257_9606,140
N004779,GGGGCAGACAGAUNNNNNNNN,0,negative,train,GSE136967,URS0000608804_9606,129
N000596,UCACCUGGAGCANNNNNNNNN,0,negative,train,GSE136967,URS00007362AD_9606,73
P063751,NNNUGUGCAGUGGGAAGGGGG,1,positive,train,GSE308686,URS000046FA49_9606,8
P078853,UAAUUCUGAGUUUUAAACCAA,1,positive,train,GSE279647,URS0000631BD4_9606,78
P068389,UCGCUUGUGGACCAGAGCACC,1,positive,train,GSE308686,URS00003E7565_9606,56
N015514,GCAGGGGGCCCGAAGAAUGCC,0,negative,train,GSE279647,URS0000673E8F_9606,25
N016051,AGUAUGGUCUGGCCUUGUUAG,0,negative,train,GSE279647,URS000067F521_9606,65
P069311,CCUUGAGGGGUGCAACAGGCN,1,positive,train,GSE308686,URS0000210FD6_9606,125
P063926,CAUGCAAAACUGACUGUGGUA,1,positive,train,GSE308686,URS00003BACA4_9606,74
P061486,GAGAGGAACAACUCUGAGUCU,1,positive,train,GSE136967,URS00006E1BD2_9606,70
P077325,ACCCCUACGCAUUUAUAUAGA,1,positive,train,GSE279647,URS000044DFF6_9606,893
P057863,UAUUCUCCUGUAGCAGCCAGG,1,positive,train,GSE136967,URS00006623A0_9606,103
N020709,ACCCUGAACGCGUCCAAUCUC,0,negative,train,GSE279647,URS00006FF7E2_9606,26
N015917,AUUGACGGUGAAUACAGGUCU,0,negative,train,GSE279647,URS000067B8ED_9606,45
N023526,UGUGAGGUAUUUUAGUAACAU,0,negative,train,GSE279647,URS00007E4581_9606,29
P071813,GAUGACACGAUGACGAGUCAG,1,positive,train,GSE308686,URS000043549A_9606,18
P080480,AAAUAAUUAGAACGAUACAGA,1,positive,train,GSE279647,URS000064432D_9606,39
N026228,ACUUGGAUGGAAAAUCUCACA,0,negative,train,GSE279647,URS0003194D41_9606,87
N022660,GCCUUCGGCUGUUUGAACCGA,0,negative,train,GSE279647,URS000074D670_9606,35
P074698,UCUCUGUGUGGUUCUGAGACU,1,positive,train,GSE308686,URS000030BA79_9606,76
N019774,AGCACCAUGGCUUAGCUGGUU,0,negative,train,GSE279647,URS00006E1AD1_9606,11
P072894,GAUUCUGAGGUUNNNNNNNNN,1,positive,train,GSE308686,URS0000507EBE_9606,76
P064689,CUGCGACAUCUGUCACCCCAU,1,positive,train,GSE308686,URS0000734D8F_9606,30
P064807,GGGGACCACCAGGUUGCCUAA,1,positive,train,GSE308686,URS00000478B7_9606,163
P060062,GUGGAGGCCAGUCUUGGCUCA,1,positive,train,GSE136967,URS0000714944_9606,34
P077642,GCAAGUACCCACGUAAAGACG,1,positive,train,GSE279647,URS000044DFF6_9606,666
P061858,GAUGAGUAAUACUGGCUGNNN,1,positive,train,GSE136967,URS000006F90B_9606,17
P064850,GCUUGAGCCCAGGAGUUCUGG,1,positive,train,GSE308686,URS00003ACFC1_9606,72
P067611,ACAUUAAAAUGGGCUAAGGGA,1,positive,train,GSE308686,URS000061AA47_9606,70
N002811,NNNNNNNNNNCCCUGCAUUCG,0,negative,train,GSE136967,URS00006BEDDC_9606,1
N025587,ACCUGGCAGUGGAAAUACCAU,0,negative,train,GSE279647,URS00027E46BE_9606,17
N008232,AGGAUAACAGCUAUCCAUUGG,0,negative,train,GSE279647,URS0000245BF4_9606,20
N049652,UUCUAUUCAUUUAUCCCCAGC,0,negative,train,GSE308686,URS000068A4EE_9606,113
P064851,GGCGCGGUGGCGCGUGCCUGU,1,positive,train,GSE308686,URS00003ACFC1_9606,15
N009622,CGAGUCCCACCUGGGGUGNNN,0,negative,train,GSE279647,URS0000390F3A_9606,66
P064311,CAGGGCAGUGAUGUUGCCCCU,1,positive,train,GSE308686,URS000075A6A4_9606,39
N027244,GAAAUGCAGUGUGGAACACAA,0,negative,train,GSE308686,URS000062C164_9606,45
P071540,AACCGUUGUGAUUAUUGAAUA,1,positive,train,GSE308686,URS0000A76DCB_9606,56
N001477,UGUUAUUUCUUAUGUGCUAUA,0,negative,train,GSE136967,URS000033A30E_9606,50
P058086,GCUGUUAACCGAAAGGUUGGU,1,positive,train,GSE136967,URS000059D2BF_9606,42
P058196,GAAGCGAAGGGAACCAGGUUU,1,positive,train,GSE136967,URS0000656AFD_9606,47
P070001,AGCAAACACUGUCUUUAUUGA,1,positive,train,GSE308686,URS0000148398_9606,74
N005562,NNNCCAGAGUGUAGCUUAACA,0,negative,train,GSE279647,URS0000059DA7_9606,8
P078678,NNNNNNNUACCUCGGAUGUGA,1,positive,train,GSE279647,URS0000D56E44_9606,4
P057947,GGAUUAAUAAUGAAAACAACU,1,positive,train,GSE136967,URS00004BB247_9606,42
N002976,GCCCCUCCUCCCGCUUACACU,0,negative,train,GSE136967,URS000023DE4C_9606,166
P076227,GCGUCUGACUUCGGAUCAGAA,1,positive,train,GSE308686,URS00001F9D54_9606,34
P070183,UCACUCAGGGCACCAUGAGGA,1,positive,train,GSE308686,URS0000704142_9606,88
N000844,AGAAGGGUAAAGUAAGUCUCC,0,negative,train,GSE136967,URS00006810EA_9606,53
P061875,AAAGCUUGGCUAAUGAUGGCA,1,positive,train,GSE136967,URS000066E3F5_9606,53
P074529,CGUUUACCCAGCUGAGGUUGU,1,positive,train,GSE308686,URS000075BEB6_9606,38
P063108,AUGGCCGAGUGGUCUAAGGCG,1,positive,train,GSE136967,URS0000572B72_9606,17
P069058,GUUUGGAGGGUUCACACCUGU,1,positive,train,GSE308686,URS0000468B49_9606,97
N027853,AUUCUUGCUACAAGUANNNNN,0,negative,train,GSE308686,URS00001696A6_9606,149
N003064,CCUUUGUCUUAAGAUUUGGUG,0,negative,train,GSE136967,URS000067FCA5_9606,160
P060481,GUUGAAGUAAUUUCCUAAAGA,1,positive,train,GSE136967,URS00003A9200_9606,111
P064976,AACUCUGAGUCUUAACCCAAU,1,positive,train,GSE308686,URS000075BAAE_9606,79
P062937,CCCUUGGGAAGGUCUGAGACU,1,positive,train,GSE136967,URS000013F331_9606,78
P082859,GCAUUUUUCUACCUUUCAUAC,1,positive,train,GSE279647,URS00008E3A5F_9606,72
P065795,CUAUCCAUGGUUUGGGGCUGC,1,positive,train,GSE308686,URS0000759B0C_9606,33
P060694,UCCAUAUGGUUUCGCUGCUGG,1,positive,train,GSE136967,URS000065DBA2_9606,25
P064418,CCCAUCUUGGAGAUAACUAUA,1,positive,train,GSE308686,URS000075D19A_9606,52
P081495,UCGACAUCAAGAGAUUUCGGA,1,positive,train,GSE279647,URS00000273B8_9606,71
N012549,GCCCUAUCUCAUCUGAUCUUA,0,negative,train,GSE279647,URS000062A50C_9606,38
N021350,UCUGUGGUUGGUUACCAGAGA,0,negative,train,GSE279647,URS00007154A9_9606,35
P067890,CUUUGCCAACUUGGGCUAUUU,1,positive,train,GSE308686,URS000000AB5A_9606,52
P075966,GCAAGGUUGGUGGUUCCAGCC,1,positive,train,GSE308686,URS00006ABBAC_9606,52
N012119,UUCGAGCCCCACGUUGGGNNN,0,negative,train,GSE279647,URS00005F7694_9606,66
P058413,AGCCCAUGCGUGUCAUCUGAG,1,positive,train,GSE136967,URS0000706530_9606,23
P082172,CUCCAGUUGACACAAAAUAGA,1,positive,train,GSE279647,URS000044DFF6_9606,362
P062203,CGUGCUGAUCAGUAGUGGGAU,1,positive,train,GSE136967,URS0000684D4B_9606,231
P062115,CGCCGUGACGACUUGCAAUAU,1,positive,train,GSE136967,URS00003F07BD_9606,94
P082240,CUCCAUGCAGUAACCUGGUAU,1,positive,train,GSE279647,URS000069845D_9606,123
P070426,GUCAUAGUACCCCAUGCCAGA,1,positive,train,GSE308686,URS0000647500_9606,52
P067481,UAUCUGCUGCUAUGGUUUCCA,1,positive,train,GSE308686,URS0000721537_9606,43
N019552,AUCGCACCCUCCGCUGGAGGC,0,negative,train,GSE279647,URS00006DCB39_9606,49
P063878,AAUCCCAAAAGCAGCUGUUGU,1,positive,train,GSE308686,URS000075BBD9_9606,32
N004482,CUAGUAAACAGGAGAUCCUGG,0,negative,train,GSE136967,URS000047B05D_9606,43
P067953,CAAAGACUUACAGAUAGGUGC,1,positive,train,GSE308686,URS00002587B6_9606,42
P076791,UUUCUAUCUGUCCAUCUCUGU,1,positive,train,GSE308686,URS0000A76E3A_9606,53
N013204,UACGCACCCUGAACGCGCCCG,0,negative,train,GSE279647,URS0000639B18_9606,20
P080159,CAAUUUUUUAGAGGUCUUGCA,1,positive,train,GSE279647,URS0000631BD4_9606,96
P061203,NNNNAGCAGCCCUCGGCGGCC,1,positive,train,GSE136967,URS000075B0DE_9606,7
N001878,GAAUUCCAGUGGCCCUGACUG,0,negative,train,GSE136967,URS000075D26F_9606,15
P069735,NNNNNCACCUGUAUUCGAAAG,1,positive,train,GSE308686,URS000075BE5B_9606,6
P058269,UCGCUUAGCAUGCGAGAGGUA,1,positive,train,GSE136967,URS00003D2CC9_9606,38
N003359,GGGGUUCUGAGGGGCCCNNNN,0,negative,train,GSE136967,URS000065F8CD_9606,85
P082491,GGGUUCCUCCUAGGGCUAUGC,1,positive,train,GSE279647,URS00007244F3_9606,128
N001258,AAAGCCAUGUUACGAGCCUUA,0,negative,train,GSE136967,URS00006F5B60_9606,78
P081830,GGGCUACAUUUUCUACCCCAG,1,positive,train,GSE279647,URS000044DFF6_9606,723
P072049,AGAAACUAAAAUUGGUCUUAG,1,positive,train,GSE308686,URS0000ABD85F_9606,20
P069162,GACUGGCCGAUGAACUCGCAA,1,positive,train,GSE308686,URS00001696A6_9606,46
N014098,NNNNNNNNAAGAUCAAUGAUG,0,negative,train,GSE279647,URS000064F2D2_9606,3
P066928,CCUGUGCUAGAGCAUUGCCUG,1,positive,train,GSE308686,URS000028CE2F_9606,59
N007051,GUUUGUGGAUUUUGAAAAGGU,0,negative,train,GSE279647,URS0000171CD1_9606,39
P059817,CUGUGUUGGUAGGGACAUCUG,1,positive,train,GSE136967,URS0000830239_9606,27
N015896,NNUGGACCUAUGAUGAUGACU,0,negative,train,GSE279647,URS000067B8ED_9606,9
P070625,AUUCCUUCAGUGCUUGCUAGA,1,positive,train,GSE308686,URS000033FC0E_9606,53
N000230,GUCCCGGCGGAGUCGNNNNNN,0,negative,train,GSE136967,URS000047CD44_9606,69
N027502,UCCUUGGAUGUCUGAGUGAGN,0,negative,train,GSE308686,URS000032B59A_9606,82
N021324,ACCACCUUGAACGCUCCCGAU,0,negative,train,GSE279647,URS0000714DF6_9606,23
P071473,AUCUGAGGGCUGNNNNNNNNN,1,positive,train,GSE308686,URS00008E3A5F_9606,215
N013928,GUUCGAUCCCCGACACCUCCA,0,negative,train,GSE279647,URS000064B6FC_9606,62
P081060,GAGCGGAGGACUGUAGUUGGC,1,positive,train,GSE279647,URS000074FC25_9606,32
N024223,AGAAUCUUAGCNNNNNNNNNN,0,negative,train,GSE279647,URS0000AC7526_9606,29
N018817,AGUUAAUAUCUGAUAUGUCCU,0,negative,train,GSE279647,URS00006CBB95_9606,61
P071387,UCCUGCUGGCAUAUAUGAUGA,1,positive,train,GSE308686,URS000075BC17_9606,13
P066066,GAAAAAAGGAUUUUUUUUNNN,1,positive,train,GSE308686,URS00004E56CF_9606,114
P081088,UAGCUGUGAGAAUUAAUGUGA,1,positive,train,GSE279647,URS00006B81C9_9606,60
N016005,CUGGCCUGUGACGCUAAGCAG,0,negative,train,GSE279647,URS000067D6ED_9606,45
P062112,CGUGACGACUUGCAAUAUAGU,1,positive,train,GSE136967,URS00003F07BD_9606,97
P077224,NNNNNNNNNNUACUUCACAAA,1,positive,train,GSE279647,URS000081566B_9606,1
N012330,ACACACUUGAUCUCCUCUGAU,0,negative,train,GSE279647,URS0000624BAB_9606,33
P059188,CUACAUGAGGGGCAAGUUUUC,1,positive,train,GSE136967,URS0000716F59_9606,81
P080844,AGAUGAAGCUGGGCCUCGUGU,1,positive,train,GSE279647,URS00006422E6_9606,118
N014502,UGGGAGAUAGUGCCAAGUUUU,0,negative,train,GSE279647,URS0000657F6C_9606,94
P065690,CCCUGUUCUCCUUAGCCAAGG,1,positive,train,GSE308686,URS000075C168_9606,38
N026562,NNNNNNAUUUGGCCAUACCAC,0,negative,train,GSE279647,URS0003375478_9606,5
N023477,NNNNNNNNUAGCAGCACAUAA,0,negative,train,GSE279647,URS00007E37E4_9606,3
P066969,GUGCAUAGGUUUCAUCUGUGU,1,positive,train,GSE308686,URS0000818C5D_9606,28
P072609,CACCUGAAUAAACCAUGUGGU,1,positive,train,GSE308686,URS0000215639_9606,37
N018586,GAUGGGAGAAUCCUGAUAUUA,0,negative,train,GSE279647,URS00006C7D6A_9606,92
N024479,GGACAAUGCCGUUGUACAGUA,0,negative,train,GSE279647,URS0000D50ED3_9606,35
N015423,AGAUUCCUUUGUUCUUUCUCC,0,negative,train,GSE279647,URS00006729E8_9606,62
P078977,UUCAUUGUACUCCGGAUGUGC,1,positive,train,GSE279647,URS000012964C_9606,73
P064698,AAGCUGCGCGCUCGGUCGAAG,1,positive,train,GSE308686,URS0000734D8F_9606,135
P065441,GCAGGACACACAGCAAUUCCC,1,positive,train,GSE308686,URS00001B2620_9606,65
N014381,UCGAAUCCCAGUAGAGCCUNN,0,negative,train,GSE279647,URS000065464E_9606,66
P064752,CGGUCGAAGAGGACGACCAUC,1,positive,train,GSE308686,URS0000734D8F_9606,147
P069144,AUUGUUAGAGCUUGGAGUUGA,1,positive,train,GSE308686,URS00001696A6_9606,18
N007557,GAGUGGUUCAAUUCCACCUUU,0,negative,train,GSE279647,URS00001DA281_9606,71
P060583,GAUGAGUUGAAUACCGCCCCA,1,positive,train,GSE136967,URS0000130A5F_9606,18
N003273,GACACUUGAAAACGUNNNNNN,0,negative,train,GSE136967,URS00006BB86E_9606,107
N004987,GACCCGCGGGUGCUUUCCAGC,0,negative,train,GSE279647,URS0000000A8C_9606,72
N030058,AGAGUGGGGUUUUGCAGUCCU,0,negative,train,GSE308686,URS000036D40A_9606,57
N004334,GUUUUCAGUACAACANNNNNN,0,negative,train,GSE136967,URS00003B6A48_9606,121
N012850,UCAAGCCUGAUUAGUACUUAG,0,negative,train,GSE279647,URS0000632BBF_9606,71
N021475,AGCAUUGGCCCCUGCCCAAGG,0,negative,train,GSE279647,URS000071A9AA_9606,64
P063529,AAUGGAUUUUUGGAGCAGGGA,1,positive,train,GSE308686,URS00006A3E7F_9606,104
P057998,CAGCUCAGGCCCUGUGCCUGG,1,positive,train,GSE136967,URS00004F2BDE_9606,96
N004114,CCUUUGACAUCCGGGGUUCUG,0,negative,train,GSE136967,URS000065F8CD_9606,73
N026536,UGAUCUCUAUCUCAGAAGCUA,0,negative,train,GSE279647,URS0003358B6D_9606,40
P057819,GGGAUGCCUGGGAGUUGCGAU,1,positive,train,GSE136967,URS00006ECA78_9606,133
N004511,GCCACUUGGUAAAACUGAUGC,0,negative,train,GSE136967,URS00006561BE_9606,71
P061765,CCGCCGCAGCCCGGGUUCGAU,1,positive,train,GSE136967,URS0000C8E9E9_9606,42
P070154,UGCUGUGGCCGCCUCACGUAU,1,positive,train,GSE308686,URS00006FB8B0_9606,83
P066808,ACGAGCAGUUAUACGCAUGGG,1,positive,train,GSE308686,URS00005682D3_9606,48
N013663,NNNNNNNNGUGCUUCAGCAGC,0,negative,train,GSE279647,URS0000645E57_9606,3
N025977,GGUCAGGGUGGGUUAGUACUU,0,negative,train,GSE279647,URS0003103663_9606,70
P074027,UUCGUUGUUGUCAAUGAUGUA,1,positive,train,GSE308686,URS0000679D94_9606,11
P058077,GACUGGCUUUUUNNNNNNNNN,1,positive,train,GSE136967,URS0000007D24_9606,95
P061567,CCUAGCCUUGUGUCAAAGGCU,1,positive,train,GSE136967,URS000021BC29_9606,42
P070784,NNNNNNNGACUGGCAAGGAUG,1,positive,train,GSE308686,URS000075AA41_9606,4
P075310,CAUUUGACUGCAGAUCAAGAG,1,positive,train,GSE308686,URS00003A8311_9606,34
N001243,NNNNNNNNNNAAGCCAGCCAA,0,negative,train,GSE136967,URS00006F5B60_9606,1
N007137,NUCCUUGUAGUAUAAACUAAU,0,negative,train,GSE279647,URS000018DD65_9606,10
N023056,CUGAGGUUGCGUUGACGCUCG,0,negative,train,GSE279647,URS000075B145_9606,35
P060368,UGAUGAUCUCAAUCCAACUUG,1,positive,train,GSE136967,URS000069573D_9606,20
P073874,CUCAGUAUCACCCUGGUGACA,1,positive,train,GSE308686,URS00006A5FBC_9606,69
P064668,GGCGGGUGUCCCCUUCCUCCC,1,positive,train,GSE308686,URS0000734D8F_9606,88
P064968,UGAGCGCAUAGUGAGGGCAGU,1,positive,train,GSE308686,URS000075ADBA_9606,46
N014633,UGUCCUUAUCAGUUUAAUAUC,0,negative,train,GSE279647,URS0000659FDF_9606,51
P064697,CUCACCGCUCCAUGUGCGUCC,1,positive,train,GSE308686,URS0000734D8F_9606,108
N005047,NNNNNNNNNNUUGAAAAAGUC,0,negative,train,GSE279647,URS0000006998_9606,1
P062789,GCGGAAUCGACAUCAAGAGAU,1,positive,train,GSE136967,URS000000A142_9606,65
P064603,NNNNNGGAUGUGAGGGCGAUC,1,positive,train,GSE308686,URS0000734D8F_9606,6
N021469,UGUGAACGAUACAGAGAAGAU,0,negative,train,GSE279647,URS000071A9AA_9606,42
P071761,GUCUUAUGUUGGCCAGUUCCU,1,positive,train,GSE308686,URS000071EB91_9606,58
N006474,GAGCUGAAACACAGUUGGUUU,0,negative,train,GSE279647,URS00000FFC8B_9606,31
P073591,GAUUAUUUAGCAAGACUGAGG,1,positive,train,GSE308686,URS000053336F_9606,70
P064826,GGAAACGGAGCAGGUCAAAAC,1,positive,train,GSE308686,URS00003ACFC1_9606,207
P063194,UCUACUGAACUGCCAUGAGGA,1,positive,train,GSE136967,URS00006B7869_9606,37
N008328,AGUUCGAACCUCAGAGGGGGC,0,negative,train,GSE279647,URS000025E031_9606,62
N007332,NACAUUUACCUAGCAGAAGAA,0,negative,train,GSE279647,URS00001BC474_9606,10
N023911,NNNNNCUGGUUGCAUGAUGAA,0,negative,train,GSE279647,URS0000A77ED7_9606,6
P075101,NNNNNNNGGGGGUGUAGAUCA,1,positive,train,GSE308686,URS00006D68C3_9606,4
P081725,AAGCACCUUGCCUGCGGGCUU,1,positive,train,GSE279647,URS0000735371_9606,51
P076970,NNNNNNNNNNAUGCCUUAAAC,1,positive,train,GSE279647,URS00006ECA78_9606,1
N050008,ACGCUUGGUCUCAUACAUGUN,0,negative,train,GSE308686,URS00004B4AC7_9606,126
N023545,GAGGAAGCCCUGGAGGGGCUG,0,negative,train,GSE279647,URS00007E4DB7_9606,11
P076312,CCCACCUUCGUCGNNNNNNNN,1,positive,train,GSE308686,URS0000664EAD_9606,80
P076075,GCUUACCUCCUCAAAGCAAUA,1,positive,train,GSE308686,URS00003E8921_9606,20
N005243,CAUCCGUUGGUCUUAGGCCCC,0,negative,train,GSE279647,URS00000177BE_9606,30
P058065,AUACAACCCCCCACUGCUAAA,1,positive,train,GSE136967,URS0000007D24_9606,71
P060637,AUGAUGAAUUUGAUUGCAUUG,1,positive,train,GSE136967,URS0000313FF1_9606,14
P068474,GCAACUUUUUUGGUUGUAUAG,1,positive,train,GSE308686,URS000075B5A7_9606,111
P061813,UCUUCAUAACGAAUAAAUCUU,1,positive,train,GSE136967,URS000067B2B1_9606,24
P064009,CAUCUGGCUACUGGGUCUCUG,1,positive,train,GSE308686,URS000075C381_9606,84
N018882,AAACAACAUUUUUGAUUAAAC,0,negative,train,GSE279647,URS00006CC403_9606,42
P068808,UCUAACCAGCUUCAUCAGUGG,1,positive,train,GSE308686,URS000075E772_9606,98
P063798,AAUAAUGUCAAAGUGCUUACA,1,positive,train,GSE308686,URS000032AA22_9606,16
P059226,ACCUGAAGAAAAAUAAGUACG,1,positive,train,GSE136967,URS00006F8A66_9606,43
P059907,GUUGUGGCCGUCUUGGUCACC,1,positive,train,GSE136967,URS0000650132_9606,44
P058390,AAUAAUUGAAGGCUAAUUAGC,1,positive,train,GSE136967,URS000033A30E_9606,73
P067439,AUCCCUGCGCUUUCUGUCUGU,1,positive,train,GSE308686,URS000019135F_9606,83
P064918,UGAUCUCGGAAGCUAAGCAGG,1,positive,train,GSE308686,URS00000F9D45_9606,50
P068881,AUAAAUUUGGUUACAGACAUC,1,positive,train,GSE308686,URS00001FC3CF_9606,123
N024826,NNNNAGCACCCAACUUACACU,0,negative,train,GSE279647,URS0000E2CD46_9606,7
N013299,GCUCCUCUGUUUACAACACAC,0,negative,train,GSE279647,URS000063BFC1_9606,44
N028322,CCAGGAACGGUGCACCCCCUN,0,negative,train,GSE308686,URS00006C246E_9606,182
N031563,GUUAUACCCUUCCCGUACUAN,0,negative,train,GSE308686,URS000006E464_9606,59
P060959,UGAGGUCUCGCUUUAGCAGGG,1,positive,train,GSE136967,URS000071EA53_9606,105
P071866,GUGCUGUGCACGAGUUCCUUU,1,positive,train,GSE308686,URS000043549A_9606,85
N023919,GAUGAAUAAAAUCAAAUCACC,0,negative,train,GSE279647,URS0000A77ED7_9606,21
P065861,ACAAAACCAGUUACACAGGAG,1,positive,train,GSE308686,URS000075D68F_9606,207
P068256,NNNAAGCACUGCCUUUGAACC,1,positive,train,GSE308686,URS0000013F57_9606,8
P062374,GCCUUAAUAUUGUGGUUUCGA,1,positive,train,GSE136967,URS0000706C1B_9606,24
P073757,NNNNNUUGUGCCGUGAUGUAU,1,positive,train,GSE308686,URS0000ABD834_9606,6
P067935,AUAAAUCCUCUUUUGCAACCC,1,positive,train,GSE308686,URS00002587B6_9606,68
N009502,GUUCGAGCCCCAGUGGAACCA,0,negative,train,GSE279647,URS000038803E_9606,63
P073134,ACCUUUCUCUUGGCUGUCUGA,1,positive,train,GSE308686,URS000065DBA2_9606,64
P070029,GUGUUUUGCACCUCUGAGAGU,1,positive,train,GSE308686,URS0000148398_9606,145
P069139,UACUGACUGGCCGAUGAACUC,1,positive,train,GSE308686,URS00001696A6_9606,42
P075498,NNNNGCCUUGGUGGUGCAGUG,1,positive,train,GSE308686,URS00007131F2_9606,7
N022831,GUACUUAUAAGACAGUGCACC,0,negative,train,GSE279647,URS0000758A62_9606,40
P060147,CGGAGGACUGUAGAUCCUUAG,1,positive,train,GSE136967,URS0000636E2A_9606,35
P071276,AAAAGGAUUCUGAGCCUCAGA,1,positive,train,GSE308686,URS000062A15C_9606,51
P070756,UGAUGACCCACUUGCCCUCAC,1,positive,train,GSE308686,URS000075CFA2_9606,22
P057586,UUUCAGGGAUCAUUUCUAUAG,1,positive,train,GSE136967,URS0000650B1E_9606,21
N000251,GCCGACCCGAAAUGAAAAGCU,0,negative,train,GSE136967,URS000023DE4C_9606,227
P064274,GUCACACCCACCACUGGGAGA,1,positive,train,GSE308686,URS00005EB5B7_9606,43
P060889,AGUUUCUCUUCAGAUCAUAUA,1,positive,train,GSE136967,URS000071EA53_9606,18
P076260,GGUGAUGGACUAGAAACCCAU,1,positive,train,GSE308686,URS000071DF37_9606,33
N036230,CCAUCUCUGUGCUGGGGUUCG,0,negative,train,GSE308686,URS0000A76E3A_9606,64
P068043,GUUCUUAUGGUAGCAGUUGUG,1,positive,train,GSE308686,URS0000488BFE_9606,35
P059761,CGAAGGUGGUUUUCCCAGGGC,1,positive,train,GSE136967,URS000032B6B6_9606,43
P058757,UUGGCUCCAAGCACUGUUUUG,1,positive,train,GSE136967,URS00007136D1_9606,97
P076995,UCGGCUCGUGCGUCGAUGAAG,1,positive,train,GSE279647,URS0000005270_9606,32
N046773,UCUACUGAUACAGUANNNNNN,0,negative,train,GSE308686,URS00003A960A_9606,135
P062286,AUGGUCUGCGGAUGUCCCUGU,1,positive,train,GSE136967,URS000026935A_9606,35
P072160,CUGAAUGAUGAUAUCCCACUA,1,positive,train,GSE308686,URS00002E0A2C_9606,12
N005441,GUAAUCGCAUAAAACUUAAAA,0,negative,train,GSE279647,URS000003C478_9606,31
P068827,CGUGUCAAAUUCAGUACCUGU,1,positive,train,GSE308686,URS00001FC3CF_9606,17
P072545,CUGAUGCCGGAAANNNNNNNN,1,positive,train,GSE308686,URS00005F7BA1_9606,86
P072679,NNNNNNNNUUCUCGUGAUGAA,1,positive,train,GSE308686,URS00003640C3_9606,3
N000063,ACUUUGACAGCGCAGGUCAGU,0,negative,train,GSE136967,URS000002FDBC_9606,84
N015193,UCCGAAGGUAGUGCCUUAUCU,0,negative,train,GSE279647,URS00006687B6_9606,17
P059719,GGAUGUGCUGACCCCUGCGAU,1,positive,train,GSE136967,URS000032B6B6_9606,85
N016569,ACCAGGAACGUGCCUGAUCUC,0,negative,train,GSE279647,URS000068E17B_9606,26
P065962,UAGUGAAGUGGAUCAAUGAUG,1,positive,train,GSE308686,URS000075AAF7_9606,29
N015915,UGAGUCAUUGACGGUGAAUAC,0,negative,train,GSE279647,URS000067B8ED_9606,39
P061709,CCAUCUUUCGUUUGAGUCUCA,1,positive,train,GSE136967,URS00006D7506_9606,35
P068300,UGAACUGCUCUUUUAAAAACA,1,positive,train,GSE308686,URS0000013F57_9606,116
P061745,ACCAAGUCGUGUUCACAGUGG,1,positive,train,GSE136967,URS0000233054_9606,50
N001198,CCUGGGUUCGACUCCCAGUGG,0,negative,train,GSE136967,URS000071D869_9606,59
P060127,UAGUGCAGGGAGAGGAACGCU,1,positive,train,GSE136967,URS00006EC784_9606,58
N083037,GGAGCUUUCGUACAUGCCUUU,0,negative,train,GSE136967,URS0000A8E179_9606,154
N003035,AGGGAUUUCUGAAAUUCUAUU,0,negative,train,GSE136967,URS000026D828_9606,42
P060219,UGUGGGUUCGAGUCCCAUCUG,1,positive,train,GSE136967,URS000059900F_9606,58
N026289,NNNNNNNUUUCUUUUUUGGCU,0,negative,train,GSE279647,URS00031FC69A_9606,4
N049313,AUUUGAUACCUUUGGUGUAGG,0,negative,train,GSE308686,URS00001BD443_9606,104
P060448,AUGUUCUCUUUGCCCAGGUGG,1,positive,train,GSE136967,URS00003A9200_9606,47
N036172,NNNNGACCUCGUGGCGCAAUG,0,negative,train,GSE308686,URS00001A72CE_9606,7
N027007,UGGCCUUUCUGAACAUCNNNN,0,negative,train,GSE308686,URS0000066733_9606,65
P058966,AGGGUCGCGAGUUCAAAUCUC,1,positive,train,GSE136967,URS000068C296_9606,52
P067850,GUCACCAGGUUAGAGACAUGC,1,positive,train,GSE308686,URS00002BF97D_9606,120
P067280,GCUGAAGCUGUUGGUUUCAAG,1,positive,train,GSE308686,URS0000599BEA_9606,38
P065617,UUCCUGGGUUUUGAAUUUGCA,1,positive,train,GSE308686,URS000015F227_9606,117
N055847,CUCCUUCAGACAAAANNNNNN,0,negative,train,GSE308686,URS000033A30E_9606,124
N030301,ACGGGCUGGGCACAGUGGCUC,0,negative,train,GSE308686,URS000075C9AA_9606,40
P065937,UUUGUAACUAUGAUGGUUUCU,1,positive,train,GSE308686,URS000075AAF7_9606,325
P064152,GCAAUAUUGCUUAUAGGGUUU,1,positive,train,GSE308686,URS000070F95C_9606,78
N003963,CUUGUGAGCAGGGUCCACACC,0,negative,train,GSE136967,URS0000233054_9606,32
P071928,AAUUUGCGUCUUACUCUGUUC,1,positive,train,GSE308686,URS0000535D45_9606,25
N052265,CCUCUGGGCCCUUCCUCCAGC,0,negative,train,GSE308686,URS00006A8564_9606,70
P060979,AAUCAUCUUUCGGGACUGACC,1,positive,train,GSE136967,URS0000651282_9606,26
N024823,AAAAAUUUUGGUGCAACUNNN,0,negative,train,GSE279647,URS0000E24EFB_9606,51
N046262,UUGUGGCCUACAUGNNNNNNN,0,negative,train,GSE308686,URS000000AB5A_9606,134
P077241,GUCCCAGCUACUCGGGAGGCU,1,positive,train,GSE279647,URS000014C5D2_9606,39
P064682,CCAAACAAGCUCUCAAGGUCC,1,positive,train,GSE308686,URS0000734D8F_9606,234
P059527,UCCCAGAGUCCUGUCGACAAU,1,positive,train,GSE136967,URS00004A4D73_9606,164
P064141,CUGAUGUGAGUAGACCACUNN,1,positive,train,GSE308686,URS000075A325_9606,47
N054877,NNNNGGUAGUGUGGCCGAGCG,0,negative,train,GSE308686,URS0000637E4A_9606,7
N024304,UCUGUUGCGCAAUCAGCGCGU,0,negative,train,GSE279647,URS0000C8E9CB_9606,14
N026078,NNNNNUCUAUGGUCAUACCAC,0,negative,train,GSE279647,URS000314A4A8_9606,6
P061133,UCGAUGAUGAGUCCCCUAUAA,1,positive,train,GSE136967,URS00006C9042_9606,14
P072086,NNNNNGCUGAGUCCAUGAUGA,1,positive,train,GSE308686,URS000031EDF0_9606,6
N019743,UCGCGGGCUCGACUCCCGCAC,0,negative,train,GSE279647,URS00006E0DAF_9606,58
P063075,AGUGAGUUAUCUCAAUUGAUU,1,positive,train,GSE136967,URS0000103047_9606,26
N013344,GCCUCUAUGCCUGUAGGCUGC,0,negative,train,GSE279647,URS000063D36F_9606,100
P082555,UGGGGGGAGCCGCGGGGAUCG,1,positive,train,GSE279647,URS000075A546_9606,31
N016697,NNNNAUCACUUCUUGGCCUUU,0,negative,train,GSE279647,URS0000691F44_9606,7
P060642,CACUGGCACUGAAGAGGGUUA,1,positive,train,GSE136967,URS0000656163_9606,118
N042977,GUGACUGGAUAAAUUGCACAA,0,negative,train,GSE308686,URS000065E84A_9606,115
N025333,GGUGGUUUUUCUCAGGGCGAA,0,negative,train,GSE279647,URS0002312ACC_9606,47
P071608,CAGUUCUUCCUUGGAUGUCUG,1,positive,train,GSE308686,URS0000080E9E_9606,76
N013724,UAGCAUGCAUGAGGCCCUGGG,0,negative,train,GSE279647,URS0000647428_9606,42
P074987,CCCGCGCGCGGCGCGAUUCCC,1,positive,train,GSE308686,URS00004A7003_9606,400
P059126,GCUUGUGUGAGAUGUGCCACC,1,positive,train,GSE136967,URS000064F355_9606,53
N039055,UCUUCUCCCUCCUCCCAGNNN,0,negative,train,GSE308686,URS00006A5378_9606,79
N011104,GGGGAACAUAGNNNNNNNNNN,0,negative,train,GSE279647,URS00004F2BDE_9606,132
N006732,CUGCUUCUUCGAAUUUGCAAU,0,negative,train,GSE279647,URS000013A388_9606,31
N031057,UAAAACUGAUGCCGGAAANNN,0,negative,train,GSE308686,URS00005F7BA1_9606,81
P066329,GGCACAUUUGUUAAGUUUUCA,1,positive,train,GSE308686,URS000002084A_9606,32
N000546,CGCGAGUUCGAUCCUCGCUGG,0,negative,train,GSE136967,URS0000023412_9606,58
P067775,GGCGUGUCUGUGGUUCCCUGU,1,positive,train,GSE308686,URS00000B589B_9606,23
N017106,UCCUAGGGCGAGGCUCAUCCA,0,negative,train,GSE279647,URS00006A394C_9606,55
P060814,GAUGAUGACCUCAAUACAUGC,1,positive,train,GSE136967,URS0000196CD1_9606,16
P065709,GACACCACGGUUUUCAGUACA,1,positive,train,GSE308686,URS00003B6A48_9606,112
P075227,AAUCCGGGUGCCCCCCNNNNN,1,positive,train,GSE308686,URS00004728AA_9606,67
P069746,NNNNNNNNNNCACCUGUAUUC,1,positive,train,GSE308686,URS000075BE5B_9606,1
N042426,AUUUUUGGAAAAAUNNNNNNN,0,negative,train,GSE308686,URS000075ADBA_9606,127
P066259,GGAGUGCGACAAUUNNNNNNN,1,positive,train,GSE308686,URS0000034D55_9606,130
N002145,NNNNUUGUUAUGAUGAGAUUC,0,negative,train,GSE136967,URS000062F4C6_9606,7
N005210,AGUUAAAGAUUAAGAGAACCA,0,negative,train,GSE279647,URS000000EE2E_9606,43
P061774,CUCAAGAAAAGGAUUCUGAGC,1,positive,train,GSE136967,URS000062A15C_9606,45
P061512,CACAUAUCUGAGUUGUAUGUG,1,positive,train,GSE136967,URS00006826C4_9606,42
N024751,NNNNNNCUUAACACAAAGCAC,0,negative,train,GSE279647,URS0000DDF06A_9606,5
P076236,UGGCGCAAUGGACGAGCGCGC,1,positive,train,GSE308686,URS000007E37F_9606,18
N021784,NNNNNGCCCGACUACCUCAGU,0,negative,train,GSE279647,URS00007217B5_9606,6
P073014,AGUCAUAAUUAACUGACUGCA,1,positive,train,GSE308686,URS0000456F03_9606,61
P059285,GGGACCUGUCAGCCGUGGCAG,1,positive,train,GSE136967,URS000029D639_9606,25
P068361,UGGCCUCCCGCGGGCGGCCUU,1,positive,train,GSE308686,URS0000726F61_9606,103
N007069,GGGCUCACAUCACCCCAUAAN,0,negative,train,GSE279647,URS00001783B5_9606,60
N031085,ACUGUGUGCUGAUUGUCACGU,0,negative,train,GSE308686,URS000022EFB6_9606,45
N013338,ACUUGACUAGCCUUAANNNNN,0,negative,train,GSE279647,URS000063CFC9_9606,97
N004918,ACUGACAGUAAGUGAAGAUAA,0,negative,train,GSE136967,URS000040478E_9606,43
P062893,GUCCAUGAUGUUCCGCAACUA,1,positive,train,GSE136967,URS00006283BD_9606,15
N026073,GAUCUUGCCUGAUCUCAGAAG,0,negative,train,GSE279647,URS000314429C_9606,41
P064263,UGGGAUGAGGUAGUAGGUUGU,1,positive,train,GSE308686,URS00005EB5B7_9606,11
P074829,UCUCCUUUGUCCUGCAUGUGG,1,positive,train,GSE308686,URS00005ACA64_9606,77
P059577,UGAACUGUCUGAGCCUGACCU,1,positive,train,GSE136967,URS0000406CED_9606,20
N022975,ACUUGGAGAGAGGUGGUCCGU,0,negative,train,GSE279647,URS000075AB81_9606,16
N018775,AAUGUGCCCAAUCUUGUCUGA,0,negative,train,GSE279647,URS00006CAA05_9606,29
P069939,GGAGACAAACCAUGCAGGAAA,1,positive,train,GSE308686,URS00000DE3E2_9606,192
N014776,AUACUAAAACUGGAAUGAUAC,0,negative,train,GSE279647,URS000065E98E_9606,32
P070330,AGUUUACACCUGCUAGGGUGU,1,positive,train,GSE308686,URS00003A960A_9606,37
P058460,UUGGGGGUGGGGACUACAGAU,1,positive,train,GSE136967,URS000014FF3E_9606,68
N004655,UGUGUCUGAUCAGGCCUNNNN,0,negative,train,GSE136967,URS0000729A81_9606,74
P060449,CUCUUUGCCCAGGUGGCCUAC,1,positive,train,GSE136967,URS00003A9200_9606,52
P077179,NNNNNNNNUCGGAUGUGAGGG,1,positive,train,GSE279647,URS0000D5A07E_9606,3
N004096,GAUGAGAUUCCACUUAAGGUC,0,negative,train,GSE136967,URS000062F4C6_9606,18
N034118,GUUUUUUAGCAGGGCUUNNNN,0,negative,train,GSE308686,URS000075DD00_9606,113
P063622,NNNNUUGUGCUUUCAGCUUCU,1,positive,train,GSE308686,URS0000302909_9606,7
N023961,AUUCAACUGCAUAAUUUGUGG,0,negative,train,GSE279647,URS0000A84128_9606,122
N014943,ACUUUUGAUUAAGCCCUCUGU,0,negative,train,GSE279647,URS0000661285_9606,51
N053148,UUGAGGCCAGCUUGCUUCUUG,0,negative,train,GSE308686,URS00000B589B_9606,93
P082806,CUUUUCUGUCUUUUAUCACUU,1,positive,train,GSE279647,URS00008E3A5F_9606,116
P078490,AUAGCCCUUAUGAAACUUAAG,1,positive,train,GSE279647,URS000044DFF6_9606,753
N053158,UCGGUGCCCCCGUUAGUGCCC,0,negative,train,GSE308686,URS0000451E99_9606,106
N008589,AAAGAAAAGCCGUGUUAAUCA,0,negative,train,GSE279647,URS00002982D8_9606,68
P070988,AAAUGGAUCUCAUCGGAAUCU,1,positive,train,GSE308686,URS000075A82F_9606,30
P080999,CCUCCCACGCGGGGAAGGGCG,1,positive,train,GSE279647,URS0000EF1BAE_9606,46
P066757,GAGUAACUCUGUGGUUUUACU,1,positive,train,GSE308686,URS0000202A89_9606,72
P062332,AUCGAGGCUAGAGUCACGCUU,1,positive,train,GSE136967,URS00002BF97D_9606,11
N023436,ACACACACACACACGUAUNNN,0,negative,train,GSE279647,URS000079BE2A_9606,84
P060388,ACACCUGUGACUGUUGAUGUG,1,positive,train,GSE136967,URS0000185C0B_9606,23
P057953,UUCUUAGGACACCUUUGGAUU,1,positive,train,GSE136967,URS00004BB247_9606,26
N025752,CGAGAAGAGACAGCGCCGCCG,0,negative,train,GSE279647,URS0002A2EE90_9606,69
N025779,GCUGAGAGAGAGAGAGAGAGA,0,negative,train,GSE279647,URS0002A4754C_9606,14
P082422,NNNNNNNNNNAUGCAGGUACU,1,positive,train,GSE279647,URS00006FE7CD_9606,1
P075355,CCGGUCAGGAAANNNNNNNNN,1,positive,train,GSE308686,URS0000635088_9606,71
P066500,NNNNNNNNGCAUGGCUGAAUA,1,positive,train,GSE308686,URS00006C8A51_9606,3
N000442,AAUAUAAUGAUAUCACUGUAA,0,negative,train,GSE136967,URS0000507EBE_9606,41
N014914,GGUCUGAGGGGCCCNNNNNNN,0,negative,train,GSE279647,URS00006611EB_9606,88
P079904,NNAGAGGCACCGCCUGCCCAG,1,positive,train,GSE279647,URS000075CEC3_9606,9
P060690,ACUGGUCUUGUAAACCAGGGG,1,positive,train,GSE136967,URS00000F30A4_9606,36
N010652,CUUAGCAUGUACGAGGUCCCG,0,negative,train,GSE279647,URS000047C79B_9606,40
P058313,UCCCCGGUUCAAAUCCGGGUG,1,positive,train,GSE136967,URS0000646601_9606,56
N050757,GAUAAAGUGUGUCUGAGGAGA,0,negative,train,GSE308686,URS000040478E_9606,59
N011788,NNNNNNNNNNUGGCCGAUGAU,0,negative,train,GSE279647,URS00005B2B49_9606,1
P063425,UGAUUUUACGAACUGAACUCU,1,positive,train,GSE136967,URS0000197BB5_9606,20
P075128,UCAGUGGUAGAGCGCAUGCUU,1,positive,train,GSE308686,URS00001D4EE9_9606,22
P058993,UUGCCAUGCUAAUACUGAGCC,1,positive,train,GSE136967,URS00000E9A93_9606,24
P072699,NNNNNNNNNUCUCAGUGAUGA,1,positive,train,GSE308686,URS000040478E_9606,2
N020042,ACAGGGGAGACUCGACUGCAU,0,negative,train,GSE279647,URS00006ECCC6_9606,114
P073588,CAAGACUGAGGCUUNNNNNNN,1,positive,train,GSE308686,URS000053336F_9606,80
P068768,ACUCUAAACAUUUCCCUGAAG,1,positive,train,GSE308686,URS000075E772_9606,135
P059375,AGGGUCAACAUUCUUCAUACC,1,positive,train,GSE136967,URS0000AA2284_9606,30
N056305,UCACUUUGGCUGCUUAGUUCU,0,negative,train,GSE308686,URS000000D517_9606,175
P059475,GUGGCGUAGGGGAGCAUAGGG,1,positive,train,GSE136967,URS00004A4D73_9606,58
N013352,UAGCAUGCACGAGGUCCUGGG,0,negative,train,GSE279647,URS000063E4FD_9606,42
P075339,CCUCGUUAGUAUAGUGGUGAG,1,positive,train,GSE308686,URS00006D74B2_9606,12
N017924,UGCACUGACCUUCUUCCAAGC,0,negative,train,GSE279647,URS00006BA413_9606,50
P057616,AGAGAAGUUUCUCUGAACGUG,1,positive,train,GSE136967,URS0000650B1E_9606,51
P065585,NNNNNNACGGUCUGGGGAAAG,1,positive,train,GSE308686,URS000015F227_9606,5
P061110,AUCUAUUGCUGAUGUGUAAUA,1,positive,train,GSE136967,URS00000A3335_9606,42
N038046,UUGCAUGUGUGAGGCCCCGGG,0,negative,train,GSE308686,URS00006C133C_9606,42
P074467,UUGUUGCCUUCCUUCUGAGAA,1,positive,train,GSE308686,URS000027315D_9606,79
P061985,UUCACCCGUGUGACUUUCGUA,1,positive,train,GSE136967,URS0000210FD6_9606,42
N046101,CAUUAGAAAGAAACAUGANNN,0,negative,train,GSE308686,URS0000599BEA_9606,130
P076802,AAGGCGAGCGCAUCGCUUCUC,1,positive,train,GSE279647,URS00021ED9AF_9606,258
P072056,UGAAGUGAAGACACUGAGAUC,1,positive,train,GSE308686,URS0000ABD85F_9606,44
P072382,CAUGUUAGAGUUCUGAUGGCA,1,positive,train,GSE308686,URS000015A7CF_9606,65
N015593,UGUGAAACUAAGCAGGGUGGG,0,negative,train,GSE279647,URS00006747C7_9606,55
P061910,AGUUUGCUCUCCAUGGGCACA,1,positive,train,GSE136967,URS0000633321_9606,60
P067058,GAGGCUGUGAAACCCAGAGCU,1,positive,train,GSE308686,URS00003818BD_9606,34
P076989,NNNNNNNNNNGUGUGGUUUCC,1,positive,train,GSE279647,URS000047A6CE_9606,1
P074169,UUUAUUUGCUACUCUUGAGUG,1,positive,train,GSE308686,URS0000361A8E_9606,28
N014413,UAUAACCACUUACAGAUUUCU,0,negative,train,GSE279647,URS0000655BA5_9606,53
N020529,GCUUCUGAGAUNNNNNNNNNN,0,negative,train,GSE279647,URS00006F8A66_9606,70
P068393,CUCACCCGAGGAGUGAGCAGG,1,positive,train,GSE308686,URS00003E7565_9606,85
P064972,AGGGCAGUACUGCUAACGCCU,1,positive,train,GSE308686,URS000075ADBA_9606,59
N004751,UACUGCAAACAGGANNNNNNN,0,negative,train,GSE136967,URS000015F227_9606,184
N023986,UCUGUAUCCACACCACCCUGA,0,negative,train,GSE279647,URS0000A9104A_9606,12
N001810,AUUCGCGGUUUCCACCAGAAU,0,negative,train,GSE136967,URS000081501D_9606,35
P069339,CGAUCACUAGCUCUGCGUGAU,1,positive,train,GSE308686,URS0000656AFD_9606,20
N013907,UUAGCAUGCCCCCUACACUAC,0,negative,train,GSE279647,URS000064B2B9_9606,61
P070077,NNNNNNNNNUCCAGCUGUAGG,1,positive,train,GSE308686,URS0000ABD80F_9606,2
N013891,UCAAUGCGCCCGAUCUCGUCU,0,negative,train,GSE279647,URS000064ACCC_9606,30
N002424,NNNNNNNNNNGGUGCAAAUGA,0,negative,train,GSE136967,URS0000692106_9606,1
P064453,UCCCGCUGAGCGGCGUGGCGC,1,positive,train,GSE308686,URS00026A2211_9606,171
N001308,UACGACGUGGGCACAUUACCC,0,negative,train,GSE136967,URS000064F355_9606,86
P065677,AGUGGGGCAGCCUUGUUUUCC,1,positive,train,GSE308686,URS000075C168_9606,106
P075351,GUUAGUAUAGUGGUGAGUGUC,1,positive,train,GSE308686,URS00006D74B2_9606,16
N004407,GCCUUUUUAACCGCGAGCGAC,0,negative,train,GSE136967,URS0000A9F116_9606,121
N024118,AAAUAUUUAUAAAAACCUUUC,0,negative,train,GSE279647,URS0000AA8449_9606,74
P069315,NNNNNNNNNNUCAGCCACCCG,1,positive,train,GSE308686,URS000075B118_9606,1
N083623,UGGUGGGAGGUGCUGACCUCA,0,negative,train,GSE136967,URS0002869C49_9606,43
P061797,GUGGAGAAAAACAACUAUGAG,1,positive,train,GSE136967,URS000067B2B1_9606,67
N013698,AGGGUUGGGCUUGGUUAGUAC,0,negative,train,GSE279647,URS00006464AF_9606,68
N022074,GAGAGGGUGGCUGGGUGUGGU,0,negative,train,GSE279647,URS000072969D_9606,171
P071504,ACGCUUUCUGAUGUANNNNNN,1,positive,train,GSE308686,URS000062539F_9606,59
N017659,AGGUAAUGAGUUACCUCAAUU,0,negative,train,GSE279647,URS00006B442B_9606,22
N051676,GCGCAGCGGGCAGCGCGUCAG,0,negative,train,GSE308686,URS0000703910_9606,20
P076690,CCUCGUGGCGCAACGGUAGCG,1,positive,train,GSE308686,URS0000222FD2_9606,13
P078961,AUGACAGUGCGAGCGGAGCAA,1,positive,train,GSE279647,URS0000757938_9606,48
N017966,ACCAGUUACAUAACUCUUUGU,0,negative,train,GSE279647,URS00006BAD9F_9606,53
P073881,UGUGAGAGUGAUGAGUUGCAC,1,positive,train,GSE308686,URS00006A5FBC_9606,11
P075354,GCUCUCACCGCCGCGGCCCGG,1,positive,train,GSE308686,URS0000635088_9606,41
N026996,GAUUGUCACGUUCUGAUUNNN,0,negative,train,GSE308686,URS000022EFB6_9606,55
P059544,UGUGUUCACUGUAAGGGCAGA,1,positive,train,GSE136967,URS0000569A4A_9606,117
P066119,CAGAGAGGCGAGGGUUCGAGG,1,positive,train,GSE308686,URS0000268556_9606,57
P068245,NNNNNNNAAGCACUGCCUUUG,1,positive,train,GSE308686,URS0000013F57_9606,4
N007239,UCAAGUCACGUCGGGGUCANN,0,negative,train,GSE279647,URS00001A72CE_9606,64
P059005,CCUGGGAGGUCACUCUCCCCA,1,positive,train,GSE136967,URS00006422E6_9606,24
N012370,AACCCCACUCUCGGUANNNNN,0,negative,train,GSE279647,URS0000625435_9606,78
N018718,UGCUUGCUCUGGCAGCACACA,0,negative,train,GSE279647,URS00006C94EE_9606,12
N012868,AUCUGUUGAAGCUAAGCAGAG,0,negative,train,GSE279647,URS00006338FF_9606,51
N015343,AGAGAUCAGAAUGGCCCCUGC,0,negative,train,GSE279647,URS000066F34B_9606,53
P062016,GUGGGAGUGAGGACAUGUCCU,1,positive,train,GSE136967,URS000065235D_9606,52
P071773,NNNNNNNNCUUCGAUGAAGAG,1,positive,train,GSE308686,URS00003A9200_9606,3
N008497,CACAGUGAACACCCAAGUGUG,0,negative,train,GSE279647,URS000028CE2F_9606,14
N004109,CUCAAGAUCAACCAUCCCACA,0,negative,train,GSE136967,URS00006C5E80_9606,118
N017847,NNNNNNAGUGAAACUUAUCCU,0,negative,train,GSE279647,URS00006B7E58_9606,5
P060177,NNNNNNNUGUCCUGAUGAUAC,1,positive,train,GSE136967,URS0000660E95_9606,4
N023440,NNNNNNNCCAUACCCCGAAAA,0,negative,train,GSE279647,URS00007AFD01_9606,4
P063985,UAGUGUUUAGUUAUCUACUGC,1,positive,train,GSE308686,URS0000507C9B_9606,38
N023454,NNNNNNNNNNGGGUGCUAAUG,0,negative,train,GSE279647,URS00007C659F_9606,1
P063384,GUCAUCCUCGUCAAACUGAGG,1,positive,train,GSE136967,URS00006F4E4F_9606,79
N000598,NNNNNNNNNNCAGGCUGUGAU,0,negative,train,GSE136967,URS00005ACA64_9606,1
P066008,UGACCUGAGCUCANNNNNNNN,1,positive,train,GSE308686,URS000075BDDC_9606,346
N021321,CAUACCACCUUGAACGCUCCC,0,negative,train,GSE279647,URS0000714DF6_9606,20
P066190,CAGAGAAAGGCUCUCCUAAUG,1,positive,train,GSE308686,URS0000034D55_9606,72
P076685,GCAACGGUAGCGCGUCUGACU,1,positive,train,GSE308686,URS0000222FD2_9606,22
P057808,UGAGCGGGUAAAGGUCGCCCU,1,positive,train,GSE136967,URS00006ECA78_9606,90
P059072,AUACCACUUAGUAUAGUUCGC,1,positive,train,GSE136967,URS000063EA00_9606,107
P060442,ACUUGGGGAUGUUCUCUUUGC,1,positive,train,GSE136967,URS00003A9200_9606,39
P070198,GGAGGGAAAGCAAGCCUGGCA,1,positive,train,GSE308686,URS00003852FE_9606,65
P078715,CGUGCCAGCCACCGCGGUCAC,1,positive,train,GSE279647,URS000044DFF6_9606,249
P070919,NNNNNNNNGUGUUCAAUGAUG,1,positive,train,GSE308686,URS000063A91D_9606,3
P071895,UGUCAGUAAGCUGGUACAGAA,1,positive,train,GSE308686,URS0000535D45_9606,64
P061649,GAGGCCCGGGUUCGAUUCCCG,1,positive,train,GSE136967,URS000013B42D_9606,52
P081712,CCCCCACGGGAAACAGCAGUG,1,positive,train,GSE279647,URS000044DFF6_9606,165
N022894,UUUUGGAAAAACAAAGUCGUU,0,negative,train,GSE279647,URS0000759B0C_9606,88
P059088,NNNNAUCCUUUUGUAGUUCAU,1,positive,train,GSE136967,URS000064F355_9606,7
P075465,UGGGAGAGCGUUAGACCGAAG,1,positive,train,GSE308686,URS00006EEBD6_9606,27
N015510,GGAUGACAUGCAAAUUUGUGA,0,negative,train,GSE279647,URS0000673DB0_9606,77
P066516,CAUGCAAAAGCAGUCUUCCCU,1,positive,train,GSE308686,URS00006C8A51_9606,61
P074563,UGUCUUUGAAGAAAUAAUUUU,1,positive,train,GSE308686,URS000075BEB6_9606,56
P068408,CUAGAAGCCUCACCCGAGGAG,1,positive,train,GSE308686,URS00003E7565_9606,77
N030776,CCUUUGGGCAGUGUUUUGCAC,0,negative,train,GSE308686,URS0000148398_9606,135
N019770,NNNNNNNNNAGCACCAUGGCU,0,negative,train,GSE279647,URS00006E1AD1_9606,2
N026615,AAAUAUUCAGGAAAAGAAAGU,0,negative,train,GSE279647,URS00033B08A1_9606,245
N003960,GUAGUGUAGUGGUUAUCACGU,0,negative,train,GSE136967,URS00002064F6_9606,17
N013813,AAAUGGUGGCAUUGGAGUUAU,0,negative,train,GSE279647,URS000064A1E7_9606,26
P075468,NNNNNNNNNGCAUUGGUGGUU,1,positive,train,GSE308686,URS00004BF687_9606,2
N013487,GCGGGGUUGGGCCUGGCUAGU,0,negative,train,GSE279647,URS0000641393_9606,65
N035077,GAUCUUUGCUGAUUAGUCAUA,0,negative,train,GSE308686,URS0000456F03_9606,47
P068548,UCCGGUGCAAUAGCAUUUCCA,1,positive,train,GSE308686,URS00003CCCBE_9606,59
N015515,GGGGGCCCGAAGAAUGCCUCC,0,negative,train,GSE279647,URS0000673E8F_9606,28
P060807,CCGGGACCUUUGACAUCCGGG,1,positive,train,GSE136967,URS000065F8CD_9606,67
N008966,CCCUAUCAUAGAAGAGCUUAU,0,negative,train,GSE279647,URS00002EDD4B_9606,120
N036404,GACUGUACUACCCAACACUCN,0,negative,train,GSE308686,URS00005C0742_9606,120
P068545,CAUUCCGGUGCAAUAGCAUUU,1,positive,train,GSE308686,URS00003CCCBE_9606,56
P058765,GAAUGACUCCUGUGGAGUUGA,1,positive,train,GSE136967,URS00007136D1_9606,166
P068843,CUAUGCAUGGUAGGCACUGGC,1,positive,train,GSE308686,URS00001FC3CF_9606,39
P074308,GUUUAACAAAACUUCUCACAU,1,positive,train,GSE308686,URS000075EE49_9606,85
N022552,AGACCCAAGAGGUCCCGGGUU,0,negative,train,GSE279647,URS0000744456_9606,67
N024152,CAGCACAUAGAGAGGAGAUUA,0,negative,train,GSE279647,URS0000AAF39E_9606,24
N006157,AAAGGAAGGAAUCGAACCCCC,0,negative,train,GSE279647,URS00000CBD3B_9606,15
N008343,NNNNNNNNNGGGGGCAUAGCU,0,negative,train,GSE279647,URS000026DCDD_9606,2
N016102,NNNNNAUCCCUUCUAGGUCUU,0,negative,train,GSE279647,URS0000680D17_9606,6
P067641,CUCUGUUAAUUAAACUUUGGA,1,positive,train,GSE308686,URS000068A4EE_9606,49
N012898,CAGUGGGAUGUCAGAACUAAU,0,negative,train,GSE279647,URS0000633C0A_9606,26
N022772,CCAGACUCAAGUUGCUACUUC,0,negative,train,GSE279647,URS0000753A37_9606,38
P062749,NNNNNNNAAAAAGGGCUUCUG,1,positive,train,GSE136967,URS000000A142_9606,4
P058353,UGUUUGCUUCAAUCGGUGGUG,1,positive,train,GSE136967,URS0000634EB5_9606,114
N028671,CUCAUUGCUGAUCACUUGNNN,0,negative,train,GSE308686,URS000075E9C3_9606,63
N020648,CCAUACCACUCUGAAGGUGCC,0,negative,train,GSE279647,URS00006FD937_9606,19
P059958,CCUCAGCUGAGUCAUGGGAGC,1,positive,train,GSE136967,URS00005ACA64_9606,42
P067971,UUGUUUAACGUGGACAAAGAC,1,positive,train,GSE308686,URS00002587B6_9606,28
P073586,CUCUGAAGGGGCUGAAUGAAA,1,positive,train,GSE308686,URS0000066733_9606,43
P079503,NNNNNGUCUCUGUGGCGUAGU,1,positive,train,GSE279647,URS00006E74AC_9606,6
P058982,AACAAAACUUCUCACAUGAAG,1,positive,train,GSE136967,URS00000E9A93_9606,89
P060406,AUAUGAUGACUGAUUACCUGA,1,positive,train,GSE136967,URS000053D4AB_9606,14
P057997,CCAUAUACACCUCAGCUCAGG,1,positive,train,GSE136967,URS00004F2BDE_9606,84
P070208,UCUGGAGAGUGCCUAGUAUUC,1,positive,train,GSE308686,URS00003852FE_9606,28
P061012,UUUAUCAAAAUGACUUUCGUU,1,positive,train,GSE136967,URS00004BEE5E_9606,25
N023782,UAGAGCACAAUGUGUGUGGUG,0,negative,train,GSE279647,URS00008E3A56_9606,102
P076804,UGUGAAUUGCAGGACACAUUG,1,positive,train,GSE279647,URS0000005270_9606,77
P079338,GCUAAUUGAAAACUUUUCCCA,1,positive,train,GSE279647,URS0002A14876_9606,67
P067677,AAGUUCAGUUCAGGGUAGCUU,1,positive,train,GSE308686,URS000068A4EE_9606,23
N005380,GUUCUUGUAGUUGAAAUACAA,0,negative,train,GSE279647,URS0000028D1E_9606,12
N010513,CAUAUGCCUCUGAGCUGCUGU,0,negative,train,GSE279647,URS0000467AB5_9606,33
N008681,UUUACCGUUUAAAUCCACGGG,0,negative,train,GSE279647,URS00002A66E1_9606,49
P060117,UAGGUCGCUGGUUCAAUUCCG,1,positive,train,GSE136967,URS0000233681_9606,53
N030621,AGUAUAGUUCGCUACUAUUUU,0,negative,train,GSE308686,URS000000AB5A_9606,115
P058547,GAUUGGAUAGAAACUAUUAUU,1,positive,train,GSE136967,URS000068A4EE_9606,94
N011440,UUACACUUAGGAGAUUUCAAC,0,negative,train,GSE279647,URS0000559C32_9606,41
N002800,NNNNNNNUCCUGCAUCCGAAA,0,negative,train,GSE136967,URS00006EC784_9606,4
N083111,CCGCCAACAGUAAGAGAAGCU,0,negative,train,GSE136967,URS000026BDF0_9606,200
P067980,CUUGUGGACAAAGACUUAUGG,1,positive,train,GSE308686,URS00006607B4_9606,36
N020548,GGGAGACCCUGUUUGCCUGGG,0,negative,train,GSE279647,URS00006F8E30_9606,94
N021383,UCCAAUGGACAGGUGUCCGCG,0,negative,train,GSE279647,URS0000716955_9606,49
P067795,UGGAUUUGGGAAACUUUGAGG,1,positive,train,GSE308686,URS00000B589B_9606,78
P061078,AUAAACUCUUUCUCGUAAAUG,1,positive,train,GSE136967,URS000071BC75_9606,85
P082111,NNNNNAGAGGCACCGCCUGCC,1,positive,train,GSE279647,URS000075CEC3_9606,6
P075036,CCCGCAUUCUCCANNNNNNNN,1,positive,train,GSE308686,URS000052A1C9_9606,71
P063827,GCAGAGAUUAUUUUUUAAAAG,1,positive,train,GSE308686,URS0000530EBF_9606,16
P060657,CUCACUUAGACUAUAGUUCAC,1,positive,train,GSE136967,URS000075AA41_9606,38
P066344,UUUGCAGCCUUUUCCUGCCCU,1,positive,train,GSE308686,URS00001BD443_9606,80
P064950,CCUGGUAUUGCAGUACCUCCA,1,positive,train,GSE308686,URS00003EE995_9606,164
P066586,GGCUGCCGUGUCACAUCUGUG,1,positive,train,GSE308686,URS000008230A_9606,37
P072649,UCACUUUGACCAGAUGUCUAC,1,positive,train,GSE308686,URS00000335D1_9606,34
P074393,ACAUUGUAGUGUGCUGAUGUG,1,positive,train,GSE308686,URS00005160A3_9606,61
P071579,UUUCCACCAGAAAUGUUUUUC,1,positive,train,GSE308686,URS0000080E9E_9606,44
P067976,UGGACAAAGACUUAUGGAUAG,1,positive,train,GSE308686,URS00006607B4_9606,40
N004818,AACUGAUGUUGCCANNNNNNN,0,negative,train,GSE136967,URS000072E179_9606,83
N012844,AGCAGGGUCAAGCCUGAUUAG,0,negative,train,GSE279647,URS0000632BBF_9606,64
N021300,AUCUGAAUGGUCCUGAGUUCA,0,negative,train,GSE279647,URS00007142C3_9606,48
P081661,GGUCAAGGUGUAGCCCAUGAG,1,positive,train,GSE279647,URS000044DFF6_9606,690
P077617,GCAUCGACCUGGUAUUGCAGU,1,positive,train,GSE279647,URS00021ED9AF_9606,415
P066151,GGCUCCGGCCGGUUGCGCGGG,1,positive,train,GSE308686,URS0000268556_9606,24
P059386,GAUGAUAACAUAGUUCAGCAG,1,positive,train,GSE136967,URS000050BD61_9606,16
P065635,CCUUCUAGUAAAGGUUGAGUG,1,positive,train,GSE308686,URS00005A2612_9606,102
P059293,AGCCAUGGAAGAGCAUAUCCU,1,positive,train,GSE136967,URS000029D639_9606,57
P073710,ACAGUGACUGAGAGANNNNNN,1,positive,train,GSE308686,URS00004D7B5D_9606,82
P062919,GCUGAGGUGAGGUACCCCGCA,1,positive,train,GSE136967,URS000013F331_9606,288
P058232,CAAUGAUGAGUUGGCAUGUAU,1,positive,train,GSE136967,URS0000668E0B_9606,14
P079459,AGUUUUAAACCAAUUUUUUAG,1,positive,train,GSE279647,URS0000631BD4_9606,86
N013843,UCAUCAGUAUAGUGGUGAGUA,0,negative,train,GSE279647,URS000064A807_9606,14
N024386,GUUAUCUCAGUUGGUGAGCGC,0,negative,train,GSE279647,URS0000C8E9E2_9606,16
P080891,UCUUGUCCUGGUGUGCUAGAG,1,positive,train,GSE279647,URS0000451E99_9606,41
N023160,ACUCGGAUGGAUAUAAUACAA,0,negative,train,GSE279647,URS000075BF8B_9606,11
N015057,ACCCUGAAAUGCACUAGAUGU,0,negative,train,GSE279647,URS00006633F5_9606,26
P076924,UCCCCUUGACAAGGAUGGAAG,1,positive,train,GSE279647,URS00006C0FA0_9606,41
P078616,AAGUUGUGAGUUUUUAUUCAA,1,positive,train,GSE279647,URS00006F88C8_9606,76
N016674,AUUUCUGCAGCAGGGAGAUGG,0,negative,train,GSE279647,URS0000690FF8_9606,107
P060795,UGCUCCCCUGUGCUCAGUUCU,1,positive,train,GSE136967,URS00006C9D52_9606,30
N039556,AGACUGGAAAGCUCCUCUUUG,0,negative,train,GSE308686,URS00006810EA_9606,90
N008983,GCCCUCAUAAUCAUUUUCCUU,0,negative,train,GSE279647,URS00002EDD4B_9606,157
P060713,ACAUGGAAUCUCGUUCGGCUG,1,positive,train,GSE136967,URS00004E0FA9_9606,25
P059728,UUGCACUCCGGAUGUGCUGAC,1,positive,train,GSE136967,URS000032B6B6_9606,76
N019803,AACGCAGCUAGCUGUGAGAAC,0,negative,train,GSE279647,URS00006E23A8_9606,52
P068787,AUAAUUUGGAGUUCCUGCCAG,1,positive,train,GSE308686,URS000075E772_9606,76
P063286,GAUGGGAAUCUCUCUGAGAAA,1,positive,train,GSE136967,URS0002869D46_9606,40
N024020,NNNNNNNCAUGGCCAUACCAC,0,negative,train,GSE279647,URS0000A98C9F_9606,4
P078629,AUAUAUUCUCUAUCUGAGGAC,1,positive,train,GSE279647,URS00006D1735_9606,74
P059366,UGAAUUGAUAAGCUGAUGUUC,1,positive,train,GSE136967,URS000015A7CF_9606,22
P079819,GAGAUGCAUGAAACGUGAUUA,1,positive,train,GSE279647,URS00021EDA78_9606,75
N013196,AUUAAAUGUAUUUUUGAGCAG,0,negative,train,GSE279647,URS0000638FCB_9606,100
N017838,UGUCAUCAAACCACCUCUCUG,0,negative,train,GSE279647,URS00006B799B_9606,42
P065264,NCAGCACUUGAUACUAACCGA,1,positive,train,GSE308686,URS000021BC29_9606,10
N012820,GAUCACAACCAGUUUGUAGAU,0,negative,train,GSE279647,URS0000632B6F_9606,46
P069386,UGGCAUGCCUAAGGCCUUUGG,1,positive,train,GSE308686,URS00004C8BD1_9606,80
N023765,CCCACCCCCAGCGCCCCCUCC,0,negative,train,GSE279647,URS00008B3517_9606,35
N025573,CAGGCUGGUCUCAAACUCCUG,0,negative,train,GSE279647,URS00027DDF00_9606,32
P077151,UACUAACCCCAGGGUUGGUCA,1,positive,train,GSE279647,URS000044DFF6_9606,224
N083488,UGGUACAUGAUUCNNNNNNNN,0,negative,train,GSE136967,URS000075DEE5_9606,88
N018366,AUCUGAGGACAACAUAUUAAA,0,negative,train,GSE279647,URS00006C30CA_9606,85
P058903,CUGGGCCCAUAACCCAGAGGU,1,positive,train,GSE136967,URS000030BAD5_9606,36
P075668,CGCGGUACUUAUAAUGCCGAG,1,positive,train,GSE308686,URS00007362AD_9606,36
P065120,AGAUGCCGUGGACCCCGCCCU,1,positive,train,GSE308686,URS000013F331_9606,192
N019978,UGAACAGGCCUGAUCUUGUCU,0,negative,train,GSE279647,URS00006EAA8D_9606,24
P067541,UUGGGAACAGUUNNNNNNNNN,1,positive,train,GSE308686,URS00004AEC70_9606,120
N023967,CUCUUCUCAGAACACUUCCUG,0,negative,train,GSE279647,URS0000A8C404_9606,12
N002131,CAUCCUCGUCGNNNNNNNNNN,0,negative,train,GSE136967,URS00002034DC_9606,82
N009945,NNNNNNNGUCGACGAAGGUGG,0,negative,train,GSE279647,URS00003DA0FA_9606,4
P064278,AGUUUUAGGGUCACACCCACC,1,positive,train,GSE308686,URS00005EB5B7_9606,34
N050826,ACCGUUCCAUUUUGAUUCUGA,0,negative,train,GSE308686,URS0000507EBE_9606,63
N001663,GUUUGUGAUGACUUACAUGGA,0,negative,train,GSE136967,URS00004E0FA9_9606,11
P064836,CUCCCGGGAGCGGGGGACCAC,1,positive,train,GSE308686,URS00003ACFC1_9606,151
P064110,GCAGGGCCUUUGUGAAGGCGG,1,positive,train,GSE308686,URS00006A8564_9606,34
N016477,AGAUAGCUCAGUCAGUAGAGC,0,negative,train,GSE279647,URS000068C2BC_9606,15
N004649,GACAGCACACGNNNNNNNNNN,0,negative,train,GSE136967,URS00006A38AA_9606,86
N054205,GUUGUCUGAUGCACCNNNNNN,0,negative,train,GSE308686,URS000046CCFB_9606,68
N004288,GGGACGGGACGCGGUGCAGUG,0,negative,train,GSE136967,URS000075BA3A_9606,31
P061525,CUUGUAGAGAAGCAAAGUGAU,1,positive,train,GSE136967,URS000075D1DB_9606,49
P059571,UGGUUUUCCAACAUUCGCAGU,1,positive,train,GSE136967,URS000062548B_9606,23
N049310,UUAAGUUUUCAAAUGGGCCUA,0,negative,train,GSE308686,URS000002084A_9606,42
N012550,GAUCUUAUGAACCUAAGCAGG,0,negative,train,GSE279647,URS000062A50C_9606,52
P070017,GGUUGUCAGCUAUCCAGGCUC,1,positive,train,GSE308686,URS0000148398_9606,18
N004524,CAUGCUCUGAGCAGACUNNNN,0,negative,train,GSE136967,URS00006DE18B_9606,71
N004234,NNNNNGGCGCCGUGGCUUAGU,0,negative,train,GSE136967,URS00000A1A88_9606,6
N010313,AUUGAUCGAUUUAGAGGCAUU,0,negative,train,GSE279647,URS000043549A_9606,124
P079019,NNNNNNNNNNCGGCGGGGCUC,1,positive,train,GSE279647,URS0000D53CCC_9606,1
P065671,UAGACGAGGCCGGGCUUGUCC,1,positive,train,GSE308686,URS000023DE4C_9606,376
N008810,GAACGGUGCACCCNNNNNNNN,0,negative,train,GSE279647,URS00002CBAC9_9606,184
P072550,GCAGAUGAUGUUUGUUUUCAC,1,positive,train,GSE308686,URS00005F7BA1_9606,13
N083155,GGUGGGGGGGUGCGUAUGUAU,0,negative,train,GSE136967,URS00002E82E5_9606,250
P062626,GCGUCCUGUGAGCGAAGAUUA,1,positive,train,GSE136967,URS00003B57B1_9606,116
N018439,CUCAGUCUACACCACCUCCCC,0,negative,train,GSE279647,URS00006C4777_9606,35
N017079,NNNAUGGCUUCUUGGCCUUUU,0,negative,train,GSE279647,URS00006A2D80_9606,8
P060093,GCUUGCGCAUAACUGGGGCCG,1,positive,train,GSE136967,URS0000A9F116_9606,82
N005884,GAAACCGGGCAGAAGCANNNN,0,negative,train,GSE279647,URS000009DDCA_9606,67
N010809,CCGCGCUUGACUAGCUUGCUG,0,negative,train,GSE279647,URS00004A2461_9606,70
P066104,UAGGCGAGGGUUCGAGGGCAC,1,positive,train,GSE308686,URS000002A4F1_9606,62
P077233,CUGCUCCGUUUCCGACCUGGG,1,positive,train,GSE279647,URS000233AD7D_9606,347
N034999,CAUUGCAUCUGAGGCAAANNN,0,negative,train,GSE308686,URS0000215639_9606,61
P081641,CGGAGGACUGUAGGGGUUUGA,1,positive,train,GSE279647,URS0000755767_9606,35
P063148,UGGGCACUGAGAAUGGUUUAU,1,positive,train,GSE136967,URS00006CC68C_9606,114
P062786,CUGCGUGCGGAAUCGACAUCA,1,positive,train,GSE136967,URS000000A142_9606,59
P074042,GACUCAUUCGUCACUACCACU,1,positive,train,GSE308686,URS0000ABD8C9_9606,56
N022667,ACUGUAGUUGGCUGUGUCCUU,0,negative,train,GSE279647,URS000074FC25_9606,41
P061853,GGAGACCCGGGUUCAAUUCCC,1,positive,train,GSE136967,URS00007131F2_9606,51
P066256,GUUCCUAGGAGUGCGACAAUU,1,positive,train,GSE308686,URS0000034D55_9606,123
P064079,AGCACCAUCUGAAAUCGGUUA,1,positive,train,GSE308686,URS00004E9304_9606,53
P076058,GCCUCCCACGUGGGAGACCCG,1,positive,train,GSE308686,URS00007131F2_9606,39
P077010,CGUCGAUGAAGAACGCAGCUA,1,positive,train,GSE279647,URS0000005270_9606,42
N013031,NNNNACCUAUAGCCAUACCAC,0,negative,train,GSE279647,URS00006367D8_9606,7
P058116,ACAAGCAUAUGGCUGAACUUU,1,positive,train,GSE136967,URS000041615F_9606,33
P058962,AGUUCAAAUCUCGCUGGGGCC,1,positive,train,GSE136967,URS000068C296_9606,61
P072597,GAAUAAACCAUGUGGUCAGCA,1,positive,train,GSE308686,URS0000215639_9606,42
N003129,CACUUCUAGACACUCNNNNNN,0,negative,train,GSE136967,URS00003E7565_9606,130
N050816,UUACACUGAGACCUNNNNNNN,0,negative,train,GSE308686,URS00002F8E76_9606,68
N002902,NNNNNNNNNCACAGAUGAUGA,0,negative,train,GSE136967,URS000063F175_9606,2
N026884,AUCCAGAGGCUGUUUCUGAGC,0,negative,train,GSE308686,URS0000571896_9606,53
P060928,GGAGAGGAACACCUCAGACUU,1,positive,train,GSE136967,URS000071EA53_9606,69
N045478,AUCUUUGGUAAUCUGAUGGCU,0,negative,train,GSE308686,URS0000569A4A_9606,320
N020647,UACAGCCAUACCACUCUGAAG,0,negative,train,GSE279647,URS00006FD937_9606,14
N019976,NGUCUCGAACACCCUGAACAG,0,negative,train,GSE279647,URS00006EAA8D_9606,10
P076265,GGCCGAGUGGUUAAGGUGAUG,1,positive,train,GSE308686,URS000071DF37_9606,19
N014162,CGCUGUGGCCGCAGCAACCUC,0,negative,train,GSE279647,URS000064FAB6_9606,40
N026361,CCGAUUUCUUCUGAUCUCAGA,0,negative,train,GSE279647,URS000325852A_9606,38
N015911,GUGGCGUAUGAGUCAUUGACG,0,negative,train,GSE279647,URS000067B8ED_9606,31
P077012,AGAUGGAAUAGGAGCUUGCUC,1,positive,train,GSE279647,URS00021ED9AF_9606,382
N006151,NNNNNNNNNNCAAAAAAGGAA,0,negative,train,GSE279647,URS00000CBD3B_9606,1
N002613,UGAUGAACACAUAUGCCUCUG,0,negative,train,GSE136967,URS0000467AB5_9606,24
P063036,CUUUCCCCCCUUCUCACUACU,1,positive,train,GSE136967,URS0000103047_9606,85
P061587,UGAGUGUCGGUGCUGAAAUCC,1,positive,train,GSE136967,URS00006CCF53_9606,39
N020072,UUGUUCACUUCACGCAUCGAU,0,negative,train,GSE279647,URS00006EDEA4_9606,143
P058732,UGGUUUAAACAGAGGUGCAAA,1,positive,train,GSE136967,URS00005357F7_9606,50
N083450,AACCGCGCCGAUAAGCUUCCG,0,negative,train,GSE136967,URS00023473A4_9606,1394
P069655,GAAAGCGCUUCCCCGUGUUUG,1,positive,train,GSE308686,URS000045555D_9606,79
N005030,AGAAUAGUUUAAAUUAGAAUC,0,negative,train,GSE279647,URS0000003B66_9606,13
N016970,GAGCAUCAUCAGACUUUUAAU,0,negative,train,GSE279647,URS000069D6C9_9606,32
N022776,UCAAGUUGCUACUUCCCAGGU,0,negative,train,GSE279647,URS0000753A37_9606,44
P058694,UCCUAAGCCAGGGAUUGUGGG,1,positive,train,GSE136967,URS000005A7A9_9606,43
P059341,UCAGAAGAUUGAGGGUUCGAG,1,positive,train,GSE136967,URS00001D909A_9606,49
N013379,UGGGAGAAUUAAUGUGAACUG,0,negative,train,GSE279647,URS000063E55A_9606,64
N015117,CAGGGUUGGGCCUGGUUACUA,0,negative,train,GSE279647,URS0000664D60_9606,67
N027684,CCAAUUCAGACUACUCUCCUC,0,negative,train,GSE308686,URS000013F331_9606,323
N019547,GCCGAGCAGUCUUAAGGCGCU,0,negative,train,GSE279647,URS00006DCB39_9606,20
N056457,UGACUUUAAAAUGGAUCUCAU,0,negative,train,GSE308686,URS000075A82F_9606,22
N006748,AAAAUCACCUCAGAGCUNNNN,0,negative,train,GSE279647,URS000013A388_9606,60
N022311,GACCGUGUGUGUGUGUGUGUG,0,negative,train,GSE279647,URS000072D59F_9606,69
N029637,UGAAAAUCUGGACUGAGGGAA,0,negative,train,GSE308686,URS00002EC433_9606,42
P074588,GGUGCCCCCCGGGACCUUUGA,1,positive,train,GSE308686,URS000075DD61_9606,62
P071502,AUGAAGCAAAUCAGUAUGAAU,1,positive,train,GSE308686,URS000062539F_9606,20
N013207,CCCGAUCUGGUCUCAUCUCGG,0,negative,train,GSE279647,URS0000639B18_9606,37
P066971,ACAUCUACCACUGGCCAGCCU,1,positive,train,GSE308686,URS0000818C5D_9606,161
N024725,AACGCAAAUCAGCCACUUUAA,0,negative,train,GSE279647,URS0000DDAF29_9606,43
P063906,UGUGCAAAUCUAUGCAAAACU,1,positive,train,GSE308686,URS0000539083_9606,59
N039384,CCUCGGACCCUCAGGGUAGGC,0,negative,train,GSE308686,URS000002A4F1_9606,46
P061913,NNNNNNNGCCUUCUCUUCCCG,1,positive,train,GSE136967,URS00007E374E_9606,4
P078462,CAGUAAACUAAGAGUAGAGUG,1,positive,train,GSE279647,URS000044DFF6_9606,792
N042959,GGGGCCUGUCUCUACAGCUCU,0,negative,train,GSE308686,URS000027BAE7_9606,118
N023276,CCCAGCAGCCCAUUUUUUCCC,0,negative,train,GSE279647,URS000075D68F_9606,79
P082581,NUCCAACGUGGAUACCCUGGG,1,positive,train,GSE279647,URS00006422E6_9606,10
P076316,GAGGUGGCCGAGUGGUUAAGG,1,positive,train,GSE308686,URS00002034DC_9606,14
P065309,CAAGGCUGUUGUGAUUCAGUU,1,positive,train,GSE308686,URS0000569A4A_9606,26
N031295,AGGACAUGUCCUGCAAUUCUG,0,negative,train,GSE308686,URS00002C37BE_9606,58
N029812,UCUAUUCUGAGGCUNNNNNNN,0,negative,train,GSE308686,URS000026D828_9606,57
N004740,CGUGCCCCUCAAAGUGAAUUU,0,negative,train,GSE136967,URS00005357F7_9606,108
P076406,NNNGGCUCCGUGGCUUAGCUG,1,positive,train,GSE308686,URS000047B05D_9606,8
N017490,AUUAUAUUAGAUAGAUUUUUG,0,negative,train,GSE279647,URS00006AE7E7_9606,96
N027439,NNNNUCAGCCACCCGCCACUG,0,negative,train,GSE308686,URS000075B118_9606,7
P072747,UCCUGACACUUGUGAUGUCUU,1,positive,train,GSE308686,URS000020C605_9606,37
P058417,CCCUGGCAGUGUCCUACUUCC,1,positive,train,GSE136967,URS0000706530_9606,68
N031500,UCAGGAUGGCCGAGCGGUCUA,0,negative,train,GSE308686,URS00000FB60D_9606,12
P066431,CCCUUUAGAAUGACUGAUGGU,1,positive,train,GSE308686,URS000031F86D_9606,76
N026101,NNCAGUACGGUCAUACCACCC,0,negative,train,GSE279647,URS000314E1A9_9606,9
P075865,NNNNNNNNACCAGAAUGGCCG,1,positive,train,GSE308686,URS00006F940C_9606,3
P082052,GCCUGGGUUCCUCCCAGGGCU,1,positive,train,GSE279647,URS0000650C37_9606,123
N050633,CCUCUAGAUAGUCAAGUUCUG,0,negative,train,GSE308686,URS000053D4AB_9606,64
P058186,UGCAAUGAUGUAUUUUAUUCA,1,positive,train,GSE136967,URS00005BBB0D_9606,12
N004487,AGCUCACCGCGCGCUGCCCCA,0,negative,train,GSE136967,URS00006D48F7_9606,85
P057619,GAAGUUUCUCUGAACGUGUAG,1,positive,train,GSE136967,URS0000650B1E_9606,54
N007601,GAUUCCAGGUUCGACUCCUGG,0,negative,train,GSE279647,URS00001E7E7D_9606,56
P057945,UUAAUAAUGAAAACAACUACU,1,positive,train,GSE136967,URS00004BB247_9606,45
N025749,AGCAGACAGGGCUGCAAGGAA,0,negative,train,GSE279647,URS0002A29030_9606,27
P072847,GUGGCCGUCUUGGUCACCUGU,1,positive,train,GSE308686,URS0000010A7C_9606,45
P061033,GCCUGGGUCCUGGGUGUUGUG,1,positive,train,GSE136967,URS000023DE4C_9606,30
P060445,UGGGGAUGUUCUCUUUGCCCA,1,positive,train,GSE136967,URS00003A9200_9606,42
P063632,AGGACCAUGUCUUGGUUUUUG,1,positive,train,GSE308686,URS000075EAF7_9606,53
N008674,CCCUAACUUGUGAUGUUUACC,0,negative,train,GSE279647,URS00002A66E1_9606,34
N000739,AGCCGCGGGUCUCUCGGGGGC,0,negative,train,GSE136967,URS00004416C5_9606,328
P070841,GCUUCAAAGUAAACGCUCUGA,1,positive,train,GSE308686,URS0000467AB5_9606,62
N022335,UAGUCCACUUCAUGCAUCAAC,0,negative,train,GSE279647,URS000072D805_9606,151
P065830,AGUAAGACUUUGCUGAUACAU,1,positive,train,GSE308686,URS00005C0742_9606,42
N024738,NNNNNNUAGCUUAACACAAAG,0,negative,train,GSE279647,URS0000DDCC12_9606,5
P060478,CCUGGUUGAAGUAAUUUCCUA,1,positive,train,GSE136967,URS00003A9200_9606,107
P068766,GUAUGCAAGAAUAAUUUGGAG,1,positive,train,GSE308686,URS000075E772_9606,66
N053305,CAUUUCCAGCGACACAUGACU,0,negative,train,GSE308686,URS00003CCCBE_9606,72
P059379,GCUGAUGAGCAAUAUUAAGUC,1,positive,train,GSE136967,URS000050BD61_9606,43
N002853,NNNNNNNNNGCCUUUGCAGCU,0,negative,train,GSE136967,URS00006B5455_9606,2
N018576,AAACCCAUCUGAUCUCGGAAG,0,negative,train,GSE279647,URS00006C7D6A_9606,41
N014503,NNNNUUCUUGUUAAUAUAGUG,0,negative,train,GSE279647,URS00006580F4_9606,7
P078201,NNNNNNNNNAAGACUAUACUU,1,positive,train,GSE279647,URS0000697611_9606,2
N023962,CAGGUUUCUUUGGUCAUUCUC,0,negative,train,GSE279647,URS0000A8B8D7_9606,61
N023805,NNNAACAGCUAUCCAUUGGUC,0,negative,train,GSE279647,URS00008EC34D_9606,8
P061984,CCCGUGUGACUUUCGUAACGG,1,positive,train,GSE136967,URS0000210FD6_9606,46
N000635,GCAAUGAUGAUUUUUACACUU,0,negative,train,GSE136967,URS0000653FA4_9606,16
P060948,UUUAAACUAAUUUUUUGAGGU,1,positive,train,GSE136967,URS000071EA53_9606,90
N020727,CCCGGGUCAGGCCUGGUUAGU,0,negative,train,GSE279647,URS00006FFA46_9606,66
N035235,UCGAAAGGUGAGCGCUUUGCG,0,negative,train,GSE308686,URS00002B7232_9606,30
N017089,UUAAUCUCAGGUCAUAGAUUC,0,negative,train,GSE279647,URS00006A31A1_9606,45
N033999,ACUGAUUAUCGAGGCGAUUCU,0,negative,train,GSE308686,URS000023DE4C_9606,403
N023100,AACAAGUUAUAUUAGGUUGGU,0,negative,train,GSE279647,URS000075B920_9606,12
P061123,CUUUAAGAGUAGUGGACAGAA,1,positive,train,GSE136967,URS000026D828_9606,22
N016201,GCAUUGAUGAAGAAUGCAGCU,0,negative,train,GSE279647,URS00006848FC_9606,40
P062689,CUCCAGUCUCUUCGGGGGCGU,1,positive,train,GSE136967,URS0000120E41_9606,49
P066341,GUGUCAAAAAAGGCGUAAAUU,1,positive,train,GSE308686,URS00001BD443_9606,53
P075628,CCCGUACGGGCCANNNNNNNN,1,positive,train,GSE308686,URS0000610FFE_9606,72
N021818,UCCUUCUAAACUCCCACUGCU,0,negative,train,GSE279647,URS0000722AE2_9606,74
N026156,GUCUUAGAAGCUAAGCAGAGU,0,negative,train,GSE279647,URS0003171B48_9606,51
N011915,AAAAAAGGGUUGGAGAGAGCA,0,negative,train,GSE279647,URS00005C0742_9606,72
P060667,GGUUGGAGAGAGCAGCCUUCA,1,positive,train,GSE136967,URS000071234F_9606,78
P070840,GCUGUGAUUUCUGGCUUCAAA,1,positive,train,GSE308686,URS0000467AB5_9606,49
N050054,UGCCUUCCUUGGCUGCCCACA,0,negative,train,GSE308686,URS00004C8BD1_9606,124
P073538,GAUGAGUACGUUCUGACUUUC,1,positive,train,GSE308686,URS000075A693_9606,22
N000847,UCUCCAUAAAACCCAGAGAAG,0,negative,train,GSE136967,URS00006810EA_9606,69
N039605,AGGUCCCUGAGAAUGGCUAUA,0,negative,train,GSE308686,URS00005A3020_9606,117
P064495,AGGACUCUGUUCCUCCCCUUU,1,positive,train,GSE308686,URS00026A2211_9606,50
P061062,CAUCACUCUGAAGAAAAGUAU,1,positive,train,GSE136967,URS00006E0396_9606,34
N026903,CCUUCCUUUUUUGUCNNNNNN,0,negative,train,GSE308686,URS0000BA5588_9606,67
N002631,GAGCAGGGUCCACACCAAGUC,0,negative,train,GSE136967,URS0000233054_9606,37
P073939,AUCCAACCCUGAGCUUCAUGU,1,positive,train,GSE308686,URS00006292A1_9606,66
N004528,AGCGGUCUAAGGCGCUGGAUU,0,negative,train,GSE136967,URS00001B506A_9606,24
N012290,UUGAUCUUAACCAUUUACAGA,0,negative,train,GSE279647,URS0000624A33_9606,44
P081448,NNNNNNNNNGAGGUCGAUGAU,1,positive,train,GSE279647,URS000075D68F_9606,2
N000374,UGAAGAGUAUCACAGGGCUGA,0,negative,train,GSE136967,URS00005C0742_9606,101
P076709,CCUUCGAUAGCUCAGUUGGUA,1,positive,train,GSE308686,URS000074FC25_9606,11
P058332,CGUGUAUGAUGACAACUCGGU,1,positive,train,GSE136967,URS00003941F3_9606,11
P065297,GUGAUUCAGUUGGUUUGGCUA,1,positive,train,GSE308686,URS0000569A4A_9606,36
P065874,NNNNNNNNNUGGGAGGCUGAU,1,positive,train,GSE308686,URS0000608804_9606,2
N015291,AUCUCGGAAGCUAAGCACGGU,0,negative,train,GSE279647,URS000066C40E_9606,52
P065983,UCUACACUUGACCUGAGCUCA,1,positive,train,GSE308686,URS000075BDDC_9606,338
N008408,AAUCCUGUUCGUGACGNNNNN,0,negative,train,GSE279647,URS0000278E1B_9606,77
N016196,GGGCCUGGUUAGCACUUGCAU,0,negative,train,GSE279647,URS000068483A_9606,74
N012339,AGGUUGGGUCUGGUUAGUUUU,0,negative,train,GSE279647,URS0000624BAB_9606,68
P058013,UCUGCCAAAUGAAAUAUAAUG,1,positive,train,GSE136967,URS0000507EBE_9606,29
P063925,AGUUGCACUACAAGAAGAAUG,1,positive,train,GSE308686,URS0000539083_9606,34
N002869,ACCCCUGGCAGCCCCUCCUGA,0,negative,train,GSE136967,URS000068C891_9606,11
P068386,UGCCAGGUUUCGCUUGUGGAC,1,positive,train,GSE308686,URS00003E7565_9606,47
P080730,UUACUGCUUCCUGUGUUCGGG,1,positive,train,GSE279647,URS0000572B72_9606,50
N018299,UUGCAGUACUUCCAGGAACGG,0,negative,train,GSE279647,URS00006C246E_9606,171
N021700,GGCCUUACCGCCCUGAAGACG,0,negative,train,GSE279647,URS000071EC39_9606,17
N022780,CCCAGGUUUGGGGCUUCUGGU,0,negative,train,GSE279647,URS0000753A37_9606,58
P061696,NGAGGUCAGUGAUGAGCAACA,1,positive,train,GSE136967,URS00006D7506_9606,10
N015357,UGAGCCCAAUCUCGCCUGCUC,0,negative,train,GSE279647,URS000066FED9_9606,34
N009438,AAGAGGUCUCUGGUUCAAAUC,0,negative,train,GSE279647,URS0000383A48_9606,50
P058192,UAGCUCUGCGUGAUGUGGCAG,1,positive,train,GSE136967,URS0000656AFD_9606,27
P061437,NNCCCCUAUCUCUCAUGAUGA,1,positive,train,GSE136967,URS0000467AB5_9606,9
N017088,UUCAGUCGGUAGAGAAUGAGA,0,negative,train,GSE279647,URS00006A31A1_9606,21
P071879,UUUGUCUGAGAAGGNNNNNNN,1,positive,train,GSE308686,URS000043549A_9606,143
P070258,GCAAGCCUGGCAGAGGCACCC,1,positive,train,GSE308686,URS00003852FE_9606,74
P072984,NNNNNNCUGAUGAUACUUGUA,1,positive,train,GSE308686,URS000075B39E_9606,5
P071578,GUUGCCAGACAUUCGCAGUUU,1,positive,train,GSE308686,URS0000080E9E_9606,26
N024313,UUGGCUGUUAACAGAAAGGCU,0,negative,train,GSE279647,URS0000C8E9CB_9606,35
P059880,CCUUUCUGUCUAUCAGUGGCA,1,positive,train,GSE136967,URS00004640CB_9606,27
P061598,CCCCAACAUGCCAUCUGAGUG,1,positive,train,GSE136967,URS00006CCF53_9606,24
N006634,ACGUGACCACGAAGGUGGUUU,0,negative,train,GSE279647,URS000012964C_9606,34
N001542,AAGGUUUUCCUUAGUGUUGGG,0,negative,train,GSE136967,URS000062548B_9606,54
P064299,GCAGUGAUGUUGCCCCUCGGA,1,positive,train,GSE308686,URS000075A6A4_9606,43
P067786,GAAUUGGAGGAAAAUAAAUGU,1,positive,train,GSE308686,URS00000B589B_9606,58
P060011,CCCUUAUCGAAGCUGCAGCUG,1,positive,train,GSE136967,URS00006D2F8D_9606,16
N021147,CUGAAUGCGCCUGAUCUUGUC,0,negative,train,GSE279647,URS0000710FCF_9606,29
N025687,NNNNNNNUAAGAAAUAUGUCU,0,negative,train,GSE279647,URS000291577D_9606,4
N016164,UUCUCCACUUCCACUGCUUCA,0,negative,train,GSE279647,URS0000682E4D_9606,78
P060780,AGUAAUACUGGCUGGAGCCCC,1,positive,train,GSE136967,URS00008E3964_9606,24
P058523,CUUCGGUGCUGGCGGCUUCCC,1,positive,train,GSE136967,URS00000CC074_9606,104
P066963,AGAUCUUGCUAUCCACACAAA,1,positive,train,GSE308686,URS0000818C5D_9606,81
N023553,ACCGUUUAAAUCCACGGGUUA,0,negative,train,GSE279647,URS00007E4EA2_9606,38
P064101,AGUCCUAGGAUUACAAGUGUC,1,positive,train,GSE308686,URS000075C9AA_9606,15
P067416,UGAACAAUUUACUGUUGUUCU,1,positive,train,GSE308686,URS000019135F_9606,31
P060792,CUAAGAAUAGGGCUGGCUCUU,1,positive,train,GSE136967,URS00006C9D52_9606,107
N019866,GUCUAGGGCCAUACCACACUG,0,negative,train,GSE279647,URS00006E687A_9606,11
P064638,GCUAGAACCUCCAAACAAGCU,1,positive,train,GSE308686,URS0000734D8F_9606,224
P059400,GCAAGUGUUACACUGCUGGGA,1,positive,train,GSE136967,URS0000AAB145_9606,50
P061986,GCACUUGGCUUCACCCGUGUG,1,positive,train,GSE136967,URS0000210FD6_9606,33
N001571,UAGCGGUUAUCACGUCUGCUU,0,negative,train,GSE136967,URS000038803E_9606,23
N008205,GCAUACAAUGUAGAUUUCUGU,0,negative,train,GSE279647,URS0000245997_9606,40
N023365,UGACCGCUCUGNNNNNNNNNN,0,negative,train,GSE279647,URS00007621DE_9606,68
N013870,ACGCGGGAGACUGGGGUUCGA,0,negative,train,GSE279647,URS000064A807_9606,47
N022917,GAGCUCACAGUCUAGUAUGUC,0,negative,train,GSE279647,URS000075A13B_9606,23
N013174,UCAAUUUCACCUGAUCUUGGA,0,negative,train,GSE279647,URS0000638287_9606,39
P070213,CCUGGGAUCGCAUCUGGAGAG,1,positive,train,GSE308686,URS00003852FE_9606,16
N002962,CGAAUCACGUCGGGGUCANNN,0,negative,train,GSE136967,URS000038F4B2_9606,65
N021299,AAAAUCUGAAUGGUCCUGAGU,0,negative,train,GSE279647,URS00007142C3_9606,45
P060496,UGAAUUUAACUGUUCAACUGC,1,positive,train,GSE136967,URS0000694F71_9606,21
N055416,AUUUUAAGCCCAAAGGUGAAU,0,negative,train,GSE308686,URS000059EAAC_9606,57
P065621,AGGUGUGAGCAUUCUAGCAGC,1,positive,train,GSE308686,URS000015F227_9606,143
N021553,NNNNGGCGGAGGGAAGCUCAU,0,negative,train,GSE279647,URS000071B825_9606,7
P064171,CCUAGAACCCUAUCAAUAUUG,1,positive,train,GSE308686,URS000070F95C_9606,28
N003916,UCUACCUUGUAGAGAAGCAAA,0,negative,train,GSE136967,URS000075D1DB_9606,44
P061271,NNAGCACAAAUGAUGAAUAAC,1,positive,train,GSE136967,URS0000626A32_9606,9
P059419,CUCCUCUUUGGAUCCUGUCUG,1,positive,train,GSE136967,URS00006810EA_9606,101
P074644,ACACCUGGGGGUCUGAGGGGC,1,positive,train,GSE308686,URS000075A57C_9606,82
N052387,CUGUGCGAUGGCUCCAUACAU,0,negative,train,GSE308686,URS0000180559_9606,125
P067419,NNNCUGCAUCCACUGAUAGAC,1,positive,train,GSE308686,URS000019135F_9606,8
N031173,GAACGUGUGGAAAACUAAUGA,0,negative,train,GSE308686,URS00005BBB0D_9606,49
N004629,UCCUAGAGGCAAANNNNNNNN,0,negative,train,GSE136967,URS000062A15C_9606,102
P072638,NNAUUCGUGAUGACUGAUCAU,1,positive,train,GSE308686,URS00000335D1_9606,9
N003127,GACCUUCCUAGAGGCAAANNN,0,negative,train,GSE136967,URS000062A15C_9606,97
P065548,GAGCCUGCCAAGUUGUGGGUG,1,positive,train,GSE308686,URS000015F227_9606,40
N026556,CGCCGAUCUCUUCUGAUCUCA,0,negative,train,GSE279647,URS0003362FD7_9606,36
P071930,NNNNNNNNNNGUGAAAUGAUG,1,positive,train,GSE308686,URS00006BA413_9606,1
P068774,GCAGGACUCUAAACAUUUCCC,1,positive,train,GSE308686,URS000075E772_9606,130
N016110,UCUGGUACUUCCUCUAUCCCA,0,negative,train,GSE279647,URS0000680D17_9606,70
N017018,UCUCUUCUGAUCUUGUGAAGC,0,negative,train,GSE279647,URS000069FA52_9606,43
P067217,ACAGGAGCUAAGAGUGAUGUC,1,positive,train,GSE308686,URS00002E5E66_9606,58
P071290,UUUGAAGGAGCCACUUGGUCC,1,positive,train,GSE308686,URS000062A15C_9606,74
P071812,CCUGCUCUUGGUCCUUGUCAG,1,positive,train,GSE308686,URS000043549A_9606,50
N016258,GUAUAGUGGUGAGCAUAGUUG,0,negative,train,GSE279647,URS000068668E_9606,20
N014488,UUUCUUUAUUCCAUCUUCACU,0,negative,train,GSE279647,URS0000657CF7_9606,66
P070057,UGUCUUCAUCCGGUUGCCUGC,1,positive,train,GSE308686,URS000000D517_9606,84
P066445,AGGUUUUUCAUAGCAUAUCAU,1,positive,train,GSE308686,URS000031F86D_9606,103
P071348,GUGAUGAAAGAUUUGGUCUGU,1,positive,train,GSE308686,URS000075CB76_9606,27
P058225,AGUACACACAAGAAGAAAAGU,1,positive,train,GSE136967,URS000075EAF7_9606,89
P080614,GGAAUAAUUCUGAGUUUUAAA,1,positive,train,GSE279647,URS0000631BD4_9606,74
N083009,GUGUUCACAGUGGCUAAGUUC,0,negative,train,GSE136967,URS0002311075_9606,49
P079586,CAGUGGUGUUUACAACUAAUU,1,positive,train,GSE279647,URS0000717DFB_9606,25
N036634,UGAACGUUUGAAUGUUUGAUA,0,negative,train,GSE308686,URS000008230A_9606,112
P080108,GAGAAAGUUGUGAGUUUUUAU,1,positive,train,GSE279647,URS00006F88C8_9606,72
P074307,CCAGUGAGUUUAACAAAACUU,1,positive,train,GSE308686,URS000075EE49_9606,78
N016314,GGGGGAUGGAGUCUUGCUCUG,0,negative,train,GSE279647,URS0000687D66_9606,88
P070317,CACCUGCUAGGGUGUUCAAAG,1,positive,train,GSE308686,URS00003A960A_9606,43
P072450,CACAUGCACUACCAUCUGAGG,1,positive,train,GSE308686,URS000008DC88_9606,69
N044417,GUCGGCUAGAGCGUGGUGCUA,0,negative,train,GSE308686,URS0000692D68_9606,25
P066813,NNCUUCCCAUUUAUUUGCUGC,1,positive,train,GSE308686,URS00005682D3_9606,9
N002352,GGACUUGCAACACCCUGAUUG,0,negative,train,GSE136967,URS000069D3EA_9606,112
P070898,UGUCCAAAGUAAACGCCCUGA,1,positive,train,GSE308686,URS000075DF1C_9606,67
P075887,NNNGGUAGCGUGGCCGAGUGG,1,positive,train,GSE308686,URS000005AEAB_9606,8
N002963,CCCAUGGUGUAAUGGUUAGCA,0,negative,train,GSE136967,URS000035EE7E_9606,14
N016874,GGUUAUCAGAACUUACUAAUA,0,negative,train,GSE279647,URS0000699390_9606,30
N015988,GCGUUCCAUUUCUUUNNNNNN,0,negative,train,GSE279647,URS000067D376_9606,92
N039511,CCAUUUUCAUCUCUUCUGCAG,0,negative,train,GSE308686,URS00005682D3_9606,109
N017756,GGCAUCUGAAUCAAAUAUUCU,0,negative,train,GSE279647,URS00006B57E0_9606,35
P063629,AUGGGGUUGGCUUGAAACCAG,1,positive,train,GSE308686,URS0000BA5588_9606,29
N029360,GUUUCUUGUGGUUCCAGUAGU,0,negative,train,GSE308686,URS000075B5A7_9606,76
P059985,GUUUGUAGCUUCACGGGCCAA,1,positive,train,GSE136967,URS000063F860_9606,38
P073084,AACUUCUGUUGAAAAAAAAAA,1,positive,train,GSE308686,URS00002524EE_9606,39
N025338,CGUUGCACUUUGUGCUGAUCC,0,negative,train,GSE279647,URS0002312F70_9606,75
P061200,AGCAAGCCUCCAGCGUGCUUG,1,positive,train,GSE136967,URS000033FC0E_9606,12
P076518,GGCUCUGGGUUCGAUCCCCAG,1,positive,train,GSE308686,URS000071ED2F_9606,54
P059873,UUUACCUUCUGUCUUUACAGA,1,positive,train,GSE136967,URS00004640CB_9606,98
N026150,CUACAGCCACACCACCUUGAA,0,negative,train,GSE279647,URS0003171B48_9606,13
N004913,NNNNNNNNNNGGUAGAAUUCC,0,negative,train,GSE136967,URS000075D26F_9606,1
N025766,AGUUGCGAUCUGCCCGACCUU,0,negative,train,GSE279647,URS0002A398C5_9606,753
P064639,CCCCUGCUAGAACCUCCAAAC,1,positive,train,GSE308686,URS0000734D8F_9606,219
P058009,UGAAAUAUAAUGAUAUCACUG,1,positive,train,GSE136967,URS0000507EBE_9606,38
P064898,GCACUCCAGCCUGGGCAACAU,1,positive,train,GSE308686,URS0000A8D543_9606,272
P059561,UAGUGUUGGGUAAACCUUCCU,1,positive,train,GSE136967,URS000062548B_9606,65
P062865,GGGUUCGAGUCCCAUCUGGGG,1,positive,train,GSE136967,URS00003A4B65_9606,61
P059217,GCGUGGGUUCGAAUCCCACCG,1,positive,train,GSE136967,URS00001B506A_9606,66
N003141,CGCGGCGGCUCACGCCUGUAA,0,negative,train,GSE136967,URS0000A7E217_9606,168
P073967,NNNNNNAAUGUGAAGCAAAUG,1,positive,train,GSE308686,URS00006292A1_9606,5
N025140,AUCCUCGUGUGUGACAGAGAG,0,negative,train,GSE279647,URS00022B097C_9606,151
P063460,UCUUAAUGUCCAAUGUCCUUU,1,positive,train,GSE136967,URS000067FCA5_9606,144
P067327,GUAGCUGGUGCUGAGAGAAAA,1,positive,train,GSE308686,URS000022C1CA_9606,57
P061132,GCGAUAAUUGUUUCAAGACGG,1,positive,train,GSE136967,URS00002E0A2C_9606,72
P070177,AGUUAUCUGUUCUCUGAAAUU,1,positive,train,GSE308686,URS00006868E5_9606,113
P059354,UCUAUUUGACAGACCUGGAGC,1,positive,train,GSE136967,URS0000721537_9606,16
N005465,UAGAAAUUUAGGUUAAAUACA,0,negative,train,GSE279647,URS00000428DF_9606,11
P066380,UUCUCCCGUGGCUCAGUCUUA,1,positive,train,GSE308686,URS00005F2496_9606,106
P070404,CCCUGGGCCUGUCAUAGUACC,1,positive,train,GSE308686,URS0000647500_9606,42
P067533,AGAAUGCAGUUUCUCAUUUGC,1,positive,train,GSE308686,URS00004AEC70_9606,31
P061073,CCAUCAUAUAUCAAAAAUGGC,1,positive,train,GSE136967,URS0000704142_9606,61
P064167,GUGUAAAUAGUUCUGAGUAGU,1,positive,train,GSE308686,URS000070F95C_9606,57
P058434,GGGCACAAGCCACCUGAGCGC,1,positive,train,GSE136967,URS000014FF3E_9606,244
N012205,CCAUAGGGCGGAGGGAAGCUC,0,negative,train,GSE279647,URS000061A549_9606,283
P061377,GGGGACCCAGUGUGCGAUGGC,1,positive,train,GSE136967,URS00000D55EA_9606,48
N012614,GUUAAGGAGAGUCUGGCCUGG,0,negative,train,GSE279647,URS000062C3D7_9606,61
N014499,UGGGGCUGGUUAAUACUUGGA,0,negative,train,GSE279647,URS0000657EE8_9606,73
N012350,AGUUAACAGAUUUAUUUGUUC,0,negative,train,GSE279647,URS0000624D17_9606,56
N005241,UCUUUUUACCANNNNNNNNNN,0,negative,train,GSE279647,URS0000013E6C_9606,69
N006199,GCAGGUUCGAGUCCUGCCGCG,0,negative,train,GSE279647,URS00000CC06A_9606,59
P065860,UCAGUGUGUGUUUCUGAGAGU,1,positive,train,GSE308686,URS000075D68F_9606,159
P076805,CACAUUGAUCAUCGACACUUC,1,positive,train,GSE279647,URS0000005270_9606,91
P057899,AAACUCUAUACCGUCAUCUUC,1,positive,train,GSE136967,URS00004219CE_9606,67
N005579,AACUUACACUUAGGAGAUUUC,0,negative,train,GSE279647,URS0000059DA7_9606,39
P066336,NNNNAGCCUUUGUGUUGCCCA,1,positive,train,GSE308686,URS00001BD443_9606,7
P068491,CCUGCAUGUUAGUCUAACGUU,1,positive,train,GSE308686,URS000075B5A7_9606,171
N006412,CGGGUGCUGUAGGCUUUNNNN,0,negative,train,GSE279647,URS00000F9D45_9606,115
N000893,AGGUUGCGGUGCAUGUGAUGA,0,negative,train,GSE136967,URS000075C2C2_9606,12
N056022,GCUUGCUUCUUGCAGGCUCAU,0,negative,train,GSE308686,URS00000B589B_9606,102
N046163,AAAUAAAUGUGGAUUUGGGAA,0,negative,train,GSE308686,URS00000B589B_9606,69
P059334,CUGAUUCCGGAUCAGAAGAUU,1,positive,train,GSE136967,URS00001D909A_9606,38
P061769,GUGUCAGCAGGGACGGGGCCC,1,positive,train,GSE136967,URS00006BA413_9606,183
N024542,UCGGAAGCUAAGCAGGGACGA,0,negative,train,GSE279647,URS0000DA5E3A_9606,45
N022517,NNNNNNNNNNGUUUCCAUAGU,0,negative,train,GSE279647,URS000073ABD7_9606,1
P074266,GUGAUGAUUUUAAAAUUAAAG,1,positive,train,GSE308686,URS00001FCA45_9606,17
N017570,AAUAGGAGCAUGCUCUGUCCA,0,negative,train,GSE279647,URS00006B0107_9606,130
P069745,NNCACCUGUAUUCGAAAGUGA,1,positive,train,GSE308686,URS000075BE5B_9606,9
P082242,GGCCCUGAAGCGCGUACACAC,1,positive,train,GSE279647,URS000044DFF6_9606,826
N012279,CUAAAAUCAAGUGUAGUAUCU,0,negative,train,GSE279647,URS0000623A86_9606,31
N003368,AGGAACCACUGAAGUGCNNNN,0,negative,train,GSE136967,URS00006F0D71_9606,58
P080120,AGAGGAAUAAUUCUGAGUUUU,1,positive,train,GSE279647,URS0000631BD4_9606,71
P062844,UGGCCUAAUGGAUAAGGCAUU,1,positive,train,GSE136967,URS00003A4B65_9606,18
N003594,UAGUCCGCACAAGCUUGUAUC,0,negative,train,GSE136967,URS000054969A_9606,49
P057815,ACCCGCCUACUUUGCGGGAUG,1,positive,train,GSE136967,URS00006ECA78_9606,118
N017550,GUCUUCUCUUCAUCCAGUUGC,0,negative,train,GSE279647,URS00006AFD10_9606,78
N043564,AGAUUCCACUUAAGGUCCGUG,0,negative,train,GSE308686,URS00003DDA12_9606,22
N015279,AGCGCUUUGGAAUGACACGAU,0,negative,train,GSE279647,URS000066C0F7_9606,13
N024646,NNNNNNNCUAAAGACAGGGGU,0,negative,train,GSE279647,URS0000DCCA79_9606,4
N002530,NNNNNNNNNNCUGAGCUGAGG,0,negative,train,GSE136967,URS0000686085_9606,1
P068907,AAAUUCAGUGCCCGUUUCUGU,1,positive,train,GSE308686,URS000072157F_9606,23
N024433,NNNNNNNNGUGGUCUAGUGGU,0,negative,train,GSE279647,URS0000C8E9E9_9606,3
P062646,UUUAUGCUGGAGUUCUUGACG,1,positive,train,GSE136967,URS00003B57B1_9606,50
N017074,AGAUAGAACCCUUGUUCUACU,0,negative,train,GSE279647,URS00006A2B4B_9606,59
N023520,NNNNNNNNNNUAUUGCACAUU,0,negative,train,GSE279647,URS00007E437B_9606,1
N013673,NNNAUGCCCACUUCAGCAGCA,0,negative,train,GSE279647,URS0000646145_9606,8
P070538,UCUCCAGUGGAUUCGAUGGGC,1,positive,train,GSE308686,URS000064B135_9606,48
N025591,NNNNNNNNAUACUUAUGUUUA,0,negative,train,GSE279647,URS0002853ABA_9606,3
P061878,CCAAAAGCUUGGCUAAUGAUG,1,positive,train,GSE136967,URS000066E3F5_9606,50
N018768,CGCUUUUCUCAUGGUCGCGGC,0,negative,train,GSE279647,URS00006CA71A_9606,49
P061439,UGAACACAUAUGCCUCUGAGC,1,positive,train,GSE136967,URS0000467AB5_9606,27
P073576,AUGAAAAUGGCCUUUCUGAAC,1,positive,train,GSE308686,URS0000066733_9606,58
N016946,AGAUUAGAACAUGAUGAUUGG,0,negative,train,GSE279647,URS000069D3EA_9606,54
N019818,CGUAUGAGUCAUAUGCGAUGA,0,negative,train,GSE279647,URS00006E38EC_9606,35
P058707,UUCGAGCCUCACACGGGGCAN,1,positive,train,GSE136967,URS000072890F_9606,64
P063030,CUCACUACUGCACUUGACUAG,1,positive,train,GSE136967,URS0000103047_9606,97
P071969,GAUGUUCUGAUGNNNNNNNNN,1,positive,train,GSE308686,URS00004DF250_9606,69
N003817,UCAUUUAUCCCCAGCCUACAA,0,negative,train,GSE136967,URS000068A4EE_9606,119
N010324,NNNNNNNNNNAGGAAGCUUCU,0,negative,train,GSE279647,URS000043F622_9606,1
N015091,NNNNNNAGCUUUGAGCAGUGG,0,negative,train,GSE279647,URS0000664BA8_9606,5
P070137,UCUGCCAGAGAAACAUUCCAG,1,positive,train,GSE308686,URS00006C8370_9606,60
N026051,UGAGCGCACCCCAUCUCCUCU,0,negative,train,GSE279647,URS000313FDA5_9606,27
N003087,AUGUUUUCCUGAGGAGAUAUA,0,negative,train,GSE136967,URS00003818BD_9606,121
N006519,GGGAAUGAUGAUUUCACAGAC,0,negative,train,GSE279647,URS000011C781_9606,11
P078887,NNNNNNNNNCUUUCCAGCAGU,1,positive,train,GSE279647,URS000000D517_9606,2
P071167,AUUACUCUGAGAUCCAGCGUG,1,positive,train,GSE308686,URS000075EC44_9606,82
N012736,UAACCAUAAGGUUGGUGGUUA,0,negative,train,GSE279647,URS0000630A16_9606,47
N025795,GACAGCGCCGCCGGCCGUGGG,0,negative,train,GSE279647,URS0002A5FEFC_9606,93
P065838,GAGAGCAGCCUUCACUGAAGA,1,positive,train,GSE308686,URS00005C0742_9606,86
P074500,UGGCCAGUCCUGGUGUCUGAG,1,positive,train,GSE308686,URS00003D103A_9606,71
P069941,CAGGAAACAGCCNNNNNNNNN,1,positive,train,GSE308686,URS00000DE3E2_9606,206
P065633,AACAUGCUACAUUAACAAAGG,1,positive,train,GSE308686,URS00005A2612_9606,63
N025308,NGAGAAUAGUCAACGGUCGGC,0,negative,train,GSE279647,URS0002311975_9606,10
P058252,UUCGUAGUUUCCACCAGAAAG,1,positive,train,GSE136967,URS000071EB91_9606,38
N036508,UUAUUUUGGUGCAAUUUUUGG,0,negative,train,GSE308686,URS000075ADBA_9606,114
P063955,AGUGCUUAUAGUGCAGGUAGU,1,positive,train,GSE308686,URS0000507C9B_9606,21
P062751,NNNNAAAAAGGGCUUCUGUCG,1,positive,train,GSE136967,URS000000A142_9606,7
P079290,GCCACGUGCAUACGCACGUAG,1,positive,train,GSE279647,URS0000D5B596_9606,107
N015255,CCUAGGGGUCGUGAGUUCAAA,0,negative,train,GSE279647,URS000066989E_9606,50
N019581,GAUGCUUCCGCUAUCCAAGGA,0,negative,train,GSE279647,URS00006DE490_9606,60
N002858,UUGGAUUUAUGAUGGGCCCGU,0,negative,train,GSE136967,URS000068824B_9606,19
P062679,CCAGCAGUUGUACUGUGGCUG,1,positive,train,GSE136967,URS0000552BBC_9606,28
P077819,AAGCUAUACUAACCCCAGGGU,1,positive,train,GSE279647,URS000044DFF6_9606,218
N003135,ACCAUUGCCUGGCCUCUGUUC,0,negative,train,GSE136967,URS000068824B_9606,90
P069414,UUUGGGGAACUGGGAUGCUUA,1,positive,train,GSE308686,URS00004C8BD1_9606,96
P079755,NNNNNNNNNNUACCUCGGAUG,1,positive,train,GSE279647,URS0000D56E44_9606,1
N017259,AGCGCAAGUGGUAGAGUGCUU,0,negative,train,GSE279647,URS00006A7FD7_9606,19
N008824,NNNNNNCAGAGUGUAGCUUAA,0,negative,train,GSE279647,URS00002D2D8F_9606,5
N017031,GGAAGGAUGCAGAGAAGAUUA,0,negative,train,GSE279647,URS00006A03AA_9606,43
P059593,UUAAGGACAUUGAAGUCGUUA,1,positive,train,GSE136967,URS00006F5B60_9606,96
P058888,AGUUGCCUGCUGUCAGUAAGC,1,positive,train,GSE136967,URS0000679E95_9606,54
P058347,AUACUCCCGAGUGCGCGGUGG,1,positive,train,GSE136967,URS00003941F3_9606,40
P057858,CCCCCUGCUUAAAAUAAAGUU,1,positive,train,GSE136967,URS00006623A0_9606,59
P064792,UGCCUGUAGUCCCAGCUACUC,1,positive,train,GSE308686,URS00000478B7_9606,29
P059870,CAGAUCAGAAGGUUGCGUGUU,1,positive,train,GSE136967,URS00001A72CE_9606,44
P070516,AGCUCUCCAGUGGAUUCGAUG,1,positive,train,GSE308686,URS000064B135_9606,45
N009816,GGUUUGCAUCCAGCUGUGUGA,0,negative,train,GSE279647,URS00003BACA4_9606,35
P062287,GUCUGCGGAUGUCCCUGUGGG,1,positive,train,GSE136967,URS000026935A_9606,38
N024586,NNNNNNCACGGAGAAUUUUGG,0,negative,train,GSE279647,URS0000DC244F_9606,5
N014992,CUUCAUCCACUCCACACAUCG,0,negative,train,GSE279647,URS00006615F7_9606,142
P058548,GAAAAUGAUUGGAUAGAAACU,1,positive,train,GSE136967,URS000068A4EE_9606,88
P076152,GCGAUCCGAGUUCAAAUCUCG,1,positive,train,GSE308686,URS0000415026_9606,53
N003271,GUCUGACAAACNNNNNNNNNN,0,negative,train,GSE136967,URS000034C57A_9606,73
P070952,UGAUUUCUAUUUGUUUGCCUG,1,positive,train,GSE308686,URS000063A91D_9606,22
N018925,CCACCCUGAACGCCCCCGAUC,0,negative,train,GSE279647,URS00006CDFA7_9606,24
N009499,UGGGUUCGAGCCCCAGUGGAA,0,negative,train,GSE279647,URS000038803E_9606,60
N005550,CUCGCACGGACUACAACCACG,0,negative,train,GSE279647,URS0000057FC6_9606,14
N083219,CUCCACGUGGUCCUGACCUGU,0,negative,train,GSE136967,URS00003B6A48_9606,33
N010631,GAGGGCUUUGAAGGCUCUUGG,0,negative,train,GSE279647,URS000047C095_9606,36
N022384,AAUUAAGUCUCCAGUCUCUUU,0,negative,train,GSE279647,URS00007317AF_9606,41
P080604,UCAAGAAAGGGGAGAGUGAAA,1,positive,train,GSE279647,URS0000634EB5_9606,61
P062734,CAACCUGGAAAGACUUUGACA,1,positive,train,GSE136967,URS000002FDBC_9606,72
P072239,NNNNNNNNUGCAGAUGAUGUA,1,positive,train,GSE308686,URS000052FCE0_9606,3
P058799,CCUCUCUGUUCCUAGGAGUGC,1,positive,train,GSE136967,URS0000034D55_9606,116
P080442,GUGAGUUCACCCUCUAAAUCA,1,positive,train,GSE279647,URS000044DFF6_9606,78
N046357,GGACUCGACUCGUGUGCGGAC,0,negative,train,GSE308686,URS000075B5A7_9606,236
N004492,AGUUAAGGAACAUGGNNNNNN,0,negative,train,GSE136967,URS0000018549_9606,131
P074106,UCCCAGAUGAUGGCCAGUGAU,1,positive,train,GSE308686,URS000051B5A1_9606,35
P072856,ACUUGUCAUAGUUACACUGAC,1,positive,train,GSE308686,URS0000010A7C_9606,87
N027059,GUAAUCCCAGCAUUUUGGNNN,0,negative,train,GSE308686,URS000075C9AA_9606,67
N017629,AAAUUAAAGUAAGUCUCCAUA,0,negative,train,GSE279647,URS00006B1FC8_9606,61
N011299,GAGAUGGUGAUGACAUUUUAA,0,negative,train,GSE279647,URS000052FCE0_9606,44
N023370,NNNNUUCGACUCAUUAAAUUA,0,negative,train,GSE279647,URS00007647D4_9606,7
P075112,GCGCAUGCUUUGCAUGUAUGA,1,positive,train,GSE308686,URS0000727FD6_9606,33
P064197,UGGUAUUGCACUUGUCCCGGC,1,positive,train,GSE308686,URS00002B6637_9606,55
N009105,CGGGUUCGAUUCCCGGGCGGC,0,negative,train,GSE279647,URS0000305D7E_9606,58
P060960,CUCGCUUUAGCAGGGCUNNNN,1,positive,train,GSE136967,URS000071EA53_9606,111
P065154,CAGGGGACCUCAUAACCCAAU,1,positive,train,GSE308686,URS000013F331_9606,307
P062884,CGCUGUGAUUGCUCUGUCCAA,1,positive,train,GSE136967,URS000064B8EB_9606,45
P068706,GGCCCCCUCGGCGUCAUGUCU,1,positive,train,GSE308686,URS00000CC074_9606,85
P059921,GGUUCGAAACUGGGCGGAAAC,1,positive,train,GSE136967,URS0000748C4B_9606,62
P064327,GUAGUAGGUUGUAUGGUUUAG,1,positive,train,GSE308686,URS0000031E12_9606,25
P059448,NNNNNNNCCAACGUGGAUACA,1,positive,train,GSE136967,URS00004A4D73_9606,4
P079919,GCCAGCCACCGCGGUCACACG,1,positive,train,GSE279647,URS000044DFF6_9606,252
P064196,GUCCCGGCCUGUUGAGUUUGG,1,positive,train,GSE308686,URS00002B6637_9606,68
N025226,NNNNNNNNNGUGCGGGGCUAG,0,negative,train,GSE279647,URS0002310912_9606,2
P058566,UUUCUCUUCAAAUCGUAUAAA,1,positive,train,GSE136967,URS0000673862_9606,20
N002414,GCAGAUGAUGACACUGUAAAG,0,negative,train,GSE136967,URS000046CCFB_9606,14
N012791,GAACGCACCCGAUCUCGUCUC,0,negative,train,GSE279647,URS0000631CEE_9606,31
P065446,AGAUGGUUCCUGCCGACAGGG,1,positive,train,GSE308686,URS0000180559_9606,83
P058683,GUAAUAGUCAGGACAGGCUAA,1,positive,train,GSE136967,URS00002C6D40_9606,39
P064040,ACAUUGCCAGGGAUUACCACG,1,positive,train,GSE308686,URS0000283D0A_9606,71
P058412,UGUGAUGGAGCCCAUGCGUGU,1,positive,train,GSE136967,URS0000706530_9606,15
N003833,CUGACUUGCUGAGGCUCAGNN,0,negative,train,GSE136967,URS0000686085_9606,70
N019954,ACCUCAGAAGCUACGCAGGGC,0,negative,train,GSE279647,URS00006E9D7F_9606,51
N010226,UCAAGUCUCGGUGGAACCUNN,0,negative,train,GSE279647,URS0000429B3F_9606,64
N083333,AGGGCAUAUGUCUGGUGUGUG,0,negative,train,GSE136967,URS00002E82E5_9606,150
P058869,AUGAUGAAAUCACCCAAAAUA,1,positive,train,GSE136967,URS00006B6C71_9606,13
N001760,GGGCUGAAUGAAAAUGGCCUU,0,negative,train,GSE136967,URS0000691595_9606,52
N037032,UCAGACACUACUGAGGUGGUU,0,negative,train,GSE308686,URS0000656AFD_9606,103
P068901,UCAAGUCAAAUUCAGUGCCCG,1,positive,train,GSE308686,URS000072157F_9606,16
P073387,NNNNNNNNNNUGGAGGUGAUG,1,positive,train,GSE308686,URS0000406CED_9606,1
N003895,GAAGUGGGUUGCACAAUANNN,0,negative,train,GSE136967,URS000068824B_9606,129
N022924,GUCUCAUCCCCUACUAGACUG,0,negative,train,GSE279647,URS000075A13B_9606,41
P075796,NNNNNNNNNGGUAGCGUGGCC,1,positive,train,GSE308686,URS0000120E41_9606,2
P067213,GUAGCUGUUGGUUUCAAACAG,1,positive,train,GSE308686,URS00002E5E66_9606,41
P080445,AUAUACCGCCAUCUUCAGCAA,1,positive,train,GSE279647,URS000044DFF6_9606,619
N016967,GUAGAGCAUCAUCAGACUUUU,0,negative,train,GSE279647,URS000069D6C9_9606,29
P063422,UUUUACGAACUGAACUCUCUC,1,positive,train,GSE136967,URS0000197BB5_9606,23
P076129,ACAUGGCUUUCUCANNNNNNN,1,positive,train,GSE308686,URS00002421CC_9606,56
P059781,GCAGGGGAGAUACCAUGAUCA,1,positive,train,GSE136967,URS000032B6B6_9606,22
P058507,GAUCGGGCUUGUGGUGCCGCU,1,positive,train,GSE136967,URS00000CC074_9606,29
P062249,ACAUUCUCCGGAAUCGCUGUA,1,positive,train,GSE136967,URS0000714052_9606,16
P074483,GCGCAGUGAUGACCCUCAUCU,1,positive,train,GSE308686,URS00002B7232_9606,48
N004827,CGCGCUUUCCCCUGNNNNNNN,0,negative,train,GSE136967,URS00000081EA_9606,161
P061432,UCACAGACCUGUACUGAGCUC,1,positive,train,GSE136967,URS00006B61AB_9606,32
P071316,AAGAAAAGGAUUCUGAGCCUC,1,positive,train,GSE308686,URS000062A15C_9606,48
P064467,ACACUGAGGACUCUGUUCCUC,1,positive,train,GSE308686,URS00026A2211_9606,44
N026466,GGAUGGGAGAAAUUUUAUAAA,0,negative,train,GSE279647,URS00032CD4A4_9606,91
P062245,NNNNNNNUGAUGACAUUCUCC,1,positive,train,GSE136967,URS0000714052_9606,4
N006899,ACAUUCAAAAAAGAGUNNNNN,0,negative,train,GSE279647,URS000015836B_9606,63
N010182,UACAUGCUACAGUCAAGAUGC,0,negative,train,GSE279647,URS000041CB9C_9606,48
P059924,NNNNNNNGUGCAUAUGAUGGA,1,positive,train,GSE136967,URS000020C605_9606,4
N022919,AGUCUAGUAUGUCUCAUCCCC,0,negative,train,GSE279647,URS000075A13B_9606,31
N000862,CAUGGAAGAGCAUAUCCUUGU,0,negative,train,GSE136967,URS000029D639_9606,60
P078350,NNUUUCAUACUUACCUGGCAG,1,positive,train,GSE279647,URS0002A146BA_9606,9
N005536,CAUUUCAUAACUUUGUCAAAG,0,negative,train,GSE279647,URS0000050612_9606,29
P061794,AAAAACAACUAUGAGUUUAUG,1,positive,train,GSE136967,URS000067B2B1_9606,73
N052283,UCCUCUUCUCCCUCCUCCCAG,0,negative,train,GSE308686,URS00006A5378_9606,76
N019331,CAUGCACCGCUCUGAGACCUG,0,negative,train,GSE279647,URS00006D7506_9606,74
N014721,NNNAAGACUGUAGUUUCAGGG,0,negative,train,GSE279647,URS000065E64E_9606,8
N021785,CCGACUACCUCAGUCGGUGGA,0,negative,train,GSE279647,URS00007217B5_9606,13
N010427,CGUAACAUGGUAAGUGUACUG,0,negative,train,GSE279647,URS000044DFF6_9606,924
N025505,GAUAGUGGUCCUCUCCGUGCU,0,negative,train,GSE279647,URS0002335424_9606,39
P061367,UUUGCACGUAUGAGGCCCCGG,1,positive,train,GSE136967,URS00006C8EDF_9606,41
N011528,AGCAGCACGUAAAUAUUGGCG,0,negative,train,GSE279647,URS0000584589_9606,21
P081831,CACACACACGUAUNNNNNNNN,1,positive,train,GSE279647,URS000079BE2A_9606,89
N029474,ACAGAACUAGCAUUAUUUUAC,0,negative,train,GSE308686,URS00004640CB_9606,82
P064189,CAGGGGACACGGGCAAAGACU,1,positive,train,GSE308686,URS00006A5378_9606,26
P060232,GACUAUGUUGAUCUAACUUUU,1,positive,train,GSE136967,URS0000643FAE_9606,52
N036906,ACUCGUGUGCGGACAUUUNNN,0,negative,train,GSE308686,URS000075B5A7_9606,243
N024812,NNNNNNNNNNUUGAUUAGGGU,0,negative,train,GSE279647,URS0000DF4FB1_9606,1
N006883,GUUUAGAUUUAAAUAGUGAUU,0,negative,train,GSE279647,URS0000150A7D_9606,37
N015985,CAUGAGGAUGACACGCAAAUU,0,negative,train,GSE279647,URS000067D376_9606,65
P065696,GGGGUCCCUGUUCUCCUUAGC,1,positive,train,GSE308686,URS000075C168_9606,33
P065108,CGGAGGGAAGCUCAUCAGUGG,1,positive,train,GSE308686,URS000013F331_9606,17
P062889,CUCUGUCCAAAGUAAACGCCC,1,positive,train,GSE136967,URS000064B8EB_9606,56
P064515,CGCACCAACCACACGGGGCUC,1,positive,train,GSE308686,URS00026A2211_9606,242
N005221,UCAACUGAACGCAAAUCAGCC,0,negative,train,GSE279647,URS00000133BF_9606,37
P079661,UAGUAAGAUUACACAUGCAAG,1,positive,train,GSE279647,URS000044DFF6_9606,44
P073104,UUGCUUUUUUCUGAUUNNNNN,1,positive,train,GSE308686,URS000004E6C0_9606,65
P077054,UCUGUUCUUAUCAGUUUAAUA,1,positive,train,GSE279647,URS00006D1C46_9606,49
P076323,GCGAUGGACUGCUAAUCCAUU,1,positive,train,GSE308686,URS00002034DC_9606,34
N019900,UGUUCCUUCUACAUUCCCACU,0,negative,train,GSE279647,URS00006E82D7_9606,70
P058342,GUAAUGCUGCAUACUCCCGAG,1,positive,train,GSE136967,URS00003941F3_9606,30
P067136,GAGCUUGCUAUAGCAAGAAAG,1,positive,train,GSE308686,URS00000F8A5F_9606,56
P071899,GACGAAAAUUCUUACUGAGCA,1,positive,train,GSE308686,URS0000535D45_9606,89
N047220,GGUCUUAAUUAGCUCUAACUG,0,negative,train,GSE308686,URS00006B8984_9606,48
N016962,CCUGAUUGCUCCUGUCUGAUN,0,negative,train,GSE279647,URS000069D3EA_9606,125
N022700,CGUGAGAGAGGGGGUCGAUUC,0,negative,train,GSE279647,URS00007501FD_9606,50
P072632,CUGAAGAAAGCCUGCGUCUGA,1,positive,train,GSE308686,URS00000335D1_9606,54
P061785,GUUUAUGGUUAAAUUUUUUGA,1,positive,train,GSE136967,URS000067B2B1_9606,87
P069542,AGUACUGCCAUUAUCCUGCUG,1,positive,train,GSE308686,URS00002982D8_9606,47
P063918,CCUCUGUUAGUUUUGCAUAGU,1,positive,train,GSE308686,URS0000539083_9606,16
P068988,AGGGUGGAGGCCAGUCUUGGC,1,positive,train,GSE308686,URS00004C6257_9606,29
P060221,AGCUGGGGAUUGUGGGUUCGA,1,positive,train,GSE136967,URS000059900F_9606,48
P066572,GUGGCAGAGAUUAGAGAGGCU,1,positive,train,GSE308686,URS000008230A_9606,65
P064371,CCGGGCUGAGGUAGGAGGUUG,1,positive,train,GSE308686,URS000075DE48_9606,12
P067270,AAAGAAUUGUCUUUCUAUGGU,1,positive,train,GSE308686,URS0000599BEA_9606,68
P057867,GAUCGAUGAUGACUUUUAUAC,1,positive,train,GSE136967,URS00004219CE_9606,12
N004324,AGUAGGUAGCGCGUCAGUCUC,0,negative,train,GSE136967,URS0000145C5E_9606,24
P058906,AUAACCCAGAGGUCGAUGGAU,1,positive,train,GSE136967,URS000030BAD5_9606,44
P082773,CACUGAGAGAUGAAACACAGA,1,positive,train,GSE279647,URS0000569A4A_9606,301
P063826,UGUGCAGAGAUUAUUUUUUAA,1,positive,train,GSE308686,URS0000530EBF_9606,13
P066468,NNNNNGCAUGGCCGAAUACUG,1,positive,train,GSE308686,URS000031F86D_9606,6
N024498,CGGCGGGGCUCGGAGCCGGGC,0,negative,train,GSE279647,URS0000D53CCC_9606,11
P059392,CUGCCUAGGUUGUCUUGUACC,1,positive,train,GSE136967,URS0000AAB145_9606,26
P073136,UGGUUUCGCUGCUGGCUGAGU,1,positive,train,GSE308686,URS000065DBA2_9606,31
P065774,UUCAGUUUCUUCUCAAGGUGA,1,positive,train,GSE308686,URS0000466492_9606,27
P067032,UUCAUCUGUGUCUGGUAGCAG,1,positive,train,GSE308686,URS0000818C5D_9606,38
P062244,CCCUGAAGCGCAUACACACCG,1,positive,train,GSE136967,URS0002869D6B_9606,86
P060670,CAUUCCUCCUAGAAAAAAGGG,1,positive,train,GSE136967,URS000071234F_9606,59
N021896,UUGCUUCCUUUAGUGCCCAGA,0,negative,train,GSE279647,URS0000724753_9606,103
P073661,CUAAGAAGUUCUGAGCUUNNN,1,positive,train,GSE308686,URS0000313FF1_9606,66
N020138,UAAUUGAUCAUGACCAUUAAC,0,negative,train,GSE279647,URS00006EFE5E_9606,41
N003351,GUAAAUGAGCCGCUGCCCCUC,0,negative,train,GSE136967,URS0000EB4911_9606,561
P075401,UCGAUUCCCGGCCAGGGAANN,1,positive,train,GSE308686,URS000064074C_9606,64
P068844,CUGUCCUAUGCAUGGUAGGCA,1,positive,train,GSE308686,URS00001FC3CF_9606,34
N018422,UGAGGGCGUCAAACUUGUGGC,0,negative,train,GSE279647,URS00006C38E6_9606,91
P061582,GUGCUGAAAUCCAGAGGCUGU,1,positive,train,GSE136967,URS00006CCF53_9606,48
P062274,GAUGAUGUCCUUAUCUCACGA,1,positive,train,GSE136967,URS000026935A_9606,15
N018515,UGGUGGUUCGUUCCCACCCCG,0,negative,train,GSE279647,URS00006C6310_9606,59
P066628,AUGGCCUGACAUUANNNNNNN,1,positive,train,GSE308686,URS000075A77B_9606,131
N004399,GUGAAACAUAAGAGUCUGACA,0,negative,train,GSE136967,URS000034C57A_9606,60
N014698,NNNNGCCCUCUUAGUGCAGCU,0,negative,train,GSE279647,URS000065DEBF_9606,7
N003195,GCAAGACUGAGGCNNNNNNNN,0,negative,train,GSE136967,URS0000A90C8C_9606,78
N021831,CCCCUUGCCACCCUUGGAGGG,0,negative,train,GSE279647,URS0000723018_9606,103
N008954,GCAGCGCAAGUAGGUCUACAA,0,negative,train,GSE279647,URS00002EDD4B_9606,88
P064816,NNNNNNNNNGCCGGGCGCGGU,1,positive,train,GSE308686,URS00003ACFC1_9606,2
N009246,AUAAUCAUAUUUACCANNNNN,0,negative,train,GSE279647,URS000032B149_9606,60
P070312,GGUUUUCUUGGCUUUGUGCUU,1,positive,train,GSE308686,URS00003A960A_9606,99
P071228,CAAGCACAUAUCUGAUGAUUC,1,positive,train,GSE308686,URS000075D829_9606,43
N013528,GGUAUGGUCCCAGGGAUCCCA,0,negative,train,GSE279647,URS0000642F53_9606,39
N008731,NNNNNCUUUCUACACAGGUUG,0,negative,train,GSE279647,URS00002B6637_9606,6
N015906,UGAUGACUGGUGGCGUAUGAG,0,negative,train,GSE279647,URS000067B8ED_9606,22
P061457,GGAGGCUGGGGCACAAGAACC,1,positive,train,GSE136967,URS0002869C6B_9606,170
P064966,UGCUAACGCCUGAACAACACA,1,positive,train,GSE308686,URS000075ADBA_9606,69
P065958,CGCACAUGUGUUUAUAAAGAU,1,positive,train,GSE308686,URS000075AAF7_9606,200
P060964,NNNNNNNAAGUGAAAUGAUGG,1,positive,train,GSE136967,URS0000651282_9606,4
N014651,AAAUUCCACUGCAUAAUUUGU,0,negative,train,GSE279647,URS000065A7DE_9606,112
P066273,NNNAGGUGAUUCUUUUUAUAU,1,positive,train,GSE308686,URS0000ABD812_9606,8
P059619,AGAGAGGCUAUGUCUACGCUC,1,positive,train,GSE136967,URS000008230A_9606,77
P060826,ACAAAAUGAGUGACCAAAUCA,1,positive,train,GSE136967,URS000071037B_9606,52
N083056,UCCAGGCAUUUUUCUACCUUU,0,negative,train,GSE136967,URS00008E3A5F_9606,67
P076017,GAAAGAUUGGUGGUUCGAGCC,1,positive,train,GSE308686,URS00006AACBE_9606,52
N031284,CAUGGGAGCUGAAUGUAUGUG,0,negative,train,GSE308686,URS00005ACA64_9606,54
N005768,AAUCAUAUUUANNNNNNNNNN,0,negative,train,GSE279647,URS000008A8CC_9606,61
N008977,AUGAUCACGCCCUCAUAAUCA,0,negative,train,GSE279647,URS00002EDD4B_9606,149
P068183,CUUGGACACAUAGNNNNNNNN,1,positive,train,GSE308686,URS0000438819_9606,133
P074237,AUGUCUGACCUGAAAUGAGCA,1,positive,train,GSE308686,URS00006CFC33_9606,30
N023228,NNNNNNNNNGUGAGUGGGGCU,0,negative,train,GSE279647,URS000075C987_9606,2
P068703,NCCUCCUUUUCUUGGCGGGGA,1,positive,train,GSE308686,URS00000CC074_9606,10
N017558,UAAGAUAGAGUGUAGUAUCUG,0,negative,train,GSE279647,URS00006B0107_9606,32
P059230,AAACCUAUCCCGAAGCUGAUA,1,positive,train,GSE136967,URS00006F8A66_9606,22
P080156,AGACUCAAGCUUACUGCUUCC,1,positive,train,GSE279647,URS0000572B72_9606,40
P068800,CUUCAUCAGUGGCUGGAUAAA,1,positive,train,GSE308686,URS000075E772_9606,107
P060272,CCUGCCCUUAAAUUUGAUACC,1,positive,train,GSE136967,URS00001BD443_9606,93
P072008,UGUACAAAAUCUUGAUUUAAG,1,positive,train,GSE308686,URS000075A742_9606,38
N021881,UCUUGGGCCAUACCACCCGGA,0,negative,train,GSE279647,URS0000724504_9606,12
N008145,GGAGCAGGGCUUAGCUGCUUG,0,negative,train,GSE279647,URS0000233054_9606,15
N005989,CCCUGAGAAUCCAAAAUUCUC,0,negative,train,GSE279647,URS00000A75D2_9606,36
P068452,UCUUGAACUGAGUUCCACUUG,1,positive,train,GSE308686,URS000075B5A7_9606,45
N013722,UAGGGCGCACGCUUAGCAUGC,0,negative,train,GSE279647,URS0000647428_9606,29
P079249,NNNNNNNNNNUGAUGACAUUC,1,positive,train,GSE279647,URS0000714052_9606,1
N019913,NNAGCUUUAUGCAGUGGCAGU,0,negative,train,GSE279647,URS00006E9214_9606,9
N016427,AAUGAUUGGAUAGAAACUAUU,0,negative,train,GSE279647,URS000068A4EE_9606,91
P068318,CCUCGUGGCGCCGGGGGUCAA,1,positive,train,GSE308686,URS0000726F61_9606,39
P058817,GGACAUGACCAUAAAAAAAUU,1,positive,train,GSE136967,URS00004AEC70_9606,55
P060411,GGGUCCGAGAGGUCCCGGGUU,1,positive,train,GSE136967,URS000062C4DE_9606,44
N045295,GCGGGCGCUCUCCAGUCCUUU,0,negative,train,GSE308686,URS00005CCF67_9606,87
N016583,CUUAGAUGGGAGACCACCUGG,0,negative,train,GSE279647,URS000068E17B_9606,79
P060689,UCCGGAUGGAGGCGUGGGUUC,1,positive,train,GSE136967,URS0000735371_9606,57
P065389,AGUUCUAACAGGGUAGUCUGG,1,positive,train,GSE308686,URS00001B2620_9606,45
N013116,NNAUCUAUGGCCAUACCACUC,0,negative,train,GSE279647,URS0000637B64_9606,9
P078303,AAGGUGACCCGCCUACUUUGC,1,positive,train,GSE279647,URS0002A398C5_9606,720
P070504,UCGAUGGGCCAUAGCAAUCCU,1,positive,train,GSE308686,URS000064B135_9606,60
N026014,CUCGGAAGCUAAGCGGGGUCG,0,negative,train,GSE279647,URS000312137C_9606,54
P068383,NNNNNNNNNNUGGUCCAUCCU,1,positive,train,GSE308686,URS00003E7565_9606,1
N008728,UCCCGGGCGGAAACANNNNNN,0,negative,train,GSE279647,URS00002B4CE5_9606,69
P061141,UGAGUGAGAACUCAUAACGUC,1,positive,train,GSE136967,URS00006C9042_9606,63
N043251,UAUUGUGAGACAUUCNNNNNN,0,negative,train,GSE308686,URS00004640CB_9606,133
N005468,CUUGUAGUAUAAACUAAUACA,0,negative,train,GSE279647,URS000004601F_9606,15
N010729,AAAACAGAAAGUGGGUAUAUA,0,negative,train,GSE279647,URS0000488BFE_9606,106
P080061,GGAGUUUUACCCUAACUUGGG,1,positive,train,GSE279647,URS000071BC75_9606,54
P064238,GCUGUUCGUGCAGGUAGUGUG,1,positive,train,GSE308686,URS00000DDD35_9606,27
P066436,ACAGCCAGACACCAUGCAAAA,1,positive,train,GSE308686,URS000031F86D_9606,47
P064601,UCCUCCCUCACCGCUCCAUGU,1,positive,train,GSE308686,URS0000734D8F_9606,102
P073577,UGAAUGAAAAUGGCCUUUCUG,1,positive,train,GSE308686,URS0000066733_9606,55
N004706,NNGCGCCGCUGGUGUAGUGGU,0,negative,train,GSE136967,URS0000502C74_9606,9
P061459,AGCGUGUGCCUGUAGUCCCAG,1,positive,train,GSE136967,URS0002869C7E_9606,141
N024277,NNNNNNNNNNUCCCUGUCCUC,0,negative,train,GSE279647,URS0000B6B6B7_9606,1
N015520,GACAAGGGACACAGAGCUUGU,0,negative,train,GSE279647,URS0000673E8F_9606,89
P073869,UGGUAUCAGGUGAUACAGGCA,1,positive,train,GSE308686,URS00006A5FBC_9606,45
N017103,AGAUACCAUGAUCCUGAAGGU,0,negative,train,GSE279647,URS00006A394C_9606,29
P060010,GCAGCUGCUUCCGCAUAGCUG,1,positive,train,GSE136967,URS00006D2F8D_9606,30
P058266,CGCUAUGAUGAUGGAUUCCAA,1,positive,train,GSE136967,URS000071EB91_9606,12
N000881,NNNNNNNNAGCUUAUCAGUGA,0,negative,train,GSE136967,URS000071E913_9606,3
N003497,AUGACAUUCUCCGGAAUCGCU,0,negative,train,GSE136967,URS0000714052_9606,13
N045415,UGUAGUUGCAUUGCAUGUUCU,0,negative,train,GSE308686,URS00000CBE63_9606,22
P057771,CGCGGUCUGAGUGGUNNNNNN,1,positive,train,GSE136967,URS0000650B1E_9606,213
P065444,UCAGAUUUUCUGUGCGAUGGC,1,positive,train,GSE308686,URS0000180559_9606,116
P059942,UAAUGAUGUUGAUCAAAUGUC,1,positive,train,GSE136967,URS00006CFC33_9606,14
N022106,AGAAAAUUUUUGUGUGUCUGA,0,negative,train,GSE279647,URS0000729A81_9606,62
P068991,AGUGUGCUAUAUCAAUGGCAG,1,positive,train,GSE308686,URS00004C6257_9606,72
P068763,NNNNNNNNNGGGCAUACUCGU,1,positive,train,GSE308686,URS000075E772_9606,2
P069033,UGAUCACGGGCUGCCUGUGCU,1,positive,train,GSE308686,URS0000468B49_9606,27
P062138,AAUUGAAAACUUUUCCCAAUA,1,positive,train,GSE136967,URS00003F07BD_9606,70
P064224,CUCCAAAGUGCUGUUCGUGCA,1,positive,train,GSE308686,URS00000DDD35_9606,18
P067062,ACUCCUAAUGUUUGGUGCUAU,1,positive,train,GSE308686,URS00003818BD_9606,102
P068529,AGUAGUCAAAGAAACAUCCAG,1,positive,train,GSE308686,URS000075B5A7_9606,91
P063988,CAGGUAGUGUUUAGUUAUCUA,1,positive,train,GSE308686,URS0000507C9B_9606,34
P080530,GGUAGUCAAGCUUCCAAGACU,1,positive,train,GSE279647,URS0000D56E44_9606,279
P061059,CCACUUCAUUGGUCCGUGUUU,1,positive,train,GSE136967,URS0000651CAB_9606,27
N083315,UCUGUUGGCCUUCAAUUUAUC,0,negative,train,GSE136967,URS00023473A4_9606,703
P075609,CCGGCCAACGCANNNNNNNNN,1,positive,train,GSE308686,URS0000716B70_9606,71
N015355,UGAAUGAGCCCAAUCUCGCCU,0,negative,train,GSE279647,URS000066FED9_9606,30
N024151,UCGGCAGCACAUAGAGAGGAG,0,negative,train,GSE279647,URS0000AAF39E_9606,20
P059383,AGACUAACGCUGAUGAGCAAU,1,positive,train,GSE136967,URS000050BD61_9606,35
P064401,GGGUAGUGAUUUUACCCUGUU,1,positive,train,GSE308686,URS00004BFD1E_9606,42
N046040,UGCACAAGUAACAUUCNNNNN,0,negative,train,GSE308686,URS000029D639_9606,126
P078382,CCUGAGCUUCGGGGAGGUGAG,1,positive,train,GSE279647,URS0000D5E272_9606,127
P075007,GUGGUGGCCAUUUUUUGUCUA,1,positive,train,GSE308686,URS00004A7003_9606,38
P073332,GAGACUCUGGGUCUGAGUGAN,1,positive,train,GSE308686,URS0000434604_9606,62
N009854,NNNNNNNNNNUAUAUAGUUUA,0,negative,train,GSE279647,URS00003CA7FD_9606,1
P061743,GGAGGGUUCACACCUGUCCCU,1,positive,train,GSE136967,URS00006A1082_9606,100
N012667,GCAGUUAACGCGGGUUCGAUU,0,negative,train,GSE279647,URS000062D4E8_9606,49
N017149,AGAAAUGUGGACUUGGAGAAA,0,negative,train,GSE279647,URS00006A4DC9_9606,71
N047397,ACUGAGGAUCUGAGGAANNNN,0,negative,train,GSE308686,URS00006A65B9_9606,70
P069392,CAGCUUGGAAUAGAAUCUGGC,1,positive,train,GSE308686,URS00004C8BD1_9606,63
N013109,GAACGUGCCUGAUAUCAUCUG,0,negative,train,GSE279647,URS0000637B22_9606,31
P082585,CGUCACAUUUAAGUCAUGUGU,1,positive,train,GSE279647,URS000075D68F_9606,103
P077067,CGCCUGUGAAUAGCCACUGCA,1,positive,train,GSE279647,URS000014C5D2_9606,256
P059410,CUCUUGUGUUGACUACCCCAG,1,positive,train,GSE136967,URS0000AAB145_9606,119
N039145,CCCGGCCACUGAUUAUCGAGG,0,negative,train,GSE308686,URS000023DE4C_9606,396
N024175,UGGAACGACGCAAAGAAGAUU,0,negative,train,GSE279647,URS0000AB03FD_9606,42
P063897,GUAGUUUCCUGUUGUUGGGAU,1,positive,train,GSE308686,URS000075D019_9606,28
N012830,GAACAUCCCUAUCUCAUCUGA,0,negative,train,GSE279647,URS0000632BBF_9606,31
P059063,UGCCAACUUGGGCUAUUUGGA,1,positive,train,GSE136967,URS000063EA00_9606,56
P079318,CAACCUCACCACCUCUUGCUC,1,positive,train,GSE279647,URS000044DFF6_9606,593
P067207,UGCCAAUUCAGUUGGAAGAAA,1,positive,train,GSE308686,URS00002E5E66_9606,120
N025345,CACUCCAGAGGUGCUGAUCCU,0,negative,train,GSE279647,URS0002314685_9606,76
P061505,UGGGUAGAAAGCAUUAUUUUA,1,positive,train,GSE136967,URS0000629234_9606,97
N022374,AGACGUCCUUAGGUUGCUGGU,0,negative,train,GSE279647,URS0000730EC3_9606,64
P057810,GCCCUCAAGGUGACCCGCCUA,1,positive,train,GSE136967,URS00006ECA78_9606,106
N024102,NNNNNNNNNGGGCUUGCUUUG,0,negative,train,GSE279647,URS0000AA647E_9606,2
N017333,UAGCAUGGCCUCUGUGUAAGG,0,negative,train,GSE279647,URS00006A9CAD_9606,61
P063276,AAGUGAUCGUGGGCUGCCUGU,1,positive,train,GSE136967,URS00007168E7_9606,23
P060216,GACUUUAAUUGUCGGAUACCC,1,positive,train,GSE136967,URS000034C57A_9606,22
P061900,NNNNUCGCUGUGAUGAGUGAU,1,positive,train,GSE136967,URS000066E3F5_9606,7
N003854,GACACUCUGAAAUCNNNNNNN,0,negative,train,GSE136967,URS000061A08C_9606,72
N008429,UGCACGAGGCCCCGGGUUCAA,0,negative,train,GSE279647,URS0000282AB2_9606,47
P080270,GUGGCGCAAUGGAUAGCGCAU,1,positive,train,GSE279647,URS0000738059_9606,17
P071518,CAUGAUACUGUAAACGCUUUC,1,positive,train,GSE308686,URS000062539F_9606,46
N024394,UUUCCAUAGCGUAGUAAUUAU,0,negative,train,GSE279647,URS0000C8E9E5_9606,12
P058137,GAUUCCUGGUUUUCACCCAGG,1,positive,train,GSE136967,URS0000639DBE_9606,33
P058792,CCAAGGGGACAUCAGUGCCUC,1,positive,train,GSE136967,URS00004C8BD1_9606,30
P059143,UGAACCUUGUUACGACGUGGG,1,positive,train,GSE136967,URS000064F355_9606,76
P058824,NNNNNNNUGGUCAUUACCAAG,1,positive,train,GSE136967,URS00004AEC70_9606,4
P066592,CUGUGGCUGCCGUGUCACAUC,1,positive,train,GSE308686,URS000008230A_9606,33
P062733,GGAAAGACUUUGACAGCGCAG,1,positive,train,GSE136967,URS000002FDBC_9606,78
P071817,CAGUGAUGACACGAUGACGAG,1,positive,train,GSE308686,URS000043549A_9606,14
N043303,CCAUCCAGAGCAAGGUUAUAG,0,negative,train,GSE308686,URS000033FC0E_9606,108
P061560,UGACGCGGGUGAUGCGAACUG,1,positive,train,GSE136967,URS00006F39E7_9606,50
N026500,UGAGUGGCUGUGCUCCCCUGC,0,negative,train,GSE279647,URS00032F6C61_9606,200
P076073,NNNNNNNGUUUAUGUAGCUUA,1,positive,train,GSE308686,URS00003E8921_9606,4
P060086,GCUGUCUUUGAGCCCCCGCCG,1,positive,train,GSE136967,URS0000A9F116_9606,15
P058193,CUCUGCGUGAUGUGGCAGAAG,1,positive,train,GSE136967,URS0000656AFD_9606,30
N005725,GACUUCUAAUCCAGAGGUUCC,0,negative,train,GSE279647,URS000007E37F_9606,41
P076838,UAUAGUCUUAAUGGCCUCCUC,1,positive,train,GSE279647,URS000233A411_9606,26
P072567,GUUGCAGUGAUGUAAAAUUUC,1,positive,train,GSE308686,URS00003BC8C2_9606,11
P068966,GUGCUAUAUCAAUGGCAGGAU,1,positive,train,GSE308686,URS00004C6257_9606,75
N021761,NNNNNNNNGUCUGGUCCAAAG,0,negative,train,GSE279647,URS0000720B9B_9606,3
P076787,CGGGUCGGAGUUAGCUCAAGC,1,positive,train,GSE308686,URS0000A76E3A_9606,11
N020147,UGGCAGAGGAAAUACCAUGAU,0,negative,train,GSE279647,URS00006F09BC_9606,20
N015238,UUUUUUCUCCCCUUCUCACUA,0,negative,train,GSE279647,URS0000668F7D_9606,83
P061350,GCACCUGACCAGGUCUCUGUU,1,positive,train,GSE136967,URS000063C47F_9606,20
P072244,GAUGAUGUAAAAGAAUAUUUG,1,positive,train,GSE308686,URS000052FCE0_9606,15
N014392,GUCAUUCCCCCUGCUCAAAUU,0,negative,train,GSE279647,URS00006546BC_9606,53
N055953,UGGCGGCCCAGAUUGAAUUGG,0,negative,train,GSE308686,URS000019135F_9606,109
N017191,AACUGGAACGACACAGACAUU,0,negative,train,GSE279647,URS00006A6692_9606,39
N025879,AUGUUGUUAGACAUGGGGGCA,0,negative,train,GSE279647,URS0002EF7A97_9606,21
N057571,CUCAGCGGUUACUUCGCGUGU,0,negative,train,GSE308686,URS000058CD99_9606,23
N010486,UUUCUAAUAUCUUNNNNNNNN,0,negative,train,GSE279647,URS000045E9A2_9606,66
P072392,NNNNGUCAGAUGAUUUGAAUU,1,positive,train,GSE308686,URS000015A7CF_9606,7
N021254,NNNNNNNNNCUUUAUGGCCAU,0,negative,train,GSE279647,URS0000713663_9606,2
P062214,CUUUGCAGCUGAUGAUACAGC,1,positive,train,GSE136967,URS00006B5455_9606,13
P073970,UGACCUGGUAUUGCCAUUGCU,1,positive,train,GSE308686,URS00005D7632_9606,36
P062705,UUCUGCUACUGACAGUAAGUG,1,positive,train,GSE136967,URS0000A98AD5_9606,36
P059626,CUGCCCCUAGAGGCGUUGCAG,1,positive,train,GSE136967,URS000008230A_9606,12
P061850,GUUUUGUUGUCGUUCCCCCUG,1,positive,train,GSE136967,URS00006FE7CD_9606,41
P072924,GUGUCGCUGAUGCCAUCACCG,1,positive,train,GSE308686,URS00002E0EE8_9606,40
N023316,GCAAGAAAAAUGAGGGACUUU,0,negative,train,GSE279647,URS000075E397_9606,27
P069631,CAGCCUGUUGGUUGUAUGGGU,1,positive,train,GSE308686,URS00000D55EA_9606,99
N023339,AGUGGGCACCCGAGAAGCCAU,0,negative,train,GSE279647,URS000075EE47_9606,46
P059650,UCUCUGGACACAUCUACCACU,1,positive,train,GSE136967,URS000064AE5E_9606,145
P075522,UCAAUUCCCGGUCAAGAUANN,1,positive,train,GSE308686,URS0000644222_9606,63
P069193,CUGCUUAAAAUAAAGUUGUUU,1,positive,train,GSE308686,URS00004B4AC7_9606,64
N015606,GGAGACUGACUGGGAAUACCG,0,negative,train,GSE279647,URS00006747C7_9606,96
N022476,GGUGGUCUAGUGGCUAGGAUU,0,negative,train,GSE279647,URS0000739B5B_9606,16
P073114,CUAAGUUCUGANNNNNNNNNN,1,positive,train,GSE308686,URS0000716E7D_9606,64
P071487,UGUGACCACAUUGGGAUGUAU,1,positive,train,GSE308686,URS00008E3980_9606,46
P062640,UUUUUCUCUCUUUUCUAUACU,1,positive,train,GSE136967,URS00003B57B1_9606,71
N007070,NGUUCCACUCUAGCAGCACGU,0,negative,train,GSE279647,URS000017EE98_9606,10
P064389,GUAGUAGAUUGUAUAGUUGUG,1,positive,train,GSE308686,URS00004BFD1E_9606,21
P068097,GCACUAUAUUUAAACCUGUGG,1,positive,train,GSE308686,URS0000018549_9606,12
P059105,UGAGCGUGAUGAUUGGGUGUU,1,positive,train,GSE136967,URS000064F355_9606,27
P071010,NNNNNNNNUGGAUCGAUGAUG,1,positive,train,GSE308686,URS000075A82F_9606,3
N052390,GGCUCCAUACAUGUNNNNNNN,0,negative,train,GSE308686,URS0000180559_9606,134
N018954,GACUACCGGUGGCGUAUGAGU,0,negative,train,GSE279647,URS00006CE133_9606,23
N008608,NNNNNNNNNNCAUAGCCCGGU,0,negative,train,GSE279647,URS0000299AD8_9606,1
P066676,NNNNNNNUGUCCUGGACCUGU,1,positive,train,GSE308686,URS000075A77B_9606,4
N008702,UAGUUUUGACAACAUUCAAAA,0,negative,train,GSE279647,URS00002B3D67_9606,54
N015003,CCCAGUCUUUUCUGAUCUUGG,0,negative,train,GSE279647,URS0000661606_9606,38
P068170,CUGGUUCAUGCCUUGGACACA,1,positive,train,GSE308686,URS0000438819_9606,122
N004708,UUGCCACAAACCCGUAGAUCC,0,negative,train,GSE136967,URS000054969A_9606,15
P063890,CCAGCUGCGCUUGGAUUUCGU,1,positive,train,GSE308686,URS000075BBD9_9606,65
P061956,AGAUCCAAUGGAUUCAUAUCC,1,positive,train,GSE136967,URS00006F940C_9606,46
N019686,UGUGAUCUCAGAAGCUAAACA,0,negative,train,GSE279647,URS00006E06F0_9606,47
P062067,ACGUGUCUGGGCCACUGAGAC,1,positive,train,GSE136967,URS00006A65B9_9606,38
N013030,NNNNNNNNACCUAUAGCCAUA,0,negative,train,GSE279647,URS00006367D8_9606,3
P059109,AUGAUUGGGUGUUCAUACGCU,1,positive,train,GSE136967,URS000064F355_9606,35
N002780,GGAGGGUCCACCCUAUCCCAU,0,negative,train,GSE136967,URS00006EC784_9606,101
N011943,CGAGACCCGCGGGCGCUCUCC,0,negative,train,GSE279647,URS00005CCF67_9606,79
P073108,UUCGGCUGAGUUCGUGAUGGA,1,positive,train,GSE308686,URS000004E6C0_9606,43
N015462,UUAGCAGGGCUNNNNNNNNNN,0,negative,train,GSE279647,URS0000673862_9606,120
P070540,AUCCUGUGAUUUAUGCAUGGA,1,positive,train,GSE308686,URS000064B135_9606,76
P058339,UCGGUAAUGCUGCAUACUCCC,1,positive,train,GSE136967,URS00003941F3_9606,27
P066617,CGUUCUGCCCCGUGAACGUUU,1,positive,train,GSE308686,URS000008230A_9606,100
N019609,CAGAGGGCCUUAAGAAUGGCU,0,negative,train,GSE279647,URS00006DF28D_9606,26
P064907,AUCCCUUGAGUUCAGGAGUUC,1,positive,train,GSE308686,URS0000A8D543_9606,69
P058026,NNNNAACCAAUGAUGUAAUGA,1,positive,train,GSE136967,URS0000507EBE_9606,7
N003812,GUUGGUUAAAGCGCCUGUCUC,0,negative,train,GSE136967,URS000071D869_9606,25
P068793,GUGCUCAUGUCCAGGCAGGGG,1,positive,train,GSE308686,URS000075E772_9606,38
P073187,CUUGGCUGUCUGAGCAANNNN,1,positive,train,GSE308686,URS00006C2FB0_9606,72
N043253,CCAGAGUGAUGCAGCUCCCUG,0,negative,train,GSE308686,URS00006FB8B0_9606,104
N055543,UUGAGUGGUAGUAUAUUUCUC,0,negative,train,GSE308686,URS00005A2612_9606,116
N013389,CGAGGCACGCCCCAGGCAGGG,0,negative,train,GSE279647,URS000063F1A1_9606,40
N024584,NNNNNNNNNNCACGGAGAAUU,0,negative,train,GSE279647,URS0000DC244F_9606,1
P061918,GAAACCGUUUUGAGUUUCAAG,1,positive,train,GSE136967,URS00006729B1_9606,74
P065798,GCUAUCUGCCUCAUAAAGCAA,1,positive,train,GSE308686,URS0000759B0C_9606,52
P066296,AAAGGUCACCAAGAAUAAUUU,1,positive,train,GSE308686,URS0000ABD812_9606,62
P063196,GAACUGCCAUGAGGAAACUGC,1,positive,train,GSE136967,URS00006B7869_9606,43
N013672,NNNNNNNNNAUGCCCACUUCA,0,negative,train,GSE279647,URS0000646145_9606,2
N016571,ACGUGCCUGAUCUCGUGAAGC,0,negative,train,GSE279647,URS000068E17B_9606,33
P073861,NNNUGUGAGAGUGAUGAGUUG,1,positive,train,GSE308686,URS00006A5FBC_9606,8
P073275,NNNGUGUAUGAUGACAACUCG,1,positive,train,GSE308686,URS000029360B_9606,8
P061699,CAGUGAUGAGCAACAUUCACC,1,positive,train,GSE136967,URS00006D7506_9606,16
P062961,AGAAUCUACUGGUCUUGAUUC,1,positive,train,GSE136967,URS0000451E99_9606,71
P070734,ACCGGCUCUGAAAGCUNNNNN,1,positive,train,GSE308686,URS0000446770_9606,67
N020478,NNAUCUAUGACCAUGCUACCC,0,negative,train,GSE279647,URS00006F7C66_9606,9
N056264,AGGAGCUUUCCUACACUCNNN,0,negative,train,GSE308686,URS00005B5A80_9606,129
P059146,CCUUGUUACGACGUGGGCACA,1,positive,train,GSE136967,URS000064F355_9606,80
P070018,UACACUGUUGGAAGAGCAAAC,1,positive,train,GSE308686,URS0000148398_9606,60
P062383,UCGACUCACUGAGAGUAAAAU,1,positive,train,GSE136967,URS0000706C1B_9606,41
P081457,CAACAGUUAAAUCAACAAAAC,1,positive,train,GSE279647,URS000044DFF6_9606,471
N039781,ACCCGUUAGCCUGGCUGUAGC,0,negative,train,GSE308686,URS00003CCCBE_9606,25
P072560,AUGUGAAUCUCUCACUGAAUU,1,positive,train,GSE308686,URS000061A537_9606,19
N015519,CAUUGUGACAAGGGACACAGA,0,negative,train,GSE279647,URS0000673E8F_9606,83
N000661,GAAGAGAGAAUUCACAGAACU,0,negative,train,GSE136967,URS00004640CB_9606,69
N015594,GAAACUAAGCAGGGUGGGGCC,0,negative,train,GSE279647,URS00006747C7_9606,58
P061556,GACUGCUGACGCGGGUGAUGC,1,positive,train,GSE136967,URS00006F39E7_9606,44
N004122,GUGCCAUUCUGCUGUUGCUGU,0,negative,train,GSE136967,URS0000018549_9606,106
P081709,ACUUGGGAUCAUAGUACUGGU,1,positive,train,GSE279647,URS0000818C5D_9606,122
P062237,UCUCUUCUCUGAUAAAUUCUU,1,positive,train,GSE136967,URS0000729A81_9606,39
P070179,GUUCUUCCUGUUGCCUUCAGA,1,positive,train,GSE308686,URS00006868E5_9606,19
N026092,UACUACCCUGAACAUACCCGA,0,negative,train,GSE279647,URS000314C5B4_9606,22
N020935,GGUGGAUUGCUUGGCUUGUGU,0,negative,train,GSE279647,URS0000707DF8_9606,21
P059243,GUCGUGAGUUCGAUCCUCACA,1,positive,train,GSE136967,URS0000145C5E_9606,56
N017953,AUGGAUUUGCAUGAGAAGAAG,0,negative,train,GSE279647,URS00006BA8E0_9606,52
P063526,UGCUAAAAUCGCAGAAACUAG,1,positive,train,GSE308686,URS00006CEBFE_9606,31
P063828,UUUUAAAAGGUCACAAUCAAC,1,positive,train,GSE308686,URS0000530EBF_9606,28
N000775,ACUGUGCUAAANNNNNNNNNN,0,negative,train,GSE136967,URS0000057A7C_9606,27
N018391,UCAGAGCAGGGGGCCCAAAGA,0,negative,train,GSE279647,URS00006C38E6_9606,20
N024385,GGUCGGUUAUCUCAGUUGGUG,0,negative,train,GSE279647,URS0000C8E9E2_9606,11
P066422,UUAAACCCUCUUGGUAGCUUC,1,positive,train,GSE308686,URS00005F2496_9606,19
P081775,ACCCCUGCCGUUUCCCCAAAU,1,positive,train,GSE279647,URS0000162127_9606,95
N021295,UCCUUAGUGCAGUAGGUAGCG,0,negative,train,GSE279647,URS00007142C3_9606,14
N023857,NNNNGAUGGGGUGUGAUAGGU,0,negative,train,GSE279647,URS0000A160DA_9606,7
N000913,AAGGCGUAAAUUAAACGCUUU,0,negative,train,GSE136967,URS00001BD443_9606,62
P072802,CACUUUAGCUCUAGAAUUACU,1,positive,train,GSE308686,URS00000A3335_9606,64
P076710,AGAGCGGAGGACUGUAGAUCC,1,positive,train,GSE308686,URS000074FC25_9606,31
P068094,NNNNNNNNAGCACUAUAUUUA,1,positive,train,GSE308686,URS0000018549_9606,3
N015335,GCAACUGCAGUAUCUGUUCUU,0,negative,train,GSE279647,URS000066D0D9_9606,37
N024568,NNNNNNNCUCCUCAAAGCAAU,0,negative,train,GSE279647,URS0000DC002B_9606,4
P077739,GCGGUACUUAUACAGCAGUAC,1,positive,train,GSE279647,URS00007362AD_9606,37
N036228,GCGGUUACCUCCUCAUGCCGG,0,negative,train,GSE308686,URS0000A76E3A_9606,30
P076116,AAAAUGUUGGUUAUACCCUUC,1,positive,train,GSE308686,URS000006E464_9606,50
N019938,UCGAGCCUCAGAGAGGGCANN,0,negative,train,GSE279647,URS00006E998F_9606,65
N018374,UAAAUGUAGCAUCUAAUUUUA,0,negative,train,GSE279647,URS00006C3578_9606,37
N015518,CCAAUAGGAAUCUGGGGUCAU,0,negative,train,GSE279647,URS0000673E8F_9606,65
N003045,GGGGCCCUCUGAGACCCAUCU,0,negative,train,GSE136967,URS00006BA413_9606,197
P069369,CUUGGAAUAGAAUCUGGCAUG,1,positive,train,GSE308686,URS00004C8BD1_9606,66
N023647,NAAGACUAUACUCUCAAGGAU,0,negative,train,GSE279647,URS0000822206_9606,10
P063774,UCCUCAGCUUUGAGAACUGAA,1,positive,train,GSE308686,URS000075D8A0_9606,21
N023653,ACUUUGAUAGAGUAAAUAAUA,0,negative,train,GSE279647,URS00008282F7_9606,35
N008937,CUGUUGGCUAUUCAGUAUUCC,0,negative,train,GSE279647,URS00002E5E66_9606,90
P068136,CCAUUCUUGGUUACGCUGUAG,1,positive,train,GSE308686,URS0000018549_9606,46
N025025,AGCCCCGGCAGGUUUGAAGCU,0,negative,train,GSE279647,URS00021FCC84_9606,11
N015186,AACACGCCCGAUCUCGUUUGA,0,negative,train,GSE279647,URS0000668495_9606,32
P072622,NNNNNNNNNNAUUCGUGAUGA,1,positive,train,GSE308686,URS00000335D1_9606,1
N045544,GUCUGCGCAGGCCCCAACCUA,0,negative,train,GSE308686,URS0000759B0C_9606,15
N015830,NNNNNNGUGCUCACUUUGGCA,0,negative,train,GSE279647,URS0000679ABC_9606,5
P059767,UGAUCACGAAGGUGGUUUUCC,1,positive,train,GSE136967,URS000032B6B6_9606,37
P074218,GAAAUGAGCAUGUAGACAAAG,1,positive,train,GSE308686,URS00006CFC33_9606,41
P066730,AAACGCCUCAUAGAGUAACUC,1,positive,train,GSE308686,URS0000202A89_9606,60
N023826,NNNNNNAGCUAUCCAUUGGUC,0,negative,train,GSE279647,URS00008F50F1_9606,5
P070316,AAAUUCAGUAUCUGGCAUCGU,1,positive,train,GSE308686,URS00003A960A_9606,77
P067257,CCAGUGCGAAUUGCCAAUUCA,1,positive,train,GSE308686,URS00002E5E66_9606,109
N050229,GCUGGGAGAGGAAUGUCUUGU,0,negative,train,GSE308686,URS000000D517_9606,66
N054482,AGCGAAGAUUAUGAGAUAUGA,0,negative,train,GSE308686,URS00003B57B1_9606,126
P064843,GGUGGCGCGUGCCUGUAGUCC,1,positive,train,GSE308686,URS00003ACFC1_9606,20
P060816,ACCUCAAUACAUGCAUUCCUU,1,positive,train,GSE136967,URS0000196CD1_9606,23
N001802,UGUUGGCAACUACCUUCCUUG,0,negative,train,GSE136967,URS000081501D_9606,62
N005719,UAGUUUAAACAAAACGAAUGA,0,negative,train,GSE279647,URS000007E215_9606,17
N025874,NNNNUGAGAAAGCCAUGUUGU,0,negative,train,GSE279647,URS0002EF7A97_9606,7
P081500,UUCUUCAUUCUUUCUCUCUUU,1,positive,train,GSE279647,URS00008E3A5F_9606,143
P059083,GGAAAAGAAUGACAUGAACAA,1,positive,train,GSE136967,URS00006F0D71_9606,37
P060649,GAUCAUUUCUUCACUUUGACC,1,positive,train,GSE136967,URS00000335D1_9606,24
P065317,GGGUGAUUCUUCCAGUUGCUG,1,positive,train,GSE308686,URS0000569A4A_9606,183
N012788,ACAGCCAUACCACCCUGAACG,0,negative,train,GSE279647,URS0000631CEE_9606,15
P063600,CAUUGUACAGGGCUAUGAAGG,1,positive,train,GSE308686,URS0000561D92_9606,63
P059579,GAGCCUGACCUUGUAGAAUGG,1,positive,train,GSE136967,URS0000406CED_9606,30
P068618,CAGACAGUUAUCCCUUUCUAG,1,positive,train,GSE308686,URS00004C6FD8_9606,14
P059610,CCUUUUAAAACUCAGGCAAAC,1,positive,train,GSE136967,URS00005F1DD0_9606,80
N045529,UAUGAUACUGCAAACAGGANN,0,negative,train,GSE308686,URS000015F227_9606,179
P059840,GUUUUACUUUACUCACAGGAC,1,positive,train,GSE136967,URS0000202A89_9606,85
P060714,UGACUUACAUGGAAUCUCGUU,1,positive,train,GSE136967,URS00004E0FA9_9606,19
N021731,UGUCAAAGCUAAGCCAGGGUU,0,negative,train,GSE279647,URS00007202B6_9606,64
N016762,UCUUUCUCAGCCUUUUGGCUA,0,negative,train,GSE279647,URS0000693E41_9606,13
N020674,AAUACAACUGAUGUGUUUUGU,0,negative,train,GSE279647,URS00006FE7CD_9606,27
N003301,AAAUACAUGAACACCUGAGAA,0,negative,train,GSE136967,URS0000164B86_9606,53
N030419,ACAACACACCCGCAUCAACUA,0,negative,train,GSE308686,URS000075ADBA_9606,82
P074696,UUCAUAUCGUCUGAACCUGUC,1,positive,train,GSE308686,URS000030BA79_9606,34
P080151,GUUGGUCAAUUUCGUGCCAGC,1,positive,train,GSE279647,URS000044DFF6_9606,237
N005739,CCGGCAGAGAUGNNNNNNNNN,0,negative,train,GSE279647,URS000007E37F_9606,73
P062030,UGACAGAUGGCAUUGUCAGCC,1,positive,train,GSE136967,URS000065235D_9606,22
N001054,CGGCUCGGAGGANNNNNNNNN,0,negative,train,GSE136967,URS0000758799_9606,72
N004138,CAUGCAGGAAACAGCCNNNNN,0,negative,train,GSE136967,URS00004A4D73_9606,201
N002861,AUGAUGAGCAAACUGAGCCUC,0,negative,train,GSE136967,URS000068C891_9606,56
P073546,AUGCAAUUUCUGAGAAGGNNN,1,positive,train,GSE308686,URS000075A693_9606,68
P069131,UGUGGGCUAGUUUCAGACAGG,1,positive,train,GSE308686,URS00005D459D_9606,119
N020127,CCUAUGGCCAUACCAUCCUGA,0,negative,train,GSE279647,URS00006EF30C_9606,12
P062393,AAAUGAGGACCUACAAUUCCU,1,positive,train,GSE136967,URS0000706C1B_9606,58
N013036,GCCUGAUCUCGUCUGAUCUCA,0,negative,train,GSE279647,URS00006367D8_9606,37
P072556,CGAAUCCAUGAGCUUUUUAAC,1,positive,train,GSE308686,URS000061A537_9606,53
P065933,AUAAACUGCCUUUUGAUGACC,1,positive,train,GSE308686,URS0000608804_9606,73
P080672,GAGGCACCGCCUGCCCAGUGA,1,positive,train,GSE279647,URS000075CEC3_9606,12
P070887,AACGCCCUGACGCACUGUGGG,1,positive,train,GSE308686,URS000075DF1C_9606,78
P059415,GGCUAACACAGAAGGGUAAAG,1,positive,train,GSE136967,URS00006810EA_9606,44
N022372,AGUAGGAGACGUCCUUAGGUU,0,negative,train,GSE279647,URS0000730EC3_9606,58
N034672,UGUAAAGACUGGGGUGGACCU,0,negative,train,GSE308686,URS00025E358E_9606,119
P073020,UCAACUGCUGAAUGAUAACGG,1,positive,train,GSE308686,URS0000694F71_9606,34
N023170,UCAAUGGCUCAGUAGCCAGUG,0,negative,train,GSE279647,URS000075C381_9606,34
N025768,UGGCAGUCUUGUCGCUGGCUG,0,negative,train,GSE279647,URS0002A398C5_9606,889
P060633,AUUGAUCGUCUGACAUGAUAA,1,positive,train,GSE136967,URS0000313FF1_9606,31
N021136,GAUUAUCAGGGGUAGGUUCAA,0,negative,train,GSE279647,URS00007106A3_9606,47
P074207,AGAUGUACUAUCUGUCUGAUG,1,positive,train,GSE308686,URS000082A21B_9606,55
P063594,AUGUUCCGGGUGUACUGACCC,1,positive,train,GSE308686,URS000069B06F_9606,78
P078038,AAGCGCGUACACACCGCCCGU,1,positive,train,GSE279647,URS000044DFF6_9606,833
N053598,GGUUGCCUGCGCCACUGUUCU,0,negative,train,GSE308686,URS000000D517_9606,95
P065287,CUUGGUGGGCGAUACAGAGUU,1,positive,train,GSE308686,URS0000569A4A_9606,93
P062520,CAGCACAUAUACUAAAAUUGG,1,positive,train,GSE136967,URS000035C796_9606,24
N020093,UCUUAAAGGUCCCUGGUUCAA,0,negative,train,GSE279647,URS00006EEBD6_9606,49
N006541,GAUUAAGGCUCCAGUCUCUUC,0,negative,train,GSE279647,URS0000120E41_9606,41
N056126,UUAGACUUGCCAGAUAACANN,0,negative,train,GSE308686,URS00004C6FD8_9606,121
P072379,GUACAAAAGUUAAUAGCAUGU,1,positive,train,GSE308686,URS000015A7CF_9606,49
P071953,UCAGUUCCUGUUCUAGGAACU,1,positive,train,GSE308686,URS00006BA413_9606,72
N001389,UGAUGAAUUUCAUAGGGCAGA,0,negative,train,GSE136967,URS00006BB86E_9606,34
P060004,UUUCCUUGACGGUCGCCGUUC,1,positive,train,GSE136967,URS00006D2F8D_9606,82
N018724,AGACAGGGUUAGGUCUGGUUA,0,negative,train,GSE279647,URS00006C989E_9606,64
P066868,UUAAAAGCACUCAAUGGGCCU,1,positive,train,GSE308686,URS00004EA987_9606,18
P066922,AGCAUUGCCUGCUCUUCUCCU,1,positive,train,GSE308686,URS000028CE2F_9606,69
P067984,ACAAAGACUUAUGGAUAGGUG,1,positive,train,GSE308686,URS00006607B4_9606,43
N042730,UAUUCCAGUGCGAAUUGCCAA,0,negative,train,GSE308686,URS00002E5E66_9606,105
P068846,GUCAAAUUCAGUACCUGUCCU,1,positive,train,GSE308686,URS00001FC3CF_9606,20
P057871,GAUGACUUUUAUACAUGCAUU,1,positive,train,GSE136967,URS00004219CE_9606,19
N004879,NAGAUACUAUGAUGGUUGCAU,0,negative,train,GSE136967,URS000082A21B_9606,10
N015120,UUAAAACUUCAAUGAUACAAA,0,negative,train,GSE279647,URS0000664E3D_9606,35
P058444,UUGGUGGCCUUGCCUUCAUUU,1,positive,train,GSE136967,URS000014FF3E_9606,155
N020714,UCCAAUCUCGUCUGAUCUCUC,0,negative,train,GSE279647,URS00006FF7E2_9606,38
P070036,AGAGUGGAAUGACUCCUGUGG,1,positive,train,GSE308686,URS0000148398_9606,161
P061365,UUUUCCACUGCUGUUCACAUC,1,positive,train,GSE136967,URS0000A76B4D_9606,29
N026938,GCCAUGUUACGAGCCUUAAGG,0,negative,train,GSE308686,URS00005A3020_9606,81
N021192,CGGCUGUUAACUGAAAGGUUA,0,negative,train,GSE279647,URS0000712B90_9606,40
P061996,UCUCUCGGCUCUGCAUAGUUG,1,positive,train,GSE136967,URS0000210FD6_9606,13
N008424,CUUAGCAUGCACGAGGCCCCG,0,negative,train,GSE279647,URS0000282AB2_9606,40
P067164,CCUAUUCCGGUGUUCUCUCUC,1,positive,train,GSE308686,URS00000F8A5F_9606,82
P059033,UUGUGAGGAGGUCUGACUUGC,1,positive,train,GSE136967,URS0000686085_9606,58
P064618,GUGAGGGCGAUCUGGCUGCGA,1,positive,train,GSE308686,URS0000734D8F_9606,15
N017879,AUCAAUGAUGACCACUGGUGG,0,negative,train,GSE279647,URS00006B8E06_9606,14
P065680,AGGCCAAGAGCAGCCCUCGAG,1,positive,train,GSE308686,URS000075C168_9606,63
N016151,GUCCAAAUGCAAUGGUGUUUA,0,negative,train,GSE279647,URS0000682E4D_9606,16
N019730,UAAGAGCGUGGUGCUGAUAAC,0,negative,train,GSE279647,URS00006E0DAF_9606,30
P062297,CUGUGGGAAUGGCGACAAUGC,1,positive,train,GSE136967,URS000026935A_9606,52
P070978,CCACUUCUGUGAGCUGAGGUC,1,positive,train,GSE308686,URS000075A82F_9606,82
P072273,NNNNUUCCUAUGAUGAGGACC,1,positive,train,GSE308686,URS0000454FD5_9606,7
N037654,UGAUUAGUCAUAAUUAACUGA,0,negative,train,GSE308686,URS0000456F03_9606,56
P063950,NNNGUAGCACUAAAGUGCUUA,1,positive,train,GSE308686,URS0000507C9B_9606,8
P059592,GAGCCUUAAGGACAUUGAAGU,1,positive,train,GSE136967,URS00006F5B60_9606,91
P062444,UGAGGACACAGUGCACCCCAG,1,positive,train,GSE136967,URS00006611EB_9606,50
N026162,AGUCGGACAUGGUUAGUACUU,0,negative,train,GSE279647,URS0003171B48_9606,69
P059881,CUUCUCAUUGAGCUCCUUUCU,1,positive,train,GSE136967,URS00004640CB_9606,13
P071839,NNNNCUUCAGUGAUGACACGA,1,positive,train,GSE308686,URS000043549A_9606,7
N025791,UCUGUAGCACAGCUGGGUCUG,0,negative,train,GSE279647,URS0002A5D42D_9606,935
P064514,UCGGGCAGAGAGUGCCACGUG,1,positive,train,GSE308686,URS00026A2211_9606,96
N026483,UGGGAGAAAUUAUAAGGUUAA,0,negative,train,GSE279647,URS00032DF58C_9606,96
N015592,CUCUGGUCUGUGAAACUAAGC,0,negative,train,GSE279647,URS00006747C7_9606,47
P061051,ACUUAUUGACGGGCGGACAGA,1,positive,train,GSE136967,URS000063F175_9606,23
P073520,UGAAGCCACAUUUAGGUACUG,1,positive,train,GSE308686,URS00004BEE5E_9606,59
P067938,AAAAAAUAAAUCCUCUUUUGC,1,positive,train,GSE308686,URS00002587B6_9606,63
P068042,AAAGAAACUGUUAACACAAAC,1,positive,train,GSE308686,URS0000488BFE_9606,71
P059269,CCUUUGGAUUUACCGUGAAAA,1,positive,train,GSE136967,URS000005BADB_9606,36
N018859,AGUGGGUUACCAGAACUUAAU,0,negative,train,GSE279647,URS00006CC1A3_9606,26
P059703,GAUUUCCCCAAAUGUGGGAAA,1,positive,train,GSE136967,URS000032B6B6_9606,103
N014154,UUAGUACUCUGCGCUGUGGCC,0,negative,train,GSE279647,URS000064FAB6_9606,29
N017656,UGCCCAAGGGUGACACGCAAA,0,negative,train,GSE279647,URS00006B4183_9606,70
P065562,UGCAGCAUGGUACCAGGCAGC,1,positive,train,GSE308686,URS000015F227_9606,59
P072356,NNNNNNNNNNACUCCAUGAUG,1,positive,train,GSE308686,URS000041615F_9606,1
N025871,NNNNNAAACGAAUGAUUUCGA,0,negative,train,GSE279647,URS0002EF0B73_9606,6
P065737,AUAUAGUAGCUUUCUGUUCUU,1,positive,train,GSE308686,URS0000466492_9606,77
P071324,ACAUGCUCUGAGCAGACUAAA,1,positive,train,GSE308686,URS0000759F95_9606,83
P066438,CAUGGCCGAAUACUGUGUUUU,1,positive,train,GSE308686,URS000031F86D_9606,12
P069861,NNNNNCUGCGAAUAUUCUCGC,1,positive,train,GSE308686,URS000042BEC6_9606,6
P068091,CUCCAACUGCAUGCAAGAGCA,1,positive,train,GSE308686,URS000002FDBC_9606,53
P070202,GGAGAGUGCCUAGUAUUCUGC,1,positive,train,GSE308686,URS00003852FE_9606,31
N000019,AAUAUUAAAACAAAAGCCAUG,0,negative,train,GSE136967,URS000021BC29_9606,98
N019202,NNNNNNNNNGCAUAGGUGGUU,0,negative,train,GSE279647,URS00006D4584_9606,2
N005793,UGAAAUCCAAUGGGGUCUCCC,0,negative,train,GSE279647,URS0000092302_9606,44
P057984,ACAGGCUGUGUUCUUACACUG,1,positive,train,GSE136967,URS00004F2BDE_9606,29
N017588,UCCUGCCGACAGGGUCUGUAU,0,negative,train,GSE279647,URS00006B01A6_9606,90
N017964,NNNNCAGUGUUACAGCUCUUU,0,negative,train,GSE279647,URS00006BACE6_9606,7
N019587,UCUGUUAAAUGGAUUUUUGGA,0,negative,train,GSE279647,URS00006DE490_9606,84
P061862,UGACCUAAAGUAAAUUCCCGG,1,positive,train,GSE136967,URS000015F227_9606,87
N020246,GAGAAGAUUAGUAUGACCCCU,0,negative,train,GSE279647,URS00006F16DA_9606,54
N022871,NNNNNNUGAGGUCUGCGCAGG,0,negative,train,GSE279647,URS0000759B0C_9606,5
N027337,GCAACAUAGCGAGACCCCGUC,0,negative,train,GSE308686,URS00003ACFC1_9606,286
P073399,UUCUGAGCAGCNNNNNNNNNN,1,positive,train,GSE308686,URS000005BADB_9606,65
N017070,CAAGUGUAGAAAUCCAUGAAC,0,negative,train,GSE279647,URS00006A2000_9606,38
N043017,CAAUAACGCAGGGAGAGGAAU,0,negative,train,GSE308686,URS0000468B49_9606,56
N028708,CUUGGUAAAACUGAUGCCGGA,0,negative,train,GSE308686,URS00005F7BA1_9606,76
P060953,UAAUUUUUUGAGGUCUCGCUU,1,positive,train,GSE136967,URS000071EA53_9606,97
P060491,UGGGUUUGGAUUUAUGACAGG,1,positive,train,GSE136967,URS0000647500_9606,14
N019267,GACACCAUGAUCACAAAGGUG,0,negative,train,GSE279647,URS00006D6113_9606,30
N020857,AGUCGAGGACAGCUUCCCUUU,0,negative,train,GSE279647,URS00007041A9_9606,26
P070977,AUCGAUGAUGACUUUAAAAUG,1,positive,train,GSE308686,URS000075A82F_9606,14
P067239,CCUGAAUCAAGACCAAUGGUU,1,positive,train,GSE308686,URS00002E5E66_9606,16
N001849,UGCCUUCAUUUCUGGUGCUGC,0,negative,train,GSE136967,URS000014FF3E_9606,165
N083177,UUUUGCGGAGUCAAACAAUUN,0,negative,train,GSE136967,URS0000704142_9606,139
N004998,NAGAAAUAUGUCUGAUAAAAG,0,negative,train,GSE279647,URS00000012EC_9606,10
P060990,AAACUUUUACGGAUCUGGCUU,1,positive,train,GSE136967,URS00002524EE_9606,58
N017616,GCUGGUCAAAGCGCCUGUCUA,0,negative,train,GSE279647,URS00006B0F93_9606,25
N007777,NNNNNNUAUAGUUUAACCAAA,0,negative,train,GSE279647,URS00002015A1_9606,5
P082453,GGCGUCUGGCACUGGUGCAAG,1,positive,train,GSE279647,URS000000D517_9606,120
P074514,ACUUUUUGCCGUUUACCCAGC,1,positive,train,GSE308686,URS000075BEB6_9606,29
N019626,GAUCUCAUCUGACCUCGGAAG,0,negative,train,GSE279647,URS00006DFAFA_9606,35
P076147,AGGGGUAUGAUUCUCGCUUCG,1,positive,train,GSE308686,URS00006744D5_9606,24
N024752,NNNCUUAACACAAAGCACCCA,0,negative,train,GSE279647,URS0000DDF06A_9606,8
P067584,CUUUGGGACAUUAAAAUGGGC,1,positive,train,GSE308686,URS000061AA47_9606,63
N012613,GAAGUUAAGGAGAGUCUGGCC,0,negative,train,GSE279647,URS000062C3D7_9606,58
N005492,UGAAAACCUUUUUCCAAGGAC,0,negative,train,GSE279647,URS000004601F_9606,56
P070776,UUCUGAGCCAGNNNNNNNNNN,1,positive,train,GSE308686,URS000075CFA2_9606,88
P064546,CGGACCUCGGGCAGAGAGUGC,1,positive,train,GSE308686,URS00026A2211_9606,90
P076666,ACGUCGGGGUCANNNNNNNNN,1,positive,train,GSE308686,URS00001618FC_9606,71
P061532,GCUGUGAUGACAUUCCAAUUA,1,positive,train,GSE136967,URS00006F39E7_9606,11
P075601,CAAGCAGUUGACCCGGGUUCG,1,positive,train,GSE308686,URS000034AAC2_9606,46
N004945,UAACGACUUGUUAUAACUGGG,0,negative,train,GSE136967,URS0000013F57_9606,78
P064345,AUAGUUUUAGGGCAGGGAUUU,1,positive,train,GSE308686,URS000075B243_9606,34
N015374,UCUGAUGGUGGUGGGUUAUGA,0,negative,train,GSE279647,URS0000670DF5_9606,17
N016348,GAUGGGAUUCCGCCUGGUAAU,0,negative,train,GSE279647,URS000068881D_9606,92
P061775,GAUGAUGUUCCAGUUGAGACU,1,positive,train,GSE136967,URS000062A15C_9606,26
P068110,AAACCUGUGGAUGGGAAUAUU,1,positive,train,GSE308686,URS0000018549_9606,23
P076226,GGCCUAAUGGAUAAGGCGUCU,1,positive,train,GSE308686,URS00001F9D54_9606,19
P068895,GCCCGUUUCUGUCAUAGCGGG,1,positive,train,GSE308686,URS000072157F_9606,32
N000638,AUGAUGAUUUUUACACUUAUU,0,negative,train,GSE136967,URS0000653FA4_9606,19
N030575,AAGGGAGAUGAUUGGGUAGAA,0,negative,train,GSE308686,URS000061AA47_9606,85
P081199,AGAGCGGAGGACUGUAGGCUC,1,positive,train,GSE279647,URS0000758799_9606,31
P074498,UAUACAGGCCUCUGCUAUGGG,1,positive,train,GSE308686,URS00003D103A_9606,45
N005497,UUUUCCAAGGACNNNNNNNNN,0,negative,train,GSE279647,URS000004601F_9606,65
N019767,AAUAUUGAGCCACUGUAAAUU,0,negative,train,GSE279647,URS00006E18F8_9606,76
P081803,CUGGCACUGGUGCAAGACAGA,1,positive,train,GSE279647,URS000000D517_9606,125
P079722,CGGGCCUGACAACACGCAUAC,1,positive,train,GSE279647,URS00006C0FA0_9606,69
P060798,UUGUCCUGGCCUAUUUUUCUG,1,positive,train,GSE136967,URS00006C9D52_9606,11
P082524,ACCUCCCUCCUGUCUGUGGCG,1,positive,train,GSE279647,URS000075EE28_9606,53
P066247,UUAACCACACGGGUCCAGUGU,1,positive,train,GSE308686,URS0000034D55_9606,27
P070410,CCUGUCAUAGUACCCCAUGCC,1,positive,train,GSE308686,URS0000647500_9606,49
P058041,ACUUAUUAACAUUAGUGUCAC,1,positive,train,GSE136967,URS0000007D24_9606,40
P060700,UUUCAGAGAUGACACCUUUCU,1,positive,train,GSE136967,URS000065DBA2_9606,51
P076479,CGCUGGGGCCUNNNNNNNNNN,1,positive,train,GSE308686,URS000021550A_9606,73
P063930,GAUAUUCUGCUGUGCAAAUCC,1,positive,train,GSE308686,URS00003BACA4_9606,54
P072685,UUUUAGGCUGAGGAANNNNNN,1,positive,train,GSE308686,URS00003640C3_9606,67
P060933,GAACACCUCAGACUUUUUAAA,1,positive,train,GSE136967,URS000071EA53_9606,75
N024156,GAGAGGAGAUUAGCGUGGCCC,0,negative,train,GSE279647,URS0000AAF39E_9606,33
P075804,CAGACUCAAGUUCUGGUCUCC,1,positive,train,GSE308686,URS0000747665_9606,39
N023780,GUAUCUGUUUGGGAAGGGAGA,0,negative,train,GSE279647,URS00008E3A3C_9606,52
N006957,AGUAACAGGUGUGAGCAUUCU,0,negative,train,GSE279647,URS000015F227_9606,137
P062692,UUCGAAUCCCACCGCUGCCAN,1,positive,train,GSE136967,URS0000120E41_9606,73
N007356,AAUCACCUCGGGGCUNNNNNN,0,negative,train,GSE279647,URS00001BEC46_9606,62
N008307,AGGUAGUGAUAUGUGCAUCUA,0,negative,train,GSE279647,URS0000259C2E_9606,29
N010392,CCGCAGCAACCUCGGUUCGAA,0,negative,train,GSE279647,URS000044BAE3_9606,48
N016930,UUGGUACAAUACAGAGAAGAU,0,negative,train,GSE279647,URS000069C4A6_9606,41
P070263,UCUGCGACAGUGNNNNNNNNN,1,positive,train,GSE308686,URS00003852FE_9606,138
N008062,UUCAGCAACACAUAUACUAAA,0,negative,train,GSE279647,URS0000226787_9606,19
N083221,GCUGGCUAAGUCUGAUCGUUC,0,negative,train,GSE136967,URS0000648DBA_9606,120
N028668,CACCAAGAUCGCUGAUGCANN,0,negative,train,GSE308686,URS000052FCE0_9606,67
N010511,ACACAUAUGCCUCUGAGCUGC,0,negative,train,GSE279647,URS0000467AB5_9606,30
P071635,UUAUGUUGGCCAGUUCUUCCU,1,positive,train,GSE308686,URS0000080E9E_9606,66
P077494,NNNNNNNNNCUACCAAAAGUU,1,positive,train,GSE279647,URS000063EA00_9606,2
N004717,UGAGCACUGAAGGGGGUUGCA,0,negative,train,GSE136967,URS000072D77E_9606,122
N014495,UGUCGGAAGUUUAGCAGGACU,0,negative,train,GSE279647,URS0000657EE8_9606,53
N004272,CCAAAACAUUCGCGGUUUCCA,0,negative,train,GSE136967,URS000081501D_9606,28
P065587,GUUGAGCCUGCCAAGUUGUGG,1,positive,train,GSE308686,URS000015F227_9606,37
N004352,GAAUUAGCUCAAGUGGUAGAG,0,negative,train,GSE136967,URS00006E0E1A_9606,14
N000890,NNNAAGGUUGCGGUGCAUGUG,0,negative,train,GSE136967,URS000075C2C2_9606,8
N007415,UGGGAUUUGCUUCCUGUCACA,0,negative,train,GSE279647,URS00001CC864_9606,33
P072169,NNNNNNNNGCUGAAUGAUGAU,1,positive,train,GSE308686,URS00002E0A2C_9606,3
P075425,NNNNNNNNNGCCGAAAUAGCU,1,positive,train,GSE308686,URS000029CCC5_9606,2
N023654,AUAGGAGCUUAAACCCCCUUA,0,negative,train,GSE279647,URS00008282F7_9606,53
P075650,UAACACCAAGGUCGCGGGCUC,1,positive,train,GSE308686,URS00006E0DAF_9606,47
N053057,AGAAUGGCUAUAACAAAUNNN,0,negative,train,GSE308686,URS00005A3020_9606,126
P060255,CAGAUGCCCACGUGGGCACUG,1,positive,train,GSE136967,URS00006561BE_9606,42
N002782,UUGUCCCCGUGUUUGGAGGGU,0,negative,train,GSE136967,URS00006EC784_9606,87
P079100,UACGGUUAAGGCAUUGCCACC,1,positive,train,GSE279647,URS00006C0FA0_9606,87
N023757,GUAUCCUCAGCUUUGAGAACU,0,negative,train,GSE279647,URS00008516C5_9606,106
N008181,UGGGGUGUGAUAGGUGGCACG,0,negative,train,GSE279647,URS00002337B8_9606,16
P061356,NNNNCCCGCCACUGCACCUGA,1,positive,train,GSE136967,URS000063C47F_9606,7
P063811,NNNNNNNNNGUCAGAAUAAUG,1,positive,train,GSE308686,URS000032AA22_9606,2
N026133,AUCUUGUAAAGCUAAGCAGGG,0,negative,train,GSE279647,URS000316ED4B_9606,54
P073512,CUAUGAUGAUUUUAUCAAAAU,1,positive,train,GSE308686,URS00004BEE5E_9606,15
N004437,AAGUUCUGAUCCAGNNNNNNN,0,negative,train,GSE136967,URS000053D4AB_9606,77
N010326,UGCUCCGUCGCCCCAGUGUUC,0,negative,train,GSE279647,URS000043F622_9606,30
N006262,UAUAGUUCAAACAAAACGAAU,0,negative,train,GSE279647,URS00000D3DDE_9606,15
P066623,UCGGGAACCAGUGGGCACUGA,1,positive,train,GSE308686,URS000075A77B_9606,101
N026594,AUCUCGCCUGAUCUUUGAAGC,0,negative,train,GSE279647,URS000339048A_9606,42
P075074,AUUAGCUCAGGCGGUAGAGCG,1,positive,train,GSE308686,URS0000643F30_9606,16
P059401,ACACUGCUGGGAGAACAGCAG,1,positive,train,GSE136967,URS0000AAB145_9606,59
P067733,GUGCUGAGAGAAAACCUUUGU,1,positive,train,GSE308686,URS000037D7AE_9606,64
N018029,UACUGUGGAAUCUGAAGACAC,0,negative,train,GSE279647,URS00006BB86E_9606,91
N023498,NNNNNNNNNCUAAAGUGCUUA,0,negative,train,GSE279647,URS00007E3FC3_9606,2
N001844,GCCCCUAGUUCCUGGCAGCAG,0,negative,train,GSE136967,URS000014FF3E_9606,184
P063771,AUCGGUCAGGUCNNNNNNNNN,1,positive,train,GSE308686,URS000075E379_9606,81
P072036,NNNNUUCAGAUUUUGGUUGAA,1,positive,train,GSE308686,URS000075A742_9606,7
P060784,GUGCAUGCACGUGUAUGUCUG,1,positive,train,GSE136967,URS00008E3964_9606,91
P061419,GUCAGAAGCGAUAACUGACGA,1,positive,train,GSE136967,URS00003B08B2_9606,42
N001480,ACCUGCUUUCUUUUAUGUGAG,0,negative,train,GSE136967,URS000033A30E_9606,26
N005706,CUGAGGUGAUUUUCAUAUUGA,0,negative,train,GSE279647,URS000007C458_9606,15
P058456,GAAAUCUUAGUGGUAGUACCU,1,positive,train,GSE136967,URS000014FF3E_9606,96
N015734,CAAGCCUCAACCAUUGCACUC,0,negative,train,GSE279647,URS00006770DF_9606,60
P057941,UGGCUAGGAUUCGGCGCUUUC,1,positive,train,GSE136967,URS000064074C_9606,26
N002501,NNNNNNACGCGCUGUCUUUGA,0,negative,train,GSE136967,URS0000A9F116_9606,5
P062220,UUCCCCAUCAGAUCGACCCUG,1,positive,train,GSE136967,URS00006B5455_9606,38
P058843,CGUUGAUGAGGCUCAGAGUGA,1,positive,train,GSE136967,URS000054DD16_9606,17
N036730,UCUUUGGAUCCUGUCUGGAGU,0,negative,train,GSE308686,URS00006810EA_9606,105
P057747,UAUUGGGGAGUGAGAGGGAGA,1,positive,train,GSE136967,URS0000650B1E_9606,189
N016568,UACUACCAGGAACGUGCCUGA,0,negative,train,GSE279647,URS000068E17B_9606,22
P074818,NNNNNNNCAGGCUGUGAUGAU,1,positive,train,GSE308686,URS00005ACA64_9606,4
P065463,GUCACACACAUUAAAACAGAU,1,positive,train,GSE308686,URS0000180559_9606,66
N021178,GGGUGCAGCCUUGUACCAGGC,0,negative,train,GSE279647,URS0000712A75_9606,56
P061682,GCCAAGGUCGCGGGUUCGAUC,1,positive,train,GSE136967,URS0000610FFE_9606,51
P081219,CUACCGGUAAGAAUGGUUGGU,1,positive,train,GSE279647,URS00006BA413_9606,164
N003396,AUUACUCUGAGACCUUNNNNN,0,negative,train,GSE136967,URS00000A3335_9606,79
N023656,NNNNNNNNNNUUCUUAUUGAG,0,negative,train,GSE279647,URS000082FD13_9606,1
P072099,AGGAGGUCUGACUUGCUGAGG,1,positive,train,GSE308686,URS0000ABD829_9606,64
P078098,UAAUGUGAGACGAAUUUUUGA,1,positive,train,GSE279647,URS0002A398C5_9606,680
P067757,AGGUCCUCCCUCAGGCUGUGG,1,positive,train,GSE308686,URS000037D7AE_9606,24
P061383,GGAAAAACAAAGUCGUUUUCU,1,positive,train,GSE136967,URS0000759B0C_9606,92
N013800,NUGGACCAAUGAUGACAAAUG,0,negative,train,GSE279647,URS000064A1E7_9606,10
P058488,GCAGCUUCCCUGUUCUGUUAA,1,positive,train,GSE136967,URS000061AA47_9606,37
P072004,UGAAAUAUGAUGAGUGUACAA,1,positive,train,GSE308686,URS000075A742_9606,24
P059289,CCGUGGCAGUCUCCCUUCCUA,1,positive,train,GSE136967,URS000029D639_9606,37
N019585,GACAAUCUGUUAAAUGGAUUU,0,negative,train,GSE279647,URS00006DE490_9606,79
N012558,AGCAGGGUCAGGCCUGGUUAG,0,negative,train,GSE279647,URS000062A50C_9606,67
P071955,UGCUUGUGUGUUGGCAGGCUA,1,positive,train,GSE308686,URS00006BA413_9606,146
P059192,NNNNNNNGGUGCAAAUGAUGC,1,positive,train,GSE136967,URS0000692106_9606,4
P068422,GUUUCGCUUGUGGACCAGAGC,1,positive,train,GSE308686,URS00003E7565_9606,53
P059399,CCUAGGCAAGUGUUACACUGC,1,positive,train,GSE136967,URS0000AAB145_9606,45
N026791,AGUGGCUCACGCCUGUAAUCC,0,negative,train,GSE308686,URS000075C9AA_9606,53
P069855,CGGGAAAGGUUGCUGUGUUUG,1,positive,train,GSE308686,URS00005B5A80_9606,79
N020806,AUCUUGAAGAUAAUGCACCUG,0,negative,train,GSE279647,URS0000703254_9606,22
P073465,UGAAAGAAAACUAUUCUGAGC,1,positive,train,GSE308686,URS000075DF00_9606,67
N020721,UAAGUAGGGUCAGGCCUGGUU,0,negative,train,GSE279647,URS00006FF7E2_9606,64
N014933,GGUGUCUGAAUCAACACUUUU,0,negative,train,GSE279647,URS0000661285_9606,36
P066434,GUCUUCCCUUUAGAAUGACUG,1,positive,train,GSE308686,URS000031F86D_9606,71
P071478,UGUAUUCGUACUGUCUGAUGG,1,positive,train,GSE308686,URS00008E3980_9606,62
N008676,ACUUGUGAUGUUUACCGUUUA,0,negative,train,GSE279647,URS00002A66E1_9606,39
N012411,AAGCACAUAUCCCUCCCCAGU,0,negative,train,GSE279647,URS00006276F4_9606,83
N013178,AACCAAGUAGAGCUGGGCCUG,0,negative,train,GSE279647,URS0000638337_9606,60
P068218,NNNNNNNNNUGUCCCUGACCU,1,positive,train,GSE308686,URS0000438819_9606,2
P071237,AUGUGGUAAUUUCCAAGCACA,1,positive,train,GSE308686,URS000075D829_9606,30
P060501,UGUUGGUCUCAGUCAGUGGUG,1,positive,train,GSE136967,URS0000A8C404_9606,118
N001388,UAGGGCAGAUUCUGAGGUGAA,0,negative,train,GSE136967,URS00006BB86E_9606,46
P063597,AUGCUGGUGGUUGGCACUCCU,1,positive,train,GSE308686,URS00004B92A1_9606,12
P059369,CAGAUGAUUUGAAUUGAUAAG,1,positive,train,GSE136967,URS000015A7CF_9606,13
P081130,AGAUCACCCCCUCCCCAAUAA,1,positive,train,GSE279647,URS000044DFF6_9606,313
N027535,ACCGCUCUGAGACCUNNNNNN,0,negative,train,GSE308686,URS000050B350_9606,78
N013842,NNNNNNUCCUCAUCAGUAUAG,0,negative,train,GSE279647,URS000064A807_9606,5
N026349,NNUUAUCAACCAUACCACCCU,0,negative,train,GSE279647,URS000325852A_9606,9
N014526,AUAUAUCCUCUGUCCGAGGAC,0,negative,train,GSE279647,URS0000658797_9606,74
N026416,CACCUGUUCUCGUCUGAUCUC,0,negative,train,GSE279647,URS00032B2B1D_9606,36
P071246,GACAAUGAUGUUUUAUUUCCA,1,positive,train,GSE308686,URS000075AF9C_9606,18
N004763,UAUUUGUGGAAAUUCUGACUU,0,negative,train,GSE136967,URS0000A9FA53_9606,59
P069511,AUUUGGAGGUUCCACAACUNN,1,positive,train,GSE308686,URS00005357F7_9606,125
N015733,CAGGAGUUACCAUGAUCACGA,0,negative,train,GSE279647,URS00006770DF_9606,23
N018508,AUCUGGGGCCAGCUUGCUCUC,0,negative,train,GSE279647,URS00006C5E80_9606,91
N083049,GUUAGGCGAGUGCGUGCGCCC,0,negative,train,GSE136967,URS0000EB4911_9606,176
P080990,CGAAAGUUUAACUAAGCUAUA,1,positive,train,GSE279647,URS000044DFF6_9606,205
P077604,ACUUGCGGCCCCGGGUUCCUC,1,positive,train,GSE279647,URS0000005270_9606,118
P058174,AUUCAACACAUCAUUCUGAAA,1,positive,train,GSE136967,URS00005BBB0D_9606,28
N022993,GUGUUCCGGAUGUGCUGACCU,0,negative,train,GSE279647,URS000075AD80_9606,81
N017370,GUCCAAGUGUAGUGGUGUUUA,0,negative,train,GSE279647,URS00006A9EAD_9606,16
N004190,AGCAUGAUGAAGUAAAGCUCA,0,negative,train,GSE136967,URS00006A82CA_9606,37
P058453,GUAGUACCUGAGCCAUGACUC,1,positive,train,GSE136967,URS000014FF3E_9606,108
N024694,NNNNNNNNNAUUUCAACUUAA,0,negative,train,GSE279647,URS0000DD854E_9606,2
N026235,AAGCUAAGCAAGGUCGGCCCU,0,negative,train,GSE279647,URS00031AF2BB_9606,59
P082082,NNNNNCUGUCACUCCACUCCC,1,positive,train,GSE279647,URS000234534F_9606,6
N003434,CAUGAUGAUUGGAGAUGCAUG,0,negative,train,GSE136967,URS000069D3EA_9606,63
P067758,UGCCAGUGGCAGCUGUCAUUC,1,positive,train,GSE308686,URS000037D7AE_9606,107
N005218,AACCCCACUCUGCAUCAACUG,0,negative,train,GSE279647,URS00000133BF_9606,23
N019981,UGAAUGUGGAAGCUAAGCAGG,0,negative,train,GSE279647,URS00006EAA8D_9606,44
N013685,CCGAUCUCCUCUGAUCUUGGA,0,negative,train,GSE279647,URS00006464AF_9606,39
N008583,CCAUUAUCCUGCUGAAAGAAA,0,negative,train,GSE279647,URS00002982D8_9606,54
N022890,AUAAAGCAAAGUGGAGGGUUU,0,negative,train,GSE279647,URS0000759B0C_9606,64
P064422,AGUAGUUUGUACAGUUUGAGG,1,positive,train,GSE308686,URS00003DBD40_9606,21
N016788,UGGCUCGAUUUCCUGGGGGGU,0,negative,train,GSE279647,URS0000696CDC_9606,11
N006639,GGCUGAGGCUUAUUCAUUGUA,0,negative,train,GSE279647,URS000012964C_9606,61
P072927,NNNAGUGAUGAUGACCCCAGG,1,positive,train,GSE308686,URS00002E0EE8_9606,8
P074038,CACUACCACUGAGACAACANN,1,positive,train,GSE308686,URS0000ABD8C9_9606,67
N002766,UCAGUUUAUCCAUUCGCUGAG,0,negative,train,GSE136967,URS00006BA413_9606,24
N001296,GUAUAGCUUAGCGGUAGAGCA,0,negative,train,GSE136967,URS00004131B6_9606,15
P080135,CUGGCGGUGCUUCAUAUCCCU,1,positive,train,GSE279647,URS000044DFF6_9606,536
N009526,UACGAGGCCCCGGGUUCGACC,0,negative,train,GSE279647,URS000038D768_9606,49
P071800,CUGUGCACGAGUUCCUUUGGC,1,positive,train,GSE308686,URS000043549A_9606,88
N050250,UAGCAUUAUUUUACCUUCUGU,0,negative,train,GSE308686,URS00004640CB_9606,89
P077870,UCUCUUCUCGUCCUUUUGGCU,1,positive,train,GSE279647,URS00006AE7E7_9606,12
P059013,CAACGUUGAAGAUGAAGCUGG,1,positive,train,GSE136967,URS00006422E6_9606,108
P072017,AGAUCCAACUCUGAUUUCAGC,1,positive,train,GSE308686,URS000075A742_9606,75
N014457,AUGGUCACACCACCCUGAAUG,0,negative,train,GSE279647,URS000065782C_9606,15
N019663,UCUUACAUGAUGAAUACGUGU,0,negative,train,GSE279647,URS00006DFE33_9606,43
P067534,UACCAAGGCUUUUAGAAUGCA,1,positive,train,GSE308686,URS00004AEC70_9606,18
P080988,GGACUUCUAGAGGCUGAAGGC,1,positive,train,GSE279647,URS000047CD44_9606,39
P057880,UCCUUGGAAAGCUGAACAAAA,1,positive,train,GSE136967,URS00004219CE_9606,39
N019565,UUUAUCUGAGGACAAUAUAGU,0,negative,train,GSE279647,URS00006DD183_9606,83
N023763,GGGGAAGGGCGCCCGCCUGGU,0,negative,train,GSE279647,URS00008B3471_9606,49
N015756,CUACAUUAGGUAUAAAAUUGG,0,negative,train,GSE279647,URS0000677707_9606,13
P059292,CCUAGCCAUGGAAGAGCAUAU,1,positive,train,GSE136967,URS000029D639_9606,54
P080585,CCUCCCGAAGCUGCGCGCUCG,1,positive,train,GSE279647,URS00006B8C52_9606,129
N006886,AUAGUGAUUGUCUAGCACCAU,0,negative,train,GSE279647,URS0000150A7D_9606,49
P071933,GCUGAGUGCGCUGCACUGACC,1,positive,train,GSE308686,URS00006BA413_9606,39
P067441,UAGGAUGCAAAAGAAAGAAAU,1,positive,train,GSE308686,URS000019135F_9606,64
N024885,GUGCUCCCCUCUGGCGGGUGC,0,negative,train,GSE279647,URS0000EED6D6_9606,27
P070068,CAGCUGCCUAGGUUGUCUUGU,1,positive,train,GSE308686,URS0000ABD80F_9606,23
P076391,CGCCGUGGCUUAGUUGGUUAA,1,positive,train,GSE308686,URS00000A1A88_9606,13
N018373,CUGUUCACUCUACAUGUUGAC,0,negative,train,GSE279647,URS00006C30CA_9606,144
P063000,UGGCUGGGGGAGAAGAGGAAG,1,positive,train,GSE136967,URS000066FABB_9606,86
N006470,NNNNNNNCUCUGCCUCCCGUG,0,negative,train,GSE279647,URS00000FFC8B_9606,4
N003609,CGUACUGGCUGAUCCUGNNNN,0,negative,train,GSE136967,URS0000185C0B_9606,64
P069809,GCAGGCAGAGGAAAUGCGGGA,1,positive,train,GSE308686,URS00005B5A80_9606,63
P068799,UGCCAGCUCUAACCAGCUUCA,1,positive,train,GSE308686,URS000075E772_9606,91
P068005,UUAACUUGUGGACAAAGACUU,1,positive,train,GSE308686,URS00006607B4_9606,32
P060058,ACACGCGAAAGGUCCCUGGAU,1,positive,train,GSE136967,URS0000750232_9606,45
P060487,UCCUAAAGAUGACUUAGAGGC,1,positive,train,GSE136967,URS00003A9200_9606,123
P077516,GCGGUGCUUCAUAUCCCUCUA,1,positive,train,GSE279647,URS000044DFF6_9606,539
P057914,AAGGUUGGCGGUUCGAACCCA,1,positive,train,GSE136967,URS000068D6AF_9606,54
N002658,NNNNUGGCGUCCAUGAUGUUC,0,negative,train,GSE136967,URS00006283BD_9606,7
P064286,AGUAGGUUGUAUAGUUUGGGG,1,positive,train,GSE308686,URS00004BC34C_9606,20
P064112,GCAUUGCAUGUUCUGGUGGUA,1,positive,train,GSE308686,URS00000CBE63_9606,29
N020290,GUUCCUUCUCCCUUCCUACUG,0,negative,train,GSE279647,URS00006F4229_9606,76
N014233,UCUACAGCCAUACCACCCUGA,0,negative,train,GSE279647,URS0000651D23_9606,12
N015585,CACCCUGAAGGCGCCUGAUCU,0,negative,train,GSE279647,URS00006747C7_9606,25
P065727,AUUUAUUUUUAUUCAGUUUCU,1,positive,train,GSE308686,URS0000466492_9606,16
N045899,UCAUACCUGCGACAUCUNNNN,0,negative,train,GSE308686,URS00005F2496_9606,129
P065839,NNNNNACUGGAGGACUAAGAA,1,positive,train,GSE308686,URS00005C0742_9606,6
N012213,NNNNNNNNNCUAGAGCCCACU,0,negative,train,GSE279647,URS000061CC6B_9606,2
P064094,GCUGUUGAACUGGGAACCUGC,1,positive,train,GSE308686,URS0000001EB3_9606,36
P072000,UAUGAUGAGAUUCCACUUAAG,1,positive,train,GSE308686,URS00003DDA12_9606,15
P075018,NNNGGGGAAUUAGCUCAAAUG,1,positive,train,GSE308686,URS000052A1C9_9606,8
P073766,UAUUUGUCAACACAUCACUCU,1,positive,train,GSE308686,URS0000ABD834_9606,24
N022533,CCGUUAACCGGAAAGUUGGUG,0,negative,train,GSE279647,URS000073E651_9606,43
P061065,GUCUGGCUCGUGGGACUCUAG,1,positive,train,GSE136967,URS00004C6FD8_9606,34
N005343,AACCAGGGGUCGCGAGUUCGA,0,negative,train,GSE279647,URS0000023412_9606,48
N021519,ACUCUGAAUCCAGCCAUCUGA,0,negative,train,GSE279647,URS000071ACA6_9606,41
P067203,AUGUCUUCCUUGUGGUCUGUU,1,positive,train,GSE308686,URS00002E5E66_9606,74
P079350,NNAUGCCUUAAACUUAUGAGU,1,positive,train,GSE279647,URS00006ECA78_9606,9
P063541,AUACGUCCUCUAUCCGAGGAC,1,positive,train,GSE308686,URS00006C246E_9606,74
N040563,NNGGGUGCAAAUGAUGCAUAU,0,negative,train,GSE308686,URS0000456F03_9606,9
N025114,AUUAUGAUAAUNNNNNNNNNN,0,negative,train,GSE279647,URS000222DA87_9606,53
N017282,AGAAGAUUCACAUGGCCCCUG,0,negative,train,GSE279647,URS00006A8179_9606,55
N016854,GGUUGGUGGUUUGAACCCACC,0,negative,train,GSE279647,URS0000698218_9606,56
N008012,UCCCUGUUCGGGCNNNNNNNN,0,negative,train,GSE279647,URS00002222F7_9606,70
P071392,UGACUUAGCUUUUUUCCCCGA,1,positive,train,GSE308686,URS000075BC17_9606,31
N005581,CACUUAGGAGAUUUCAACUUA,0,negative,train,GSE279647,URS0000059DA7_9606,45
N026526,CAUCCUGGAUGUGCCCGAUCU,0,negative,train,GSE279647,URS00033560D7_9606,25
P067077,CCCCUUUUCACUUUGCCAGUU,1,positive,train,GSE308686,URS00005F1DD0_9606,14
P066792,UUUAUGUGAGUAGUGUUAUUU,1,positive,train,GSE308686,URS000033A30E_9606,37
P059061,GGCAGGUUUUUAAGUAACCUU,1,positive,train,GSE136967,URS000063EA00_9606,35
N005970,NNNNNNNCUAGGACUAUGAGA,0,negative,train,GSE279647,URS00000A75D2_9606,4
P058119,CAAAAUGACAAGCAUAUGGCU,1,positive,train,GSE136967,URS000041615F_9606,26
P082394,GAGUUGUAAAAAACUCCAGUU,1,positive,train,GSE279647,URS000044DFF6_9606,349
N022918,CUCACAGUCUAGUAUGUCUCA,0,negative,train,GSE279647,URS000075A13B_9606,26
P062337,AUCGGCUAUUGCCUGAGUGUG,1,positive,train,GSE136967,URS00002BF97D_9606,36
N017411,UGAGCACUGGUGGAGUAUGAG,0,negative,train,GSE279647,URS00006AAF5B_9606,22
P067781,CGUAAGAAUUGGAGGAAAAUA,1,positive,train,GSE308686,URS00000B589B_9606,53
N023320,AAUGAGGGACUUUCAGGGGCA,0,negative,train,GSE279647,URS000075E397_9606,35
N017297,GAAGGCGGGUGGUGCUCAGAU,0,negative,train,GSE279647,URS00006A8564_9606,47
P069688,GCUUUCGUACAUGCNNNNNNN,1,positive,train,GSE308686,URS000045555D_9606,133
N000850,CCAGAGAAGAGACUGGAAAGC,0,negative,train,GSE136967,URS00006810EA_9606,81
P073641,NNNNAGUCUGUGAUGAAUUGC,1,positive,train,GSE308686,URS000053336F_9606,7
P064782,CGGGAGGCUGAGGCUGGAGGA,1,positive,train,GSE308686,URS00000478B7_9606,49
P065863,NNNNNNNAGGUCGAUGAUGAU,1,positive,train,GSE308686,URS000075D68F_9606,4
P075096,NNNNNNNNNGGGGGUGUAGCU,1,positive,train,GSE308686,URS000038D768_9606,2
P061845,NGUGAUGGAGAGCAAUACCNN,1,positive,train,GSE136967,URS0000D53F1E_9606,10
P072063,GAUCCAACUCUGAUCUUNNNN,1,positive,train,GSE308686,URS0000ABD85F_9606,61
N021297,UCUCAAAAUCUGAAUGGUCCU,0,negative,train,GSE279647,URS00007142C3_9606,41
P068031,NNNUUCCACAGCUACUGGUCU,1,positive,train,GSE308686,URS0000488BFE_9606,8
N019558,UUAAGUUCAAGUGUAGAAUCU,0,negative,train,GSE279647,URS00006DD183_9606,31
N023814,NNNNNNNNNNAGAGUGUAGCU,0,negative,train,GSE279647,URS00008F213D_9606,1
N000860,GGCAGUCUCCCUUCCUAGCCA,0,negative,train,GSE136967,URS000029D639_9606,41
P076682,AGGUUGCGUGUUCAAGUCACG,1,positive,train,GSE308686,URS00001A72CE_9606,53
P074029,UCUUCUUGGAACUGAAUCUAA,1,positive,train,GSE308686,URS0000679D94_9606,33
P064948,AUAUUAAAUGGAUUUUUGGAG,1,positive,train,GSE308686,URS00003EE995_9606,98
P059573,UGAUGGUUUUCCAACAUUCGC,1,positive,train,GSE136967,URS000062548B_9606,20
P061509,UAAACAGGAGAUCCUGGGUUC,1,positive,train,GSE136967,URS000065464E_9606,47
P070563,GUUGCUGGAUGCUGUUGUGCA,1,positive,train,GSE308686,URS000064B135_9606,19
P078443,NNNNNUCGUCAGGUGGGAUAA,1,positive,train,GSE279647,URS000069D3EA_9606,6
P060503,GCAGGAGGGUGGAUUGUUGGU,1,positive,train,GSE136967,URS0000A8C404_9606,104
N027042,UGGAUAAGGCAUCAGCCUCCG,0,negative,train,GSE308686,URS000059900F_9606,26
P077572,CUGUAGUGGAUAGGGCGUGGC,1,positive,train,GSE279647,URS0000636E2A_9606,42
N004108,CGGCAUCUCCANNNNNNNNNN,0,negative,train,GSE136967,URS00006C8EDF_9606,72
N004797,GAUCCUGUCUGGAGUCACAAC,0,negative,train,GSE136967,URS00006810EA_9606,111
P067687,GCCUCCCAGCCUACAAANNNN,1,positive,train,GSE308686,URS0000759BE6_9606,122
N018394,CAGGGGGCCCAAAGAAUGGCU,0,negative,train,GSE279647,URS00006C38E6_9606,26
P064995,NNNACUCUGGUUUCUCUUCAA,1,positive,train,GSE308686,URS000075DD00_9606,8
N021549,GAGACCUCUGCCAUAUUUUNN,0,negative,train,GSE279647,URS000071AD91_9606,97
P063208,UCUGAUUUUAUGUGCUUCUGC,1,positive,train,GSE136967,URS0000708227_9606,33
N023155,UGAUGGCUGCACUCAACAUUC,0,negative,train,GSE279647,URS000075BF74_9606,12
N023957,CAGCACGAGGCUCAUCCAUUG,0,negative,train,GSE279647,URS0000A84128_9606,57
P069104,NNNNNAUCCUCCUGAUCCCUU,1,positive,train,GSE308686,URS00005D459D_9606,6
P067515,NNNNNNNNNNAUGCAUCUAUU,1,positive,train,GSE308686,URS0000721537_9606,1
P073116,NNNNNNGGGAAUGAUGAUUUC,1,positive,train,GSE308686,URS0000716E7D_9606,5
N021740,NNNNNNNAAGACUCUACUUUC,0,negative,train,GSE279647,URS00007205A0_9606,4
N020264,UUCUUUGUUCCUUCUCCAUGC,0,negative,train,GSE279647,URS00006F2B3E_9606,65
N021997,UUAGUUCUUGGAUGGGAGUAA,0,negative,train,GSE279647,URS00007263D0_9606,82
N000245,GGAUCGUGACCCCAGCCCCGC,0,negative,train,GSE136967,URS000023DE4C_9606,203
P071396,UUCUGUCUGAUAUGCCAGCUU,1,positive,train,GSE308686,URS000075BC17_9606,89
N024704,UAAGCUAAGCCCUNNNNNNNN,0,negative,train,GSE279647,URS0000DD9C04_9606,66
N017300,GCGGGUGGUGCUCAGAUCGCC,0,negative,train,GSE279647,URS00006A8564_9606,51
P058554,CAGGGUAGCUUCCCUGCUCUG,1,positive,train,GSE136967,URS000068A4EE_9606,33
N019860,CGAUGAGUUGAAAUAUAGUCA,0,negative,train,GSE279647,URS00006E5E73_9606,91
N019665,ACAUGAUGAAUACGUGUCUGG,0,negative,train,GSE279647,URS00006DFE33_9606,47
N010817,GGCAGGUUUGAAGCUGCUUCU,0,negative,train,GSE279647,URS00004A7D68_9606,19
P070513,GCAUGGAGGCUGCUUCUCCUC,1,positive,train,GSE308686,URS000064B135_9606,90
P069168,GGCCGAUGAACUCGCAAGUGU,1,positive,train,GSE308686,URS00001696A6_9606,50
N003870,GCUUCGCUCCCCUCCGCCUUC,0,negative,train,GSE136967,URS00006FED78_9606,11
P072863,CAAUGCAAGGACUUGUCAUAG,1,positive,train,GSE308686,URS0000010A7C_9606,77
N003092,UGAACAUAAUGAUUUCAAAAU,0,negative,train,GSE136967,URS000061A08C_9606,37
N005194,ACUGUAAAGCUAACUUAGCAU,0,negative,train,GSE279647,URS000000EE2E_9606,12
P080403,CCACUAUGCUUAGCCCUAAAC,1,positive,train,GSE279647,URS000044DFF6_9606,448
N020673,GUACUGUUACAAUACAACUGA,0,negative,train,GSE279647,URS00006FE7CD_9606,17
N019801,CUUCUUCUGUUUACAACACAC,0,negative,train,GSE279647,URS00006E20B7_9606,44
N026230,UCAAGUGUAGAAAAUAUUAGC,0,negative,train,GSE279647,URS000319AD9F_9606,37
P058878,AUUACCGGCAGAUUGUGUAGU,1,positive,train,GSE136967,URS00006B6C71_9606,40
P076235,CGAGUCCCGGCAGAGAUGNNN,1,positive,train,GSE308686,URS000007E37F_9606,67
N005222,GCAAAUCAGCCACUUUAAUUA,0,negative,train,GSE279647,URS00000133BF_9606,47
P064873,ACUCGGGAGGCUGAGGUGGGA,1,positive,train,GSE308686,URS00003ACFC1_9606,46
N026049,CAUACUAUCCUGAGCGCACCC,0,negative,train,GSE279647,URS000313FDA5_9606,17
N005695,AAGCUAUCGGGCCCAUACCCC,0,negative,train,GSE279647,URS000006E464_9606,28
N022493,GGCGCUUUCACCGCCUGCAGC,0,negative,train,GSE279647,URS0000739B5B_9606,38
P061894,UGAGUGAUUGUUAAACAUUCG,1,positive,train,GSE136967,URS000066E3F5_9606,20
P073439,AAAACAACUACUCUCUGAGCA,1,positive,train,GSE308686,URS00004BB247_9606,54
N048758,CGCGGGUGCUUACUGACCCUU,0,negative,train,GSE308686,URS0000A76E3A_9606,90
P076815,NNNNNNNNCCGCCGGGCGCGG,1,positive,train,GSE279647,URS000014C5D2_9606,3
N007615,NNNUGGUAAAAAGAGGCCUAA,0,negative,train,GSE279647,URS00001E8232_9606,8
P072929,NNNNNNNNAGUGAUGAUGACC,1,positive,train,GSE308686,URS00002E0EE8_9606,3
N015945,GUGCAAAUCCAUGAGCUUUUU,0,negative,train,GSE279647,URS000067CAFD_9606,57
N009111,CGAUUCCCGGGCGGCGCACNN,0,negative,train,GSE279647,URS0000305D7E_9606,64
N007938,NNNNNNNCCCAGUGGCCUGAU,0,negative,train,GSE279647,URS0000215F73_9606,4
P059417,GAGAAGAGACUGGAAAGCUCC,1,positive,train,GSE136967,URS00006810EA_9606,84
N036162,UCACAUCUGCUUUACACGCAG,0,negative,train,GSE308686,URS000064D54F_9606,32
P063291,AAUUAAAGCAGAUGGGAAUCU,1,positive,train,GSE136967,URS0002869D46_9606,30
P070048,GGGAGAGGAAUGUCUUGUCUU,1,positive,train,GSE308686,URS000000D517_9606,69
N023476,NNNNNNNNNNAACAUUCAACG,0,negative,train,GSE279647,URS00007E379A_9606,1
N013901,CUUGGAAGCUAAGCAGGGUCA,0,negative,train,GSE279647,URS000064ACCC_9606,54
P062748,CAGCAUGUUUCCAAGGGCUGU,1,positive,train,GSE136967,URS000002FDBC_9606,11
P082270,NNNNNNGUGGUUUCCGUAGUG,1,positive,train,GSE279647,URS000030D775_9606,5
N021563,GGCUAGUCCAAGUGCAGUGAU,0,negative,train,GSE279647,URS000071B960_9606,11
P064506,AGGCUACACACUGAGGACUCU,1,positive,train,GSE308686,URS00026A2211_9606,37
P061564,AGGUUCGAAUCCUGCCGACUA,1,positive,train,GSE136967,URS000038D8D3_9606,70
P071946,UCUUCCAAGCCUCAGUUCCUG,1,positive,train,GSE308686,URS00006BA413_9606,61
P075265,AUCAAGAGGUCCCUGGUUCAA,1,positive,train,GSE308686,URS000014D40F_9606,47
N011576,CUGCUAACUCAUGCCCCCAUG,0,negative,train,GSE279647,URS0000595B38_9606,29
P065885,GGCUGAAAUACUGCUCUACUU,1,positive,train,GSE308686,URS0000608804_9606,33
P061455,CAGUGAGCCGUGAUCAUGCCA,1,positive,train,GSE136967,URS0002869D5F_9606,32
P068553,GCACUGUUCGUAACCCGUUAG,1,positive,train,GSE308686,URS00003CCCBE_9606,13
P061258,UAACAAAGGGACUUAAUACUG,1,positive,train,GSE136967,URS0000626A32_9606,26
N015168,CCUGGUCACGAAGGUGGUUUU,0,negative,train,GSE279647,URS0000667BF0_9606,35
P072956,GAUGAUGACCCCAGGUAACUC,1,positive,train,GSE308686,URS00002E0EE8_9606,14
P070935,UCCUUUUGGAUAAUGAAGGCA,1,positive,train,GSE308686,URS000063A91D_9606,46
P063260,CCCCGUGUUUGGAGGGUCCGC,1,positive,train,GSE136967,URS00007168E7_9606,90
N018307,AAAAUUGGUUUAUAGCCCCCC,0,negative,train,GSE279647,URS00006C2A6C_9606,62
P072041,ACUAAAAUUGGUCUUAGUAUU,1,positive,train,GSE308686,URS0000ABD85F_9606,24
P058476,CGACAAUGCUGACGUCUUAUA,1,positive,train,GSE136967,URS000071403B_9606,51
N023506,NNNNNNNNNNGUGAGUGUGUG,0,negative,train,GSE279647,URS00007E4240_9606,1
N023636,UUUCCACCAGAAAGAUUUUCC,0,negative,train,GSE279647,URS0000817DE1_9606,43
P060315,GAUUUUUACACUUAUUGUUGU,1,positive,train,GSE136967,URS0000653FA4_9606,24
N013298,AAGAAUGGCUCCUCUGUUUAC,0,negative,train,GSE279647,URS000063BFC1_9606,37
P061324,UUAGGAAACAGGGUUGUUCUU,1,positive,train,GSE136967,URS000063C47F_9606,82
N005046,CUGAGCGUCGCUUNNNNNNNN,0,negative,train,GSE279647,URS0000005270_9606,155
P064419,NNNNAGGCUGAGGUAGUAGUU,1,positive,train,GSE308686,URS00003DBD40_9606,7
P076539,AGCGUAUGCUUAACAUUCAUG,1,positive,train,GSE308686,URS000071ED2F_9606,32
P069565,GUGUGCGAUGGCUGCACACAG,1,positive,train,GSE308686,URS00000D55EA_9606,57
P064793,GCCGGGCGCGGUGGCGCGUGC,1,positive,train,GSE308686,URS00000478B7_9606,11
P065556,GCAUGGUACCAGGCAGCCCAA,1,positive,train,GSE308686,URS000015F227_9606,63
P066421,GGCUCAGUCUUAUUUCAUACC,1,positive,train,GSE308686,URS00005F2496_9606,115
N026344,AAACUAAGCAGAGUCGGGCCU,0,negative,train,GSE279647,URS0003239187_9606,59
N020212,AAUUCCACCUUUCGGGCNNNN,0,negative,train,GSE279647,URS00006F0FC0_9606,80
N005365,CCCAAAAAUUUUGGUGCAACU,0,negative,train,GSE279647,URS0000023621_9606,47
N003492,UAAAACCGUUCCAUUUUGAUU,0,negative,train,GSE136967,URS0000507EBE_9606,59
P065280,GCGAUACAGAGUUAUGUGUGU,1,positive,train,GSE308686,URS0000569A4A_9606,101
N024451,GCGCUCCCACCGCCGCAGCCC,0,negative,train,GSE279647,URS0000C8E9E9_9606,33
N008673,GAGACCCUAACUUGUGAUGUU,0,negative,train,GSE279647,URS00002A66E1_9606,30
P076588,CCCGGUUUGAAACCAGGCGGA,1,positive,train,GSE308686,URS0000732DD4_9606,59
P065199,CUCCCUGAGCUUCGGGGAGGU,1,positive,train,GSE308686,URS000013F331_9606,126
P076177,UAAUGGUUAGCACUCUGGACU,1,positive,train,GSE308686,URS000035EE7E_9606,23
P073053,NNNNNNUAUCUGUGAUGAUCU,1,positive,train,GSE308686,URS00002524EE_9606,5
P062916,CCGCAGGGGACCUCAUAACCC,1,positive,train,GSE136967,URS000013F331_9606,304
P060558,NNCCCUGCAUUCGAAAGUGAU,1,positive,train,GSE136967,URS00006BEDDC_9606,9
N022639,AUUAUGUUCGCCUCACACGCG,0,negative,train,GSE279647,URS000074CCCF_9606,31
N023996,CUCUCGAUCUCGUGUGAUCUC,0,negative,train,GSE279647,URS0000A91C06_9606,36
N016890,CUGUGCCCGCUUGCUAGAACC,0,negative,train,GSE279647,URS000069A053_9606,212
P066917,UCUUCUCCUCUGCAUUAAAAG,1,positive,train,GSE308686,URS000028CE2F_9606,81
P075916,NNNNGCCUCGUUAGCGCAGUA,1,positive,train,GSE308686,URS000072890F_9606,7
N012261,NNNGACCGUGUGGCCUUAAUG,0,negative,train,GSE279647,URS0000622C87_9606,8
P076446,CGGUGGCCAAGUGGUAAGGCG,1,positive,train,GSE308686,URS00002D4542_9606,15
N021204,AAUGAUACAGAGAUUAGCAUG,0,negative,train,GSE279647,URS0000712D41_9606,49
N025376,ACCGCAGCACUGUGCUGGGGA,0,negative,train,GSE279647,URS000231C731_9606,35
P073244,UGCGCGGUGGGGAAGCCAACC,1,positive,train,GSE308686,URS000029360B_9606,50
P061453,CAGCCUGGGCCACAGAAAGAG,1,positive,train,GSE136967,URS0002869BDB_9606,60
P058811,CUACUUUGCUAGCAAUCAGCU,1,positive,train,GSE136967,URS00004AEC70_9606,97
N013187,UUUUAGCUAAGAUCAAAUGUG,0,negative,train,GSE279647,URS0000638FCB_9606,25
N049244,UGCGUUCGCGCUUUCCUCUGN,0,negative,train,GSE308686,URS000075AD80_9606,158
P071952,CAAGCCUCAGUUCCUGUUCUA,1,positive,train,GSE308686,URS00006BA413_9606,66
P079443,GUUUAUGGAGGNNNNNNNNNN,1,positive,train,GSE279647,URS00008268E8_9606,69
P061261,GAAUAACAAAGGGACUUAAUA,1,positive,train,GSE136967,URS0000626A32_9606,23
N047910,GUUUGAUUCCUGGCCCAUGCA,0,negative,train,GSE308686,URS00006D4584_9606,61
P077778,GGGGUGAACCGGCCCAGGUCG,1,positive,train,GSE279647,URS000014C5D2_9606,189
N026023,AGCGGGGUCGGGCCUGGUUAG,0,negative,train,GSE279647,URS000312137C_9606,65
P070063,UGUCUUGUACCUAGGCAAGUG,1,positive,train,GSE308686,URS0000ABD80F_9606,36
P071383,NNUUUCACUGUGGCAACUGUG,1,positive,train,GSE308686,URS000075CB76_9606,9
N083609,NNNNNNCCUGUUGCCACAAAC,0,negative,train,GSE136967,URS000054969A_9606,5
P066810,AUCUCUUCUGCAGGGACUAGA,1,positive,train,GSE308686,URS00005682D3_9606,117
P067667,AUUAAACUUUGGAACAUUGAA,1,positive,train,GSE308686,URS000068A4EE_9606,57
P074135,NNAAUAAGUGAUGAAAAAAGU,1,positive,train,GSE308686,URS000051B5A1_9606,9
N014899,GUCCUUAGAUGGAAGACUGCC,0,negative,train,GSE279647,URS0000661164_9606,85
N015727,GAAUAAUACGUGUCUGGAACU,0,negative,train,GSE279647,URS0000676D30_9606,54
P061691,NNNNNNNGAGGUCAGUGAUGA,1,positive,train,GSE136967,URS00006D7506_9606,4
P068931,GCCACAGCAAGCUCCACAGCU,1,positive,train,GSE308686,URS000072157F_9606,70
P060334,GUCCCCGGUUCGAAACCGGGC,1,positive,train,GSE136967,URS000061D582_9606,56
N026380,UAGAACUUGGCUGAAAGACCA,0,negative,train,GSE279647,URS000325852A_9606,82
P071116,UCCUUACCUGUUCCUCCUCCG,1,positive,train,GSE308686,URS00021EDA78_9606,28
P075008,GCCAUUUUUUGUCUAACCCUA,1,positive,train,GSE308686,URS00004A7003_9606,44
P076107,NNNNNNNNNNGUUAAGAUGGC,1,positive,train,GSE308686,URS000061A10B_9606,1
P061423,AGCGAUAACUGACGAAGACUA,1,positive,train,GSE136967,URS00003B08B2_9606,48
N025569,UUAACUUGACCNNNNNNNNNN,0,negative,train,GSE279647,URS0002765FC3_9606,62
N023964,GUUUCUUUGGUCAUUCUCCAC,0,negative,train,GSE279647,URS0000A8B8D7_9606,64
N023096,CUAUUAUUCUAUUCAUUUAUC,0,negative,train,GSE279647,URS000075B7FD_9606,50
P072330,AUGACAAGCAUAUGGCUGAAC,1,positive,train,GSE308686,URS000041615F_9606,30
P068575,AUCUUUCCCAUUCCUUGCUGC,1,positive,train,GSE308686,URS000027BAE7_9606,21
P058393,UGUGCUAUACAAAUAAUUGAA,1,positive,train,GSE136967,URS000033A30E_9606,62
P059808,UAGGGACAUCUGAGAGUAAUG,1,positive,train,GSE136967,URS0000830239_9606,36
N026263,CAUCCGAUCUUUUCUGAUCUC,0,negative,train,GSE279647,URS00031CA468_9606,36
N025497,AAGGGUUAAGUAAGUCUCCAU,0,negative,train,GSE279647,URS0002334C76_9606,47
N022092,UUCACAUUCAUGUCUCUUCUC,0,negative,train,GSE279647,URS0000729A81_9606,27
N004591,GCUAUGUUUUCCUGAGGAGAU,0,negative,train,GSE136967,URS00003818BD_9606,118
P070925,CACUACCUCUUCUGAGACACN,1,positive,train,GSE308686,URS000063A91D_9606,75
N022836,GAGCAAUGCCGAGGUUGUGAG,0,negative,train,GSE279647,URS0000758A62_9606,64
P059679,GACUGCAUAAUUUGUGGUAGU,1,positive,train,GSE136967,URS000032B6B6_9606,127
N005708,GGUGAUUUUCAUAUUGAAUUG,0,negative,train,GSE279647,URS000007C458_9606,19
P065630,GGGUUUUGAAUUUGCAGUAAC,1,positive,train,GSE308686,URS000015F227_9606,122
P063311,CCGACAGUGAAAAUACAUGAA,1,positive,train,GSE136967,URS0000164B86_9606,43
P076851,NGACUCUUAGCGGUGGAUCAC,1,positive,train,GSE279647,URS00006CE1FB_9606,10
P059945,NNNNNNGUGUAAUGAUGUUGA,1,positive,train,GSE136967,URS00006CFC33_9606,5
P059010,GCCCCAUGAUGUACAGUCCCU,1,positive,train,GSE136967,URS00006422E6_9606,82
N020493,CAAGGUUGGGCCCGGUUAGUA,0,negative,train,GSE279647,URS00006F7C66_9606,67
P060179,UCCUGAUGAUACUUGUAAUAG,1,positive,train,GSE136967,URS0000660E95_9606,13
N055535,UGAUGAUCAUGUAUGAUACUG,0,negative,train,GSE308686,URS000015F227_9606,168
P073983,GAUGAGUGAAGUAGAGCCUGA,1,positive,train,GSE308686,URS00005D7632_9606,18
P076903,CGAGAAUUAAUGUGAAUUGCA,1,positive,train,GSE279647,URS0000005270_9606,67
N024375,NNNNNUCUUUGAGAGAUCAGC,0,negative,train,GSE279647,URS0000C8E9DD_9606,6
N016033,NNGGUUGGUCUGAGUGCAGUG,0,negative,train,GSE279647,URS000067E468_9606,9
N004268,ACAACGAUGAANNNNNNNNNN,0,negative,train,GSE136967,URS0000679D94_9606,88
N083033,UGUCCCUGUAUUCGAAAGUGA,0,negative,train,GSE136967,URS0000A8E179_9606,31
N015269,CUGCUUCAGCAGCAGAUAUAC,0,negative,train,GSE279647,URS000066B8ED_9606,11
N011905,GGAGGACUAAGAAGGCUGAGU,0,negative,train,GSE279647,URS00005C0742_9606,14
P058046,UAACAUUAGUGUCACUAAAGU,1,positive,train,GSE136967,URS0000007D24_9606,46
P062952,GUCACAUCCUGACACAACUCU,1,positive,train,GSE136967,URS0000451E99_9606,23
P070069,NNNNNNUCCAGCUGUAGGCAG,1,positive,train,GSE308686,URS0000ABD80F_9606,5
P073390,UCUGAGCCUGACCUUGUAGAA,1,positive,train,GSE308686,URS0000406CED_9606,27
P060234,UAUGUUGAUCUAACUUUUCUA,1,positive,train,GSE136967,URS0000643FAE_9606,55
N002741,UAUAGAAAGAGGAGGUAGAGU,0,negative,train,GSE136967,URS00004F2BDE_9606,54
N012800,GGUUGGGCCUGAUUAGUACUU,0,negative,train,GSE279647,URS0000631CEE_9606,70
N019005,GAAACUAAGCCAGGUCAGGCC,0,negative,train,GSE279647,URS00006CE795_9606,58
P058751,CCAGGCUCAUGUGGUGCCUGU,1,positive,train,GSE136967,URS00007136D1_9606,30
P073811,NNNNAAAUGAUGAAAUCACCC,1,positive,train,GSE308686,URS00006B6C71_9606,7
P074423,CCGAAUCGGACAGUGUAGAAC,1,positive,train,GSE308686,URS000054DD16_9606,54
P074324,AGCCACCAGGUAGGGCAGUGU,1,positive,train,GSE308686,URS000075EE49_9606,41
P075434,AUAGCUCAGUUGGGAGAGCGU,1,positive,train,GSE308686,URS00003A0C47_9606,17
P064245,UGCCAGGGUGAGGUAGUAAGU,1,positive,train,GSE308686,URS000075BF40_9606,24
P079523,NNNNNNNNCAGCCCAGUGAUG,1,positive,train,GSE279647,URS00008E3A5F_9606,3
P062451,UGAUCACCCCUGAGGACACAG,1,positive,train,GSE136967,URS00006611EB_9606,40
P067086,GUUGGACUUAUGUCUUUAUUG,1,positive,train,GSE308686,URS00005F1DD0_9606,32
N036540,UUUGAAGUCUUGCCUAGGCAA,0,negative,train,GSE308686,URS0000759ECB_9606,102
P058797,GAACUGGGAUGCUUAUUUCCU,1,positive,train,GSE136967,URS00004C8BD1_9606,102
N017575,UAUUGAUUGCAUUUGUUAGUU,0,negative,train,GSE279647,URS00006B01A6_9606,25
P058875,CAAAAUAGCUGGAAUUACCGG,1,positive,train,GSE136967,URS00006B6C71_9606,27
N004289,GUGAUGAUUCACAUUCAUGUC,0,negative,train,GSE136967,URS0000729A81_9606,20
P063304,UCCACUCCCACUGCUUCACUU,1,positive,train,GSE136967,URS00005CF03F_9606,80
N015721,UCUUGGAUGAUGAAUAAUACG,0,negative,train,GSE279647,URS0000676D30_9606,43
P066646,UGAGAAUGGUUUAUGGCCUGA,1,positive,train,GSE308686,URS000075A77B_9606,119
P062759,GGGCUUCUGUCGUGAGUGGCA,1,positive,train,GSE136967,URS000000A142_9606,16
N015984,UAGCAUGAGGAUGACACGCAA,0,negative,train,GSE279647,URS000067D376_9606,62
N016644,GUGGCGUAUGAGUCAUCUACA,0,negative,train,GSE279647,URS0000690AB9_9606,31
P076770,NNNGGCUGGCUUUAGCUCAGC,1,positive,train,GSE308686,URS0000000A8C_9606,8
P068983,NNNNUGCACACUAUUAAAGCU,1,positive,train,GSE308686,URS00004C6257_9606,7
P076779,UUACCUCCUCAUGCCGGACUU,1,positive,train,GSE308686,URS0000A76E3A_9606,34
P068922,GCAAGCUCCACAGCUCAUGGG,1,positive,train,GSE308686,URS000072157F_9606,76
P080961,CUUACUGUGGCCUCUCUUUCC,1,positive,train,GSE279647,URS0000210FD6_9606,106
P064450,UCUAGUUACGCAGGCAGUGCG,1,positive,train,GSE308686,URS00026A2211_9606,215
P072851,GAAAAAGAAUCCUUAGGCGUG,1,positive,train,GSE308686,URS0000010A7C_9606,21
N009978,NNNNNNNAGGCUGAGGUAGUA,0,negative,train,GSE279647,URS00003DBD40_9606,4
P076761,ACUUCGACAGUUCUUUAAUUG,1,positive,train,GSE308686,URS00005CCF67_9606,33
P062831,GCCAGAUAAACAUUCCAGGGU,1,positive,train,GSE136967,URS00006FB8B0_9606,63
N048882,GGCCACUGAGAGAUGAAACAC,0,negative,train,GSE308686,URS0000569A4A_9606,297
N013504,AAGUUGAUACACAACCCUCCA,0,negative,train,GSE279647,URS0000641C1B_9606,63
N017110,UGUGCCGACUCGCGAUUUCCC,0,negative,train,GSE279647,URS00006A394C_9606,88
P071982,ACAUGAUAUUUGUGGAAAUUC,1,positive,train,GSE308686,URS0000069864_9606,55
P058712,AUAAUCUGAAGGUCGUGAGUU,1,positive,train,GSE136967,URS000072890F_9606,45
P077073,GCUUGCUCCGUCCACUCCACG,1,positive,train,GSE279647,URS00006D1C46_9606,137
P070003,CUCAUGUGGUGCCUGUGAUGG,1,positive,train,GSE308686,URS0000148398_9606,36
N012933,GCCCCUGCGCAANNNNNNNNN,0,negative,train,GSE279647,URS0000634E67_9606,69
N046195,GUUCAGUAUGAGUUUUGAUAC,0,negative,train,GSE308686,URS00002587B6_9606,99
P060077,CGGAUCAGAAGAUUCUAGGUU,1,positive,train,GSE136967,URS00002DDD59_9606,45
P072039,NNNNAAGAAAUGAAGAAACUA,1,positive,train,GSE308686,URS0000ABD85F_9606,7
N003209,GAAAAUUCUUACUGAGCANNN,0,negative,train,GSE136967,URS0000679E95_9606,92
P061301,NNNNNGUGAUGGAGAGCAAUA,1,positive,train,GSE136967,URS0000D50918_9606,6
P061314,UUGUUCUUCAUGUGGAUGACU,1,positive,train,GSE136967,URS000063C47F_9606,95
P059875,AAUUCACAGAACUAGCAUUAU,1,positive,train,GSE136967,URS00004640CB_9606,77
P071797,UCUGUGGUGCUGUGCACGAGU,1,positive,train,GSE308686,URS000043549A_9606,79
N016797,AGCCGAGCCUAGAGUAGAGGG,0,negative,train,GSE279647,URS0000696CDC_9606,58
P065427,NNNNNNNUUGUCCUGGCCUAU,1,positive,train,GSE308686,URS00001B2620_9606,4
N024307,GUUGCGCAAUCAGCGCGUUUG,0,negative,train,GSE279647,URS0000C8E9CB_9606,17
N003222,GAAAAGUAACAGCANNNNNNN,0,negative,train,GSE136967,URS000075EAF7_9606,103
P063337,AGGGUCCAGGGUUCAAGUCCC,1,positive,train,GSE136967,URS000071C635_9606,53
N004306,CGUGCUCUCUGGCCCUUGGCU,0,negative,train,GSE136967,URS000014FF3E_9606,42
N003013,NNNNNNNACUGGCUAGGGAAA,0,negative,train,GSE136967,URS0000259AE4_9606,4
N026324,ACCACCCUGAACGUGCCCGAU,0,negative,train,GSE279647,URS0003239187_9606,23
P072557,UGAAUUCAACCUUGAAGUGCG,1,positive,train,GSE308686,URS000061A537_9606,34
P057994,UAGAGUAAACCUACCCCAUAU,1,positive,train,GSE136967,URS00004F2BDE_9606,69
N030505,CUGUGGGAAGGAAUUACAAGA,0,negative,train,GSE308686,URS0000202A89_9606,117
N001451,CGCGCAGGUUCGAACCCUGCU,0,negative,train,GSE136967,URS0000092302_9606,65
N056809,UGUGGUUGCUGUGAUGACUAU,0,negative,train,GSE308686,URS000075DF00_9606,22
P059537,UCGACAAUUACUGGGGAGACA,1,positive,train,GSE136967,URS00004A4D73_9606,177
P070843,AAAGUAAACGCUCUGAAGAAG,1,positive,train,GSE308686,URS0000467AB5_9606,67
P082072,AAAAACAAGAAUNNNNNNNNN,1,positive,train,GSE279647,URS00033B08A1_9606,289
N005239,AAAGACAGGGGUUAGGCCUCU,0,negative,train,GSE279647,URS0000013E6C_9606,51
P071980,UCUGAAACACAUGAUAUUUGU,1,positive,train,GSE308686,URS0000069864_9606,47
N015015,GUGCAAUCUUGCACCAGGCAG,0,negative,train,GSE279647,URS000066189C_9606,58
P062806,GGUGAUCGUUGGUCCCGGCGC,1,positive,train,GSE136967,URS000000A142_9606,120
N034789,UUGCCAGUUAGUUCUGAUACA,0,negative,train,GSE308686,URS0000359B05_9606,69
N000870,UGUUGUAAAAAUAAAUGUCUG,0,negative,train,GSE136967,URS000071E913_9606,24
N000793,ACCUCUUUCUUAAUGUCCAAU,0,negative,train,GSE136967,URS000067FCA5_9606,137
N024134,AUCACCAGUUACAGAUUUCUU,0,negative,train,GSE279647,URS0000AABC8C_9606,43
N019201,GAAAACUUUUCCCAGUACGAC,0,negative,train,GSE279647,URS00006D4424_9606,74
N053044,UUUUCUAUCUGCUACUUUGCU,0,negative,train,GSE308686,URS00004AEC70_9606,86
N014143,AUGAUCGUAUAGUGGUUAGUA,0,negative,train,GSE279647,URS000064FAB6_9606,14
N008975,UUCAUGAUCACGCCCUCAUAA,0,negative,train,GSE279647,URS00002EDD4B_9606,146
P071921,CUCUGUUCUCAGCGACAGUUG,1,positive,train,GSE308686,URS0000535D45_9606,38
P059525,GCUUCCCAGAGUCCUGUCGAC,1,positive,train,GSE136967,URS00004A4D73_9606,161
P062346,AGUCCUCGAAGAGUAACUGCU,1,positive,train,GSE136967,URS00002BF97D_9606,61
N009277,GCAGUGUCUUAGCUGGUUGUU,0,negative,train,GSE279647,URS000033F823_9606,34
N046783,AGAAAUUUCAGACAAUGNNNN,0,negative,train,GSE308686,URS000033FC0E_9606,127
P062895,AUGAUGUUCCGCAACUACCUA,1,positive,train,GSE136967,URS00006283BD_9606,19
P076911,CGCACUUGCGGCCCCGGGUUC,1,positive,train,GSE279647,URS0000005270_9606,115
N005720,UAAACAAAACGAAUGAUUUCG,0,negative,train,GSE279647,URS000007E215_9606,22
P070635,GGGCAAAGGAUCAGUCUUUGU,1,positive,train,GSE308686,URS0000706530_9606,121
P074701,GUUCUGAGACUUCUCCANNNN,1,positive,train,GSE308686,URS000030BA79_9606,86
P060707,AGUAAAAAGGGUGGGUCGUUC,1,positive,train,GSE136967,URS0000466492_9606,106
P070412,CGUCACCCUGGGCCUGUCAUA,1,positive,train,GSE308686,URS0000647500_9606,37
P081137,NNNNNNNNNNAUCGCUUUCUC,1,positive,train,GSE279647,URS0000A90D33_9606,1
N025168,NNNNNNNNNNGUAGCAGCACA,0,negative,train,GSE279647,URS000230EE95_9606,1
P074416,NNNNNGCUGUUCGUUGAUGAG,1,positive,train,GSE308686,URS000054DD16_9606,6
P071986,NNNNUCAAAAUGAUGAGAUUC,1,positive,train,GSE308686,URS0000069864_9606,7
N003227,ACUGGCUGAUCCUGNNNNNNN,0,negative,train,GSE136967,URS0000185C0B_9606,67
N019611,UGUUUACAACACACCCAACAG,0,negative,train,GSE279647,URS00006DF28D_9606,51
N020784,CUGUUAGCUAAGAUCAAGUGU,0,negative,train,GSE279647,URS00007027CF_9606,24
P063778,CUGAAUUCCAUGGGUUGUGUC,1,positive,train,GSE308686,URS000075D8A0_9606,37
P061815,NNNGAUCUCUGGUUUCUCUUC,1,positive,train,GSE136967,URS000067B2B1_9606,8
P059051,UGAGGAGGUACCUAUUGUGUU,1,positive,train,GSE136967,URS00006D4FDA_9606,17
P062941,AGGGAAGCUCAUCAGUGGGGC,1,positive,train,GSE136967,URS000013F331_9606,20
P059492,UACAAGUCCCUUUCCACAACG,1,positive,train,GSE136967,URS00004A4D73_9606,94
P061327,ACCCCAGCUUAGGAAACAGGG,1,positive,train,GSE136967,URS000063C47F_9606,74
P075780,GAUAGCUCAGUUGGUAGAACA,1,positive,train,GSE308686,URS00006CC2CC_9606,16
P063989,CGGGUAGCUUAUCAGACUGAU,1,positive,train,GSE308686,URS00000AF93C_9606,14
N003914,NNNNNNNNGCCGUGAUCGUAU,0,negative,train,GSE136967,URS000044BAE3_9606,3
P075476,NNNNNNNGCGUUGGUGGUUUA,1,positive,train,GSE308686,URS00006B479B_9606,4
P058198,AACCAGGUUUGCAAAAGUAAC,1,positive,train,GSE136967,URS0000656AFD_9606,58
P059202,GACCAAAGCCUGAUCUUUGCU,1,positive,train,GSE136967,URS0000692106_9606,35
P060316,UUACACUUAUUGUUGUUCACC,1,positive,train,GSE136967,URS0000653FA4_9606,29
N009870,GGUUCCAUUCCGGUGCAAUAG,0,negative,train,GSE279647,URS00003CCCBE_9606,51
P079056,AACUAAGCUAUACUAACCCCA,1,positive,train,GSE279647,URS000044DFF6_9606,214
P063409,AUGGAUUAGUGGAGAAAACAG,1,positive,train,GSE136967,URS0000197BB5_9606,50
P059990,CACUGCCUUUGAACCUGAUGU,1,positive,train,GSE136967,URS000063F860_9606,12
N023631,GUUUUUCAACGUUCACAGUUU,0,negative,train,GSE279647,URS0000817DE1_9606,25
P060460,CUGUGCUGCGUUCUGUGGCAC,1,positive,train,GSE136967,URS00003A9200_9606,74
P060655,CUUAGACUAUAGUUCACUGAU,1,positive,train,GSE136967,URS000075AA41_9606,42
N021327,UGAACGCUCCCGAUCUCAUCU,0,negative,train,GSE279647,URS0000714DF6_9606,30
N020639,CUUUAUUGUAUAUAAGCACUG,0,negative,train,GSE279647,URS00006FC7C7_9606,12
P064744,CAAGGGUAUACGAGUAGCUGC,1,positive,train,GSE308686,URS0000734D8F_9606,195
N009571,GCAGAUCAAGAAGUCCUUGGU,0,negative,train,GSE279647,URS000038DA45_9606,43
N010821,CAGUCAGAAAUGAGCUUAUUC,0,negative,train,GSE279647,URS00004AE041_9606,15
N019892,UCGAGCCCACCCAGGAACGNN,0,negative,train,GSE279647,URS00006E74AC_9606,66
N083544,UAUCUAUAGGUAUGUGUCUGU,0,negative,train,GSE136967,URS000054969A_9606,66
P062271,NNNNNNGGCAGAUGAUGUCCU,1,positive,train,GSE136967,URS000026935A_9606,5
N045974,UGAGACCUGUAACAUUUNNNN,0,negative,train,GSE308686,URS00004ACFCF_9606,124
N010650,GUGCUUAGCAUGUACGAGGUC,0,negative,train,GSE279647,URS000047C79B_9606,37
P061710,UCUUUCGUUUGAGUCUCACGG,1,positive,train,GSE136967,URS00006D7506_9606,38
P063305,UCCGAGUGCAGUGGUGUUUAC,1,positive,train,GSE136967,URS00005CF03F_9606,17
P076200,NNNNNNNNNGACCCAGUGGCC,1,positive,train,GSE308686,URS000059900F_9606,2
N029602,CUUCCUUGGAUGUUUGAGCGA,0,negative,train,GSE308686,URS000071EB91_9606,77
P080048,CGCAUUGGACUUCUAGAGGCU,1,positive,train,GSE279647,URS000047CD44_9606,33
P059933,UUUAAUCUCCUGACACUUGUG,1,positive,train,GSE136967,URS000020C605_9606,30
N023639,CUUGGAUGUCUAUGAGANNNN,0,negative,train,GSE279647,URS0000817DE1_9606,84
P074581,UGUCCAGCACUGGGCUCCGAC,1,positive,train,GSE308686,URS000075DD61_9606,26
N022888,UGCCUCAUAAAGCAAAGUGGA,0,negative,train,GSE279647,URS0000759B0C_9606,58
N015828,UGAUCAUCAUUUCAAAUGCAC,0,negative,train,GSE279647,URS0000678739_9606,95
N010715,UCCUCUGUGGGAAAGAAACUG,0,negative,train,GSE279647,URS0000488BFE_9606,60
N017481,UUCUCACCUAAACCCAAGAAU,0,negative,train,GSE279647,URS00006ACA80_9606,11
P071526,GUGGAUGAGGACAUNNNNNNN,1,positive,train,GSE308686,URS0000A76B4D_9606,73
P065534,CUGCCAAGUUGUGGGUGCAGC,1,positive,train,GSE308686,URS000015F227_9606,44
P058183,AAUGAUGUAUUUUAUUCAACA,1,positive,train,GSE136967,URS00005BBB0D_9606,15
P071475,NNCAGCCCAGUGAUGAUCACU,1,positive,train,GSE308686,URS00008E3A5F_9606,9
P062020,CCAAUCCCCAAGUGGGAGUGA,1,positive,train,GSE136967,URS000065235D_9606,41
N021137,UCACUUCUCAGCCUUUUGGUU,0,negative,train,GSE279647,URS000071090A_9606,12
P066736,GUUGAGGUCUAUCCCGAUGGG,1,positive,train,GSE308686,URS0000202A89_9606,11
N020978,UCUCCGUGGAGCAAUUGGUUA,0,negative,train,GSE279647,URS00007082D4_9606,12
P072348,AUCUUACUACUGAGAAGUNNN,1,positive,train,GSE308686,URS000041615F_9606,65
N010982,CUUGUAGUUGAAAUACAACGA,0,negative,train,GSE279647,URS00004CF38D_9606,19
N003791,UUCCAUACGUGGGUUCCUUGG,0,negative,train,GSE136967,URS000067E73A_9606,25
P068448,CAGGUUUCGCUUGUGGACCAG,1,positive,train,GSE308686,URS00003E7565_9606,50
P079741,CCGUGUUUUCCUGGUGGCCCG,1,positive,train,GSE279647,URS000075EE28_9606,88
N026105,UCAUACCACCCUCAACGCGCC,0,negative,train,GSE279647,URS000314E1A9_9606,19
N008961,CGCUACUUCCCCUAUCAUAGA,0,negative,train,GSE279647,URS00002EDD4B_9606,111
N004908,NNNGUGCUGUGAUGAUGCCUU,0,negative,train,GSE136967,URS0000706C1B_9606,8
N021546,CAAGGUCGGGCCUGGCUAGUA,0,negative,train,GSE279647,URS000071AD91_9606,67
P058190,CAAACUCGAUCACUAGCUCUG,1,positive,train,GSE136967,URS0000656AFD_9606,14
P076102,AAAACUUAAAACUUUACAGUC,1,positive,train,GSE308686,URS000061A10B_9606,40
N024492,UGUACUUUACAGCUAGCAGUG,0,negative,train,GSE279647,URS0000D51C52_9606,32
N017280,AAACUGAAAUGAUGCAGAGAA,0,negative,train,GSE279647,URS00006A8179_9606,38
N003391,UGCAUUCGUAAGUGAUCACGG,0,negative,train,GSE136967,URS0000661CCE_9606,14
P059429,ACAGUUUAUUUGCUACUCUUG,1,positive,train,GSE136967,URS0000361A8E_9606,24
N014732,CCUGAGUACAUGUGAUCUCAU,0,negative,train,GSE279647,URS000065E81E_9606,28
N039622,UGCUUCUUGCAGGCUCAUGAU,0,negative,train,GSE308686,URS00000B589B_9606,105
N003410,AGUUGAACAAAAUGAGUGAAA,0,negative,train,GSE136967,URS000067E73A_9606,48
N016776,NNNNNNNNNNAUACUUAACAU,0,negative,train,GSE279647,URS000069640D_9606,1
N025309,AUAGUCAACGGUCGGCGAACA,0,negative,train,GSE279647,URS0002311975_9606,15
P063850,UUUAUUUUAAGCCCAAAGGUG,1,positive,train,GSE308686,URS000059EAAC_9606,54
P063477,CUGUGACCAAAGAUGGAAGUU,1,positive,train,GSE136967,URS00003818BD_9606,62
P075697,UCGAUAGAGCAUGAGACUCUU,1,positive,train,GSE308686,URS00006C0A49_9606,26
P063909,AGUUGUGCAAAUCUAUGCAAA,1,positive,train,GSE308686,URS0000539083_9606,56
P063182,NNNNNNNGCUGUACAUGAUGA,1,positive,train,GSE136967,URS00006B7869_9606,4
P058495,GAGAUGAUUGGGUAGAAAGUA,1,positive,train,GSE136967,URS000061AA47_9606,89
P074357,ACUCUCUCACUGAUUACUUGA,1,positive,train,GSE308686,URS000069573D_9606,42
P058115,GCAUAUGGCUGAACUUUCAAG,1,positive,train,GSE136967,URS000041615F_9606,37
P058826,UUAGCGCGCGGUACUUAUAAU,1,positive,train,GSE136967,URS00007362AD_9606,30
N034025,ACUUCCAGGAACGGUGCACCC,0,negative,train,GSE308686,URS00006C246E_9606,178
N006540,GCUGGAUUAAGGCUCCAGUCU,0,negative,train,GSE279647,URS0000120E41_9606,37
N016303,UAAAAUUUCUUGGCCUGAAAU,0,negative,train,GSE279647,URS0000687979_9606,22
P072121,NNNNGCUGAGCUGAGGAUGAU,1,positive,train,GSE308686,URS0000ABD829_9606,7
P080798,AACACACAAUAGCUAAGACCC,1,positive,train,GSE279647,URS000044DFF6_9606,409
N003475,ACUAUUGUUAGAUCUGUGGGA,0,negative,train,GSE136967,URS0000202A89_9606,104
P061198,GUUUUGAAACGGUUUGAGGCC,1,positive,train,GSE136967,URS000033FC0E_9606,77
P066265,UAAUUUGGAGGUUGCCAAGGA,1,positive,train,GSE308686,URS0000ABD812_9606,77
P059851,AUAUACAUUCCUUGGAAAGCU,1,positive,train,GSE136967,URS00006BC7F5_9606,31
P075428,NNNNGCCGAAAUAGCUCAGUU,1,positive,train,GSE308686,URS000029CCC5_9606,7
N024347,ACCGCUGCUGCCUGCGUUCGA,0,negative,train,GSE279647,URS0000C8E9D0_9606,48
P057855,UGUGUUGUCGUUCCCCCUGCU,1,positive,train,GSE136967,URS00006623A0_9606,47
P060273,CCUUAAAUUUGAUACCUUUGG,1,positive,train,GSE136967,URS00001BD443_9606,98
P076460,NGGCUCUAUGGCUUAGUUGGU,1,positive,train,GSE308686,URS000065464E_9606,10
P078356,NNNNNNNNNNUGAGCACUUUC,1,positive,train,GSE279647,URS000037D7AE_9606,1
P073517,UGACUUUCGUUCUUCUGAGUU,1,positive,train,GSE308686,URS00004BEE5E_9606,35
N009276,AGUGUUUCUUUGGCAGUGUCU,0,negative,train,GSE279647,URS000033F823_9606,22
N003581,GGAACACAAUGAACUGAACUC,0,negative,train,GSE136967,URS000062C164_9606,57
P060171,UAGCUUCGUUCUAAGUGCUUC,1,positive,train,GSE136967,URS00005F2496_9606,33
N024434,NNNNGUGGUCUAGUGGUUAGG,0,negative,train,GSE279647,URS0000C8E9E9_9606,7
N013587,AGUUUCUGUCUGAUAUGCCAG,0,negative,train,GSE279647,URS0000643FAE_9606,80
N025643,ACGGGGAGGCANNNNNNNNNN,0,negative,train,GSE279647,URS0002915684_9606,75
P064221,NNNNNNNNNCUUUCUACACAG,1,positive,train,GSE308686,URS00002B6637_9606,2
P073486,CUUUCGUUCUUCUGAGUUUGC,1,positive,train,GSE308686,URS00004BEE5E_9606,38
P076276,GGUUAAGGCGUUGGACUCGAA,1,positive,train,GSE308686,URS00001C3F54_9606,27
P061657,UCACAUAAUGAACCGUUGUGA,1,positive,train,GSE136967,URS0000A76DCB_9606,46
N026087,CCCAAUCUCGUCUAAUCUCUG,0,negative,train,GSE279647,URS000314A4A8_9606,37
N014524,AAUAUCUGAUAUAUCCUCUGU,0,negative,train,GSE279647,URS0000658797_9606,66
N026439,UUGACUGAUCUGGCUGGCUAG,0,negative,train,GSE279647,URS00032C054D_9606,68
N003132,AACUGAAUCUAAGUGAUCUGA,0,negative,train,GSE136967,URS0000679D94_9606,42
P061721,CGGCCAUGAGAUCAACCCCAU,1,positive,train,GSE136967,URS00006D7506_9606,56
N007851,GAGCGCAUGCUUAGCAUGCAU,0,negative,train,GSE279647,URS0000209048_9606,31
P060662,CUGGCAAGGAUGAUACACACU,1,positive,train,GSE136967,URS000075AA41_9606,13
P080622,CGCAUUGGACUUCUAGCCUAA,1,positive,train,GSE279647,URS0000755838_9606,33
N026194,CAGAAGCUAAGCAGGGUCUGG,0,negative,train,GSE279647,URS000318B3AE_9606,56
N000700,AUUUUCGCUAACACCAGUAGA,0,negative,train,GSE136967,URS0000714944_9606,96
N005223,CACUUUAAUUAAGCUAAGCCC,0,negative,train,GSE279647,URS00000133BF_9606,57
N029802,AAAUGGCCUUUCUGAACAUCN,0,negative,train,GSE308686,URS0000066733_9606,62
P075392,ACUCCCGGUAUGGGAANNNNN,1,positive,train,GSE308686,URS0000639DBE_9606,67
P069871,GUGUCCCCAAACCUAGUUCUU,1,positive,train,GSE308686,URS000042BEC6_9606,86
N020230,UUUCUCUCUUUUGAGACAGAG,0,negative,train,GSE279647,URS00006F1561_9606,74
N047056,AAUAUCUGAAACUCAGUNNNN,0,negative,train,GSE308686,URS000031EDF0_9606,80
P068600,CGGCAGACAGUUAUCCCUUUC,1,positive,train,GSE308686,URS00004C6FD8_9606,11
P081558,AAUCACCACGAUCAAAAGGAA,1,positive,train,GSE279647,URS000044DFF6_9606,94
N050119,CAUGGGGACCCAGUGUGCGAU,0,negative,train,GSE308686,URS00000D55EA_9606,45
P064068,UCUAGCACCAUCUGAAAUCGG,1,positive,train,GSE308686,URS00004E9304_9606,50
P074854,UCCUGCAAUUCUGAAGGNNNN,1,positive,train,GSE308686,URS00002C37BE_9606,66
P061777,GCACUGGCCCAGAAGGCUGCC,1,positive,train,GSE136967,URS00001FC3CF_9606,52
N019340,GCACUGGUGCAAGGCAGAACU,0,negative,train,GSE279647,URS00006D7E2D_9606,126
P066357,UGGAAACUAGUGAAUGUGGUG,1,positive,train,GSE308686,URS00001BD443_9606,35
P076099,AACAUCAGAUUGUGAAUCUGA,1,positive,train,GSE308686,URS00001FBD75_9606,30
P072402,NNNNNNNNGUCAGAUGAUUUG,1,positive,train,GSE308686,URS000015A7CF_9606,3
N015394,NNNNNNNAGUUUUGUGCAGUG,0,negative,train,GSE279647,URS0000671FC3_9606,4
P067986,AUGGAUAGGUGCAAAAAAUAA,1,positive,train,GSE308686,URS00006607B4_9606,53
N021770,NNNNNNNNUGGUCAGGUGGAA,0,negative,train,GSE279647,URS0000721508_9606,3
P066338,CCUUUGUGUUGCCCAUUCACU,1,positive,train,GSE308686,URS00001BD443_9606,13
N021114,CAAGAUAGUCAGCACUGGCAA,0,negative,train,GSE279647,URS000070F884_9606,104
P061498,GUCUUAAGCUAAUUUUUUGAG,1,positive,train,GSE136967,URS00006E1BD2_9606,87
N056970,ACAUGAAGAUCUGAGGGGNNN,0,negative,train,GSE308686,URS000075EE49_9606,102
N003882,AGAUUGACAUGGACAAUUNNN,0,negative,train,GSE136967,URS00002982D8_9606,125
N014607,CAGUGUUACAGCUCUUUUAGA,0,negative,train,GSE279647,URS0000659914_9606,11
P062681,AGACCAGCAGUUGUACUGUGG,1,positive,train,GSE136967,URS0000552BBC_9606,25
P079238,NNNNNNUAAGACUAUACUUUC,1,positive,train,GSE279647,URS00008189C2_9606,5
P067875,GUCCUGGUGUGCUAGAGUACU,1,positive,train,GSE308686,URS0000451E99_9606,45
N025048,NNNNUAACUUAGCAUUAACCU,0,negative,train,GSE279647,URS0002205828_9606,7
P064630,UCCCUCACCGCUCCAUGUGCG,1,positive,train,GSE308686,URS0000734D8F_9606,105
P075192,GGUCCCCAGUUCAAAUCUGGG,1,positive,train,GSE308686,URS00004D8C39_9606,54
P065943,GGCAAUGAUGAAAAGGUUUUA,1,positive,train,GSE308686,URS000075AAF7_9606,295
N012978,GAAUCCACCUGAGCUCAUCUG,0,negative,train,GSE279647,URS00006359EA_9606,31
P058224,GCUAGCAGAGUACACACAAGA,1,positive,train,GSE136967,URS000075EAF7_9606,81
N021769,CAGUGCGAGGCUUGGUUAGUA,0,negative,train,GSE279647,URS000072139E_9606,67
N011443,NNUACUGCCCUCGGCUUCUUU,0,negative,train,GSE279647,URS0000561D92_9606,9
N005715,NNGGUAUAUAGUUUAAACAAA,0,negative,train,GSE279647,URS000007E215_9606,9
N015876,GACAGCACAUGUACUAAAAUU,0,negative,train,GSE279647,URS000067B22B_9606,22
N011777,NNNNCUAGACCAAUGGGACUU,0,negative,train,GSE279647,URS00005B0FBE_9606,7
N013448,UACCGGGUGCUGUAGGCUNNN,0,negative,train,GSE279647,URS000064027A_9606,112
N037461,AAAUAAUCUAUUCUGAGGCUU,0,negative,train,GSE308686,URS00002EC433_9606,61
P072603,NNNNUUGCCAAUGAUGGUUAA,1,positive,train,GSE308686,URS0000215639_9606,7
N022542,AGCUCGAAGGANNNNNNNNNN,0,negative,train,GSE279647,URS000073FCEB_9606,94
N024705,NNNNNNNNNNAGUUUAACCAA,0,negative,train,GSE279647,URS0000DD9FD7_9606,1
N023649,CGGGUUCUUCGAAUGUGUGGU,0,negative,train,GSE279647,URS00008268E8_9606,17
P064635,ACGUAGGGUAGUCAAGCUUCC,1,positive,train,GSE308686,URS0000734D8F_9606,267
P077936,NNNNNNNNNGGAGAGGGUGGG,1,positive,train,GSE279647,URS0000D509D9_9606,2
P062200,GUGGCAUGAUACUUUGGCCUU,1,positive,train,GSE136967,URS00006DF28D_9606,95
P067531,UUCCCAGUAGGUUUUCUAUCU,1,positive,train,GSE308686,URS00004AEC70_9606,75
P061100,AUGUAUUAUCUGAAUCUAUUG,1,positive,train,GSE136967,URS00000A3335_9606,29
P058480,AUUUUGCCAGUUAGUUCUGAU,1,positive,train,GSE136967,URS000071403B_9606,71
N017132,UGUGCUUGAUCUCAUCUGAUC,0,negative,train,GSE279647,URS00006A4CA5_9606,34
N016653,CUACAGUGAAUACGUCUCUGG,0,negative,train,GSE279647,URS0000690AB9_9606,47
P063420,UACGAACUGAACUCUCUCUUU,1,positive,train,GSE136967,URS0000197BB5_9606,26
N042690,CAGAUUCUGACUUGCACAAGU,0,negative,train,GSE308686,URS000029D639_9606,114
N010012,NNAGGUUGAGGUAGUAGGUUG,0,negative,train,GSE279647,URS00003F0B88_9606,9
N032167,GGUGACAAUGAGACCUGUAAC,0,negative,train,GSE308686,URS00004ACFCF_9606,116
P061502,GCUGCGUUCAGGUCGCAGUCU,1,positive,train,GSE136967,URS000042F13F_9606,37
P062794,UCGGAAGCAUAAUUUUUUGGU,1,positive,train,GSE136967,URS000000A142_9606,87
N010601,GGUCCCCGGUUCGAAACUGGA,0,negative,train,GSE279647,URS000047A6CE_9606,60
P072186,AGUUGGUCCUUUGGUUGCAUA,1,positive,train,GSE308686,URS00002E0A2C_9606,47
N011465,GUUAAGAAUUUCUUCACCUGA,0,negative,train,GSE279647,URS000056438E_9606,23
N023560,NNNUAGCUUACCUCCUCAAAG,0,negative,train,GSE279647,URS00007EA69F_9606,8
P074299,CCCUGGUUUGGGUGCCAGUGA,1,positive,train,GSE308686,URS000075EE49_9606,64
N009979,GUACAGUUUGAGGGUCUAUGA,0,negative,train,GSE279647,URS00003DBD40_9606,29
N053195,CUUUCCUAUAAUGNNNNNNNN,0,negative,train,GSE308686,URS000002FDBC_9606,130
N005639,CAUUUCGAUGGCGUGGGUUCG,0,negative,train,GSE279647,URS000005AEAB_9606,56
P069370,GGAAUAGAAUCUGGCAUGCCU,1,positive,train,GSE308686,URS00004C8BD1_9606,69
P066180,UUGAGACAGGUUAUGCUUCCA,1,positive,train,GSE308686,URS00004ACFCF_9606,74
P061461,GUGAGAGGAUCACUUAAGCCC,1,positive,train,GSE136967,URS0002869C4C_9606,37
N008944,GAAGUGGAUCAAUGAUGAAAC,0,negative,train,GSE279647,URS00002E82E5_9606,35
N001390,AGUGUCUAAUGAUGAAUUUCA,0,negative,train,GSE136967,URS00006BB86E_9606,25
P060057,AUCAAAACCAGGCGGAAACAN,1,positive,train,GSE136967,URS0000750232_9606,64
P080284,CCCGUUCCAGUGAGUUCACCC,1,positive,train,GSE279647,URS000044DFF6_9606,69
N008063,UUGGAACGAUAUAGAGAUUAG,0,negative,train,GSE279647,URS0000226787_9606,41
P059706,UGCGAUUUCCCCAAAUGUGGG,1,positive,train,GSE136967,URS000032B6B6_9606,100
P063535,UUCUUAUCAGUUUAAUAUCUG,1,positive,train,GSE308686,URS00006A3E7F_9606,53
N015621,UGAGUACCCUGGGGUGUCUGA,0,negative,train,GSE279647,URS0000674865_9606,22
N020977,ACCUGAGGCCANNNNNNNNNN,0,negative,train,GSE279647,URS0000708227_9606,74
P060812,AUCGAUGAUGACCUCAAUACA,1,positive,train,GSE136967,URS0000196CD1_9606,13
P063189,AUGACAACUGGCUCCCUCUAC,1,positive,train,GSE136967,URS00006B7869_9606,21
P062924,CGGCCAGCGAAGUGAGUUCAA,1,positive,train,GSE136967,URS000013F331_9606,265
N017195,AACGACACAGACAUUAGCCUG,0,negative,train,GSE279647,URS00006A6692_9606,45
P069356,GACAUCAGUGCCUCUCAGGAA,1,positive,train,GSE308686,URS00004C8BD1_9606,37
P061103,UAUUAUCUGAAUCUAUUGCUG,1,positive,train,GSE136967,URS00000A3335_9606,32
P066441,AGUAGUUUACACAGCCAGACA,1,positive,train,GSE308686,URS000031F86D_9606,37
P058484,AAGUGUUGAGUUCAGUCCAGG,1,positive,train,GSE136967,URS000061AA47_9606,16
N014617,GUAGGCUUUCUGGCUUUUUAC,0,negative,train,GSE279647,URS0000659914_9606,41
P062266,GAUGAAAGCACAUUUGAACCC,1,positive,train,GSE136967,URS0000714052_9606,44
N017596,CAUGCCUGAUCCCAAUUGAUC,0,negative,train,GSE279647,URS00006B0A14_9606,34
N015921,NNNNNNUGUGUAUGAUGAGAU,0,negative,train,GSE279647,URS000067C03A_9606,5
P070127,CAGUGGCAGUUUAUGGAUUCG,1,positive,train,GSE308686,URS00004640CB_9606,40
P059332,UUUAUUGAUCGAUUUAGAGGC,1,positive,train,GSE136967,URS000043549A_9606,121
P058885,GCCUGCUGUCAGUAAGCUGGU,1,positive,train,GSE136967,URS0000679E95_9606,58
P072820,CAAUGAUGUAAUGGCAUGUAU,1,positive,train,GSE308686,URS00002F8E76_9606,14
N002533,NNNNNNNNNNCUGAGUCCAUG,0,negative,train,GSE136967,URS0000634240_9606,1
P072326,AAAUUCUGAGUAGCNNNNNNN,1,positive,train,GSE308686,URS0000197BB5_9606,72
P067326,GGACCUCAGUAGGGAAUGGCU,1,positive,train,GSE308686,URS0000552BBC_9606,105
N022329,UCUGAUAUAUCUUAUCAGUUU,0,negative,train,GSE279647,URS000072D805_9606,49
N015313,UCUACGGCCAUACCACCAUGA,0,negative,train,GSE279647,URS000066CD1F_9606,12
N001147,UCCCUGGAUCAAAACCAGGCG,0,negative,train,GSE136967,URS0000750232_9606,57
N021325,ACCUUGAACGCUCCCGAUCUC,0,negative,train,GSE279647,URS0000714DF6_9606,26
P064279,UUGUAUAGUUUUAGGGUCACA,1,positive,train,GSE308686,URS00005EB5B7_9606,28
P079509,AGAGCCCGGUAAUCGCAUAAA,1,positive,train,GSE279647,URS00019F0581_9606,22
N020753,AGAAACUAAGCAGGAUUGGGC,0,negative,train,GSE279647,URS0000700638_9606,57
P081536,GAGUGCAGUGGUGUUUACAAC,1,positive,train,GSE279647,URS0000717DFB_9606,20
P079961,AUUGGACUUCUAGCCUAAAUC,1,positive,train,GSE279647,URS0000755838_9606,36
P063717,GUGGGAAGGGGGGCCGAUACA,1,positive,train,GSE308686,URS000046FA49_9606,17
P070318,GGUAUCUGCACUCAGCAGUUU,1,positive,train,GSE308686,URS00003A960A_9606,21
P073057,AACCUGAACUUCUGUUGAAAA,1,positive,train,GSE308686,URS00002524EE_9606,33
N001861,NNNNNNNNNCAGGCUGAUGAG,0,negative,train,GSE136967,URS000014FF3E_9606,2
P066959,NNCAUGGCUGCUGUAAUGUGU,1,positive,train,GSE308686,URS0000818C5D_9606,9
P070645,UGGAGCCCAUGCGUGUCAUCU,1,positive,train,GSE308686,URS0000706530_9606,20
P070789,CACACUUGCCCUCACUUAGAC,1,positive,train,GSE308686,URS000075AA41_9606,28
N003334,UCCUCGUCAAACUGAGGUCCN,0,negative,train,GSE136967,URS0000196CD1_9606,83
P060796,UCCUGGCCUAUUUUUCUGCUC,1,positive,train,GSE136967,URS00006C9D52_9606,14
P070056,ACAGAACCGUUCCUGUGAUGG,1,positive,train,GSE308686,URS000000D517_9606,36
P077146,AUUAAAUGGAUUUUUGGAAAU,1,positive,train,GSE279647,URS00006D1C46_9606,100
P061060,NNNNCAGUAGUGAUGAAAUUC,1,positive,train,GSE136967,URS0000651CAB_9606,7
P072138,AUUGAUGAAAUCUCAAGAAAA,1,positive,train,GSE308686,URS000053D4AB_9606,41
P062363,GCACAGUCAGUCACCAGGUUA,1,positive,train,GSE136967,URS00002BF97D_9606,111
N012983,GAGCUCAUCUGAUCUCGGAAG,0,negative,train,GSE279647,URS00006359EA_9606,41
P074502,ACCUAUACAGGCCUCUGCUAU,1,positive,train,GSE308686,URS00003D103A_9606,42
P069020,AGGGAGAGGAAUUGCUGAAAG,1,positive,train,GSE308686,URS0000468B49_9606,65
P082066,GGAGGCAGCCAGGGCUUACCU,1,positive,train,GSE279647,URS0000ABD8D1_9606,92
P064978,UUUUUUGAGGCCUUGCUUUGG,1,positive,train,GSE308686,URS000075BAAE_9606,99
P070972,AGUAUGCGUGGGGCAUCUGAA,1,positive,train,GSE308686,URS00006B57E0_9606,24
N022330,UCUUAUCAGAGGACAAUAUUU,0,negative,train,GSE279647,URS000072D805_9606,86
N011786,GAUAACAGCCAUCCGUUGGUC,0,negative,train,GSE279647,URS00005B15EA_9606,20
P075336,NNNNNNNUCCUCGUUAGUAUA,1,positive,train,GSE308686,URS00006174C2_9606,4
P061704,CAACAUUCACCAUCUUUCGUU,1,positive,train,GSE136967,URS00006D7506_9606,26
N008044,UAGAUAGUUAGAGAAAUUCAA,0,negative,train,GSE279647,URS0000225EE1_9606,46
N007771,UUAGGGUGCUUAGCUGUUAAC,0,negative,train,GSE279647,URS0000200C14_9606,28
N007260,CCGGUUCGAAACUGGAUGGAA,0,negative,train,GSE279647,URS00001A86BB_9606,60
P062938,CUGUCACUCCACUCCCAUGUC,1,positive,train,GSE136967,URS000013F331_9606,58
P063114,AGCAAAUGAUGAUAAACUGGA,1,positive,train,GSE136967,URS00006292A1_9606,18
P057957,UGAUGGCAUUUCUUAGGACAC,1,positive,train,GSE136967,URS00004BB247_9606,17
P076793,NNNNNNNNNNAUACUUACCUG,1,positive,train,GSE279647,URS000032B6B6_9606,1
P066873,AAAGCACUCAAUGGGCCUGUG,1,positive,train,GSE308686,URS00004EA987_9606,21
P064445,CACUCCAAAGUCCGCCAAGAA,1,positive,train,GSE308686,URS00026A2211_9606,145
P066926,GGAAUAUUUAUCCUUUUAAAU,1,positive,train,GSE308686,URS000028CE2F_9606,101
N019949,GCCAUACACUCUGAACGCACC,0,negative,train,GSE279647,URS00006E9D7F_9606,18
N050343,CCUGGUAUUUCUACUGAUACA,0,negative,train,GSE308686,URS00003A960A_9606,126
N019298,GGUUCAAUCCCUGGUACCUCC,0,negative,train,GSE279647,URS00006D68C3_9606,61
N014415,GCUGGUUAGUUCAGUUGGUUA,0,negative,train,GSE279647,URS00006560DC_9606,12
N021734,GGUUGGGCCUGGUUACUACCU,0,negative,train,GSE279647,URS00007202B6_9606,81
P075158,GCAUAGCUCAGUGGUAGAGCA,1,positive,train,GSE308686,URS000026DCDD_9606,15
P071801,AUUUAGAGGCAUUUGUCUGAG,1,positive,train,GSE308686,URS000043549A_9606,132
P067551,CUUUAAAAACUGGCAAUAGUA,1,positive,train,GSE308686,URS00005A3020_9606,58
N027522,CUGUUGAGACUCUGAAAUCUG,0,negative,train,GSE308686,URS00004E0FA9_9606,54
N013972,UGAGUACCAUGGGGUAUCUGA,0,negative,train,GSE279647,URS000064C51A_9606,22
N016798,CGAGCCUAGAGUAGAGGGGCC,0,negative,train,GSE279647,URS0000696CDC_9606,61
N001562,UGGUUAUCACGUCUGCUUUAC,0,negative,train,GSE136967,URS000070B37B_9606,26
P068197,AUGCCUUGGACACAUAGNNNN,1,positive,train,GSE308686,URS0000438819_9606,129
P063483,UUAUGAGGCUGUGAAACCCAG,1,positive,train,GSE136967,URS00003818BD_9606,30
P072038,UGAUGAGUGUACAAAAUCUUG,1,positive,train,GSE308686,URS000075A742_9606,31
P071317,GCCUCAGAGCUUUGAAGGAGC,1,positive,train,GSE308686,URS000062A15C_9606,64
N022814,CGUUAGUCUCACACGUGAAAG,0,negative,train,GSE279647,URS00007578A8_9606,35
P082723,CAGUACAAUACCUGCAAGCUG,1,positive,train,GSE279647,URS000002FDBC_9606,101
P073251,NNNNNNGUGUAUGAUGACAAC,1,positive,train,GSE308686,URS000029360B_9606,5
N008973,ACCUUUCAUGAUCACGCCCUC,0,negative,train,GSE279647,URS00002EDD4B_9606,142
P079573,AUAUAUCUUAAUGGCACAUGC,1,positive,train,GSE279647,URS00002EDD4B_9606,69
P072048,CUUAGUAUUGAAGUGAAGACA,1,positive,train,GSE308686,URS0000ABD85F_9606,36
N053646,CUCAGCUCACCGCGCGCUGCC,0,negative,train,GSE308686,URS00006D48F7_9606,82
P058787,GUGAUUCCCUCUCCAAGGGGA,1,positive,train,GSE136967,URS00004C8BD1_9606,18
N018922,UUUUCUCCUUUUACUAAUGAU,0,negative,train,GSE279647,URS00006CD54D_9606,42
P060169,UCCAAGAUAUGAGUGAAUGCU,1,positive,train,GSE136967,URS00005F2496_9606,52
P077339,NNNNNNNACUUACCUGGCAGG,1,positive,train,GSE279647,URS00000B27D7_9606,4
N010849,NNNNNNGAUGCUGGUGGUUGG,0,negative,train,GSE279647,URS00004B92A1_9606,5
N028775,GUGGAGCCAUGGUAUCAGGUG,0,negative,train,GSE308686,URS00006A5FBC_9606,36
P075491,GUUUAGUGGUAGAAUUCUCGC,1,positive,train,GSE308686,URS00006B479B_9606,20
N004955,GAUAGCUGGGUUUAAGAAGUG,0,negative,train,GSE136967,URS000021BC29_9606,76
P068961,GCUCAGGGUGGAGGCCAGUCU,1,positive,train,GSE308686,URS00004C6257_9606,25
N014704,UUAGUGCAGCUGGCAGCGCGU,0,negative,train,GSE279647,URS000065DEBF_9606,17
N007941,GUGGCCUGAUGGAUAAGGUAC,0,negative,train,GSE279647,URS0000215F73_9606,15
N015278,UACAGAGAAAAUUAGCAUGAC,0,negative,train,GSE279647,URS000066B8ED_9606,46
P080189,CCGUAAAUGAUAUCAUCUCAA,1,positive,train,GSE279647,URS000081566B_9606,32
P058542,NNNNNNNGGGCCUCCAUGAUG,1,positive,train,GSE136967,URS00006DA236_9606,4
P072013,ACAAAAUCUUGAUUUAAGUGA,1,positive,train,GSE308686,URS000075A742_9606,41
P062397,GACCUACAAUUCCUUGGCUGU,1,positive,train,GSE136967,URS0000706C1B_9606,65
N003653,UUUAAUUGUCGGAUACCCCUU,0,negative,train,GSE136967,URS000034C57A_9606,25
P067198,UGGAAGAAACAUAGNNNNNNN,1,positive,train,GSE308686,URS00002E5E66_9606,132
P059549,AACUGGAGUGAGAGAGUAGGA,1,positive,train,GSE136967,URS0000569A4A_9606,219
N019650,CUGCUGGUGGCGUAUGAGUCU,0,negative,train,GSE279647,URS00006DFE33_9606,25
P071332,CAACAGUCCCUCUAAACUGAU,1,positive,train,GSE308686,URS000075CB76_9606,77
N003946,GCAACAUUUUGGGAAAAUACA,0,negative,train,GSE136967,URS0000A8F432_9606,124
P062333,UCACGCUUGGGUAUCGGCUAU,1,positive,train,GSE136967,URS00002BF97D_9606,24
P075893,UCUUAGCGCAGUGGGCAGCGC,1,positive,train,GSE308686,URS00006E998F_9606,15
N028507,GCCACCCGCCACUGCACCUGA,0,negative,train,GSE308686,URS000075B118_9606,14
P065969,UUUACGACUGACCUUUGUAAC,1,positive,train,GSE308686,URS000075BDDC_9606,307
N012831,AUCCCUAUCUCAUCUGAUCUC,0,negative,train,GSE279647,URS0000632BBF_9606,35
N016283,GACCUGGCAUUAGGAUUUUAG,0,negative,train,GSE279647,URS00006868E5_9606,38
N027372,CAUUCUAGAGAAUGGGCACUG,0,negative,train,GSE308686,URS00004ACFCF_9606,16
P081056,AGUGAUUAACCUUUAGCAAUA,1,positive,train,GSE279647,URS000044DFF6_9606,182
N017327,AGUACAUAUAUAAAAUUGGAA,0,negative,train,GSE279647,URS00006A9CAD_9606,25
P077058,UGAAGAACGCAGCUAGCUGCG,1,positive,train,GSE279647,URS0000005270_9606,48
P061521,ACUUAGAGAGAAUAGGACUAA,1,positive,train,GSE136967,URS00008E3A5F_9606,36
N025344,UUUUCCCAGGGUGAGGUUCCA,0,negative,train,GSE279647,URS0002314685_9606,52
P063060,UUGAUUGUUCACAGUCAGUUA,1,positive,train,GSE136967,URS0000103047_9606,41
P074882,AGGACUUUAUGCUGGAGUUCU,1,positive,train,GSE308686,URS00003B57B1_9606,45
N024049,CACCAAAUCUCAUUUGAUCUC,0,negative,train,GSE279647,URS0000A9DB46_9606,36
P059238,AGAAAUGACAUGCAUUUAUGC,1,positive,train,GSE136967,URS0000636A2E_9606,197
P059003,NNNNNNUCCCAAUGAUGAGUU,1,positive,train,GSE136967,URS00000E9A93_9606,5
P073500,AUCAAAAUGACUUUCGUUCUU,1,positive,train,GSE308686,URS00004BEE5E_9606,28
N005469,AUAAACUAAUACACCAGUCUU,0,negative,train,GSE279647,URS000004601F_9606,23
P068336,GCGCAUAACUGGGGCCGCCUG,1,positive,train,GSE308686,URS0000726F61_9606,84
P066955,UCUGCAUUAAAAGGAAUAUUU,1,positive,train,GSE308686,URS000028CE2F_9606,89
P060738,GAUUCUCGCUUAGGGUGCGAG,1,positive,train,GSE136967,URS00005DB87D_9606,32
N024771,NNNNNNNNNGGGUGUGAUAGG,0,negative,train,GSE279647,URS0000DE4DF0_9606,2
N019381,CAGCUUGCUCAGUAGCUGGUG,0,negative,train,GSE279647,URS00006D8D2C_9606,105
N023236,CUGGCCCCAUCUGGAAGACUA,0,negative,train,GSE279647,URS000075CAE5_9606,31
N026676,CUAAGCAGAGUUGGGCCCGAU,0,negative,train,GSE279647,URS00033D96C8_9606,62
N026280,CCCUUAACACACCCGAUGUCA,0,negative,train,GSE279647,URS00031F5700_9606,27
N020413,UGACUGUAUAGAAAAAGAAGU,0,negative,train,GSE279647,URS00006F5B71_9606,48
P071413,NNNNUGUAAAUGAUGACUUCA,1,positive,train,GSE308686,URS0000359B05_9606,7
N018305,ACUAAAAUUGGUUUAUAGCCC,0,negative,train,GSE279647,URS00006C2A6C_9606,59
N009825,CUCCGUGCCACCUAUCACACC,0,negative,train,GSE279647,URS00003BE447_9606,54
P080311,UAAGAGUAGAGUGCUUAGUUG,1,positive,train,GSE279647,URS000044DFF6_9606,800
N023172,GGCUCAGUAGCCAGUGUAGAU,0,negative,train,GSE279647,URS000075C381_9606,39
P059971,UGAUGAUUUCUAUUUGUUUGC,1,positive,train,GSE136967,URS000063A91D_9606,19
P064736,GGGUAUACGAGUAGCUGCGCU,1,positive,train,GSE308686,URS0000734D8F_9606,198
P072047,NNNNNNNNNNAAGAAAUGAAG,1,positive,train,GSE308686,URS0000ABD85F_9606,1
N026208,CCAAUCUCAUCAGAUCUCGGA,0,negative,train,GSE279647,URS000318D3D0_9606,39
P061071,GGCACCAUGAGGAUGGGCUGG,1,positive,train,GSE136967,URS0000704142_9606,96
N034535,UCAGCCACCCGCCACUGCACC,0,negative,train,GSE308686,URS000075B118_9606,11
P074094,UUUUUCUGAUGUUNNNNNNNN,1,positive,train,GSE308686,URS000051B5A1_9606,63
N018458,AGUACAUUGUAACCACCUCUC,0,negative,train,GSE279647,URS00006C57F3_9606,40
P070411,GGCCCGUCACCCUGGGCCUGU,1,positive,train,GSE308686,URS0000647500_9606,33
N020227,NNNNNNAUAGUUUCUCAGCCU,0,negative,train,GSE279647,URS00006F1461_9606,5
P073807,AGUAAAGCUCAACGUGAUUAC,1,positive,train,GSE308686,URS00006A82CA_9606,47
P081857,GUUACGCAGGCAGUGCGUGUC,1,positive,train,GSE279647,URS0000D5B596_9606,217
P079246,AAAUGAUAUCAUCUCAACUUA,1,positive,train,GSE279647,URS000081566B_9606,36
N019385,AGCUCCUCUGAGCUCGUGAAG,0,negative,train,GSE279647,URS00006D8D71_9606,41
P069216,NNNNNNNNNAAAGCAGGAUUC,1,positive,train,GSE308686,URS00004B4AC7_9606,2
P065765,AAUGUCCUACAGAAAUAUAGU,1,positive,train,GSE308686,URS0000466492_9606,63
N012338,GCUAAGCAGGUUGGGUCUGGU,0,negative,train,GSE279647,URS0000624BAB_9606,61
P072092,GGCCUUUCUGUGUGGAAUUUG,1,positive,train,GSE308686,URS000031EDF0_9606,59
P059078,AUGAUGGAAAAAUCAUUAUUG,1,positive,train,GSE136967,URS00006F0D71_9606,17
N024145,AGGUUACGUCAUGCUGUUCUA,0,negative,train,GSE279647,URS0000AACEDB_9606,32
N053138,AGGCUCAAGAUCAACCAUCCC,0,negative,train,GSE308686,URS000075B384_9606,114
N026377,GCCUGGUUAGAACUUGGCUGA,0,negative,train,GSE279647,URS000325852A_9606,75
P064166,NNNNNNUCUGUUUAUCACCAG,1,positive,train,GSE308686,URS000070F95C_9606,5
P075877,CGAACCCCACUUCUGGUANNN,1,positive,train,GSE308686,URS00006F940C_9606,76
P063165,GUGCCUGUGGCCUCGGGGCAA,1,positive,train,GSE136967,URS00006CC68C_9606,52
N019009,AUUAUAAAGACUAGGGUGAGG,0,negative,train,GSE279647,URS00006CEBFE_9606,118
P071331,AUUUUAUUACUAAAUGAGGAC,1,positive,train,GSE308686,URS000075CB76_9606,57
P069079,CACUGGUCUUGGUGGUCGUAA,1,positive,train,GSE308686,URS00005D459D_9606,43
N002810,UCAUGAGCUGCCCGUGCCCUG,0,negative,train,GSE136967,URS00006BEDDC_9606,29
P066778,CAUUGACCUGCUUUCUUUUAU,1,positive,train,GSE308686,URS000033A30E_9606,21
N000533,UUAUUCUAUUCAUUUAUCCCC,0,negative,train,GSE136967,URS000068A4EE_9606,110
N015253,GUUCUGCUCCUUCCCCCUUCU,0,negative,train,GSE279647,URS00006696D6_9606,77
P059284,GUAUCUUUGGGACCUGUCAGC,1,positive,train,GSE136967,URS000029D639_9606,17
N026164,GAGACCGCCCUGGAAUACCUG,0,negative,train,GSE279647,URS0003171B48_9606,96
P063767,UGAAAGGGCAUCGGUCAGGUC,1,positive,train,GSE308686,URS000075E379_9606,72
N009278,CUGGUUGUUGUGAGCAAUAGU,0,negative,train,GSE279647,URS000033F823_9606,46
P061448,AUUGGUUGCCAGACAUUCGCA,1,positive,train,GSE136967,URS00006F7FE3_9606,22
P077053,GAAGGUUAGCACUCCCCUUGA,1,positive,train,GSE279647,URS00006C0FA0_9606,29
P069641,GGGCUGCCUUUGCCCUGGUCA,1,positive,train,GSE308686,URS000045555D_9606,32
N024629,NNNNNNNNNNACUUAGCAUUA,0,negative,train,GSE279647,URS0000DCC92F_9606,1
N022903,UGCUAACGAAUGCUCUGACUU,0,negative,train,GSE279647,URS0000759EFA_9606,13
P057906,GUUUGGCUGUUAACUAAAAGG,1,positive,train,GSE136967,URS000068D6AF_9606,37
P075127,CCUCGGUUCGAUCCCCGACAC,1,positive,train,GSE308686,URS00001D4EE9_9606,56
P064983,CUGGUUUCUCUUCAGAUCGCA,1,positive,train,GSE308686,URS000075BAAE_9606,16
N017603,CUUGGAAACUAAGCAGGGUUG,0,negative,train,GSE279647,URS00006B0A14_9606,54
N049874,CUCGACUCGUGUGCGGACAUU,0,negative,train,GSE308686,URS000075B5A7_9606,239
P059036,GUUCAAAUCCUGCUCACAGCG,1,positive,train,GSE136967,URS0000530C88_9606,72
N012545,AUUCGUGAAAUGUUUGAUAUU,0,negative,train,GSE279647,URS000062A165_9606,91
P059123,UACGCUUGUGUGAGAUGUGCC,1,positive,train,GSE136967,URS000064F355_9606,50
P064770,GGGCUGUAGUGCGCUAUGCCG,1,positive,train,GSE308686,URS00000478B7_9606,91
P066426,GCAGUCUUCCCUUUAGAAUGA,1,positive,train,GSE308686,URS000031F86D_9606,68
N003715,AGCUUUCUCACANNNNNNNNN,0,negative,train,GSE136967,URS00007168E7_9606,133
P072118,UAUCCCUGUCUGAAAUGGUAU,1,positive,train,GSE308686,URS0000ABD829_9606,35
N014761,UGGAGUUUGUGCUAACUCUAG,0,negative,train,GSE279647,URS000065E84A_9606,82
N020770,ACUGUUUUGAUUUUGUAAUAG,0,negative,train,GSE279647,URS0000701472_9606,25
N022735,AGUGGUUAUCACAUUCGCCUU,0,negative,train,GSE279647,URS0000753215_9606,24
P058377,UAAAUAGUAAUGCUGCCAGUC,1,positive,train,GSE136967,URS000033A30E_9606,104
P059743,GGCGAGGCUUAUCCAUUGCAC,1,positive,train,GSE136967,URS000032B6B6_9606,61
N002684,NNNNNNNNNNGGGACCCCGUG,0,negative,train,GSE136967,URS000065F8CD_9606,1
N000602,UCCUGAAGCGAACCACUAGUC,0,negative,train,GSE136967,URS0000633321_9606,94
P058767,CUCCUGUGGAGUUGAUCCUAG,1,positive,train,GSE136967,URS00007136D1_9606,172
P061975,CGUAACGGGGAGAGAGAGAAA,1,positive,train,GSE136967,URS0000210FD6_9606,59
P077854,UACGAGCCACAGCUUAAAACU,1,positive,train,GSE279647,URS000044DFF6_9606,507
P057905,AGCGCGUUUGGCUGUUAACUA,1,positive,train,GSE136967,URS000068D6AF_9606,32
P072498,UUGAUCCUCAUGAAAGCAGCA,1,positive,train,GSE308686,URS00005B985B_9606,43
P061594,CAUGCCAUCUGAGUGUCGGUG,1,positive,train,GSE136967,URS00006CCF53_9606,30
P060326,AAUAUGAGGGUGUUCAGUCAC,1,positive,train,GSE136967,URS0000653FA4_9606,60
N021437,AUGACCUCUGCACAAGGAUGA,0,negative,train,GSE279647,URS0000719278_9606,68
P078151,CACUACAGCCCAGAACUCCUG,1,positive,train,GSE279647,URS000233AD7D_9606,465
N003461,GCGGAAGCGUGCUGGGCCCAU,0,negative,train,GSE136967,URS000030BAD5_9606,25
P059752,UUUUCCCAGGGCGAGGCUUAU,1,positive,train,GSE136967,URS000032B6B6_9606,52
P065715,NNUGGACAUUUAUUUUUAUUC,1,positive,train,GSE308686,URS0000466492_9606,9
N037671,GUCAAAACUAAGUUCUGANNN,0,negative,train,GSE308686,URS0000716E7D_9606,57
P074396,NNNNNNACAGCACAAAUGAUG,1,positive,train,GSE308686,URS00005160A3_9606,5
N011987,GACUAGCCUUUUNNNNNNNNN,0,negative,train,GSE279647,URS00005CF03F_9606,101
P058057,AAAGUUGGUAUACAACCCCCC,1,positive,train,GSE136967,URS0000007D24_9606,62
P059171,AUCCUAUUCCAUUGCUGAAAU,1,positive,train,GSE136967,URS000062C164_9606,29
P069885,UAGGGGAGCAUAGGGCUCUGC,1,positive,train,GSE308686,URS00000DE3E2_9606,65
N005303,GGUUUUUCAUAUCAUUGGUCG,0,negative,train,GSE279647,URS0000021028_9606,36
N020817,AGGUUUGGGCCUGGUUAGUAU,0,negative,train,GSE279647,URS0000703254_9606,69
N005227,AGUGAAGCAUUGGACUGUAAA,0,negative,train,GSE279647,URS0000013E6C_9606,27
N021842,GGACCAAUGAUGACCACUGGU,0,negative,train,GSE279647,URS00007234FC_9606,12
N035497,NNNNNUCCCAUAUGGUCUAGC,0,negative,train,GSE308686,URS0000639DBE_9606,6
P081467,CACACCGCCCGUCACCCUCCU,1,positive,train,GSE279647,URS000044DFF6_9606,842
P058054,ACUAAAGUUGGUAUACAACCC,1,positive,train,GSE136967,URS0000007D24_9606,59
P057581,CUAUACUUUCAGGGAUCAUUU,1,positive,train,GSE136967,URS0000650B1E_9606,15
P070641,NNNNNNGCUCUGUGAUGGAGC,1,positive,train,GSE308686,URS0000706530_9606,5
N023524,NNNNNNNNNGUCCCUGAGACC,0,negative,train,GSE279647,URS00007E4581_9606,2
P067466,GGUUUCCACCACAGAUGCAAG,1,positive,train,GSE308686,URS0000721537_9606,56
N017866,NNNNNNNNGGCUGAUCUGAAG,0,negative,train,GSE279647,URS00006B8A08_9606,3
N014928,AGUAUUGGUGGAGGUGUCUGA,0,negative,train,GSE279647,URS0000661285_9606,24
P058006,UAAUGAUAUCACUGUAAAACC,1,positive,train,GSE136967,URS0000507EBE_9606,45
N004816,UCGUUCCACUACUGACAUUUN,0,negative,train,GSE136967,URS0000466492_9606,121
P065152,UCGGGGAGGUGAGUUCCCAGA,1,positive,train,GSE308686,URS000013F331_9606,137
P076529,UGGUAGAGCGUAUGCUUAACA,1,positive,train,GSE308686,URS000071ED2F_9606,26
P078255,CUUAAGGGUCGAAGGUGGAUU,1,positive,train,GSE279647,URS000044DFF6_9606,768
P059084,AGAAUGACAUGAACAAAGGAA,1,positive,train,GSE136967,URS00006F0D71_9606,42
P065465,NNCUGGAGACUAAGAAAAUAG,1,positive,train,GSE308686,URS00005172B7_9606,9
N026592,ACUGUCAUAUCACCCUGAACA,0,negative,train,GSE279647,URS000339048A_9606,15
P063697,NNNNNNNUUUACCUUCUUGUA,1,positive,train,GSE308686,URS000075EAF7_9606,4
P057901,CUCUAUACCGUCAUCUUCGUU,1,positive,train,GSE136967,URS00004219CE_9606,70
P066186,NNNNNNNNNGGUCUCUCAGCU,1,positive,train,GSE308686,URS0000034D55_9606,2
P081876,CUUGUGUUAUGGCCACUGAGA,1,positive,train,GSE279647,URS0000569A4A_9606,288
P065632,AAGGAGUUCUCAGGGCUGCCA,1,positive,train,GSE308686,URS00005A2612_9606,80
P067346,GAUUGUAUUCUUGCCCUGGGA,1,positive,train,GSE308686,URS000022C1CA_9606,83
P064588,UCUGGCUGGCUAGGCGGGUGU,1,positive,train,GSE308686,URS0000734D8F_9606,76
N055862,AUUCAGAAAGCCAGCACAUUA,0,negative,train,GSE308686,URS000028CE2F_9606,124
N053139,AGAUCAACCAUCCCACAUAGA,0,negative,train,GSE308686,URS000075B384_9606,121
P064676,AGUCAAGCUUCCAAGACUCCA,1,positive,train,GSE308686,URS0000734D8F_9606,276
N083368,AAUUUUUGUGUGUCUGAUCAG,0,negative,train,GSE136967,URS0000729A81_9606,66
P071162,UUAAGCAGGAUUACUCUGAGA,1,positive,train,GSE308686,URS000075EC44_9606,73
N003303,CCAUAAAACCCAGAGAAGAGA,0,negative,train,GSE136967,URS00006810EA_9606,72
P058832,UGCCGAGGUUGUGAGUUCGAG,1,positive,train,GSE136967,URS00007362AD_9606,50
N016218,UUAGUACUUGGAUGGAGAAAU,0,negative,train,GSE279647,URS0000684921_9606,82
N024097,CGAUCUCAUCUGAUUUCCGAA,0,negative,train,GSE279647,URS0000AA4149_9606,40
P062340,GCCUGAGUGUGCUAGAGUCCU,1,positive,train,GSE136967,URS00002BF97D_9606,46
P057919,UCCCUGACCUGGGUAGAGUGG,1,positive,train,GSE136967,URS0000438819_9606,13
P064452,GUAUCCCGCUGAGCGGCGUGG,1,positive,train,GSE308686,URS00026A2211_9606,168
N007496,UAAGGCGUCGGUCUCGUAAAC,0,negative,train,GSE279647,URS00001D9AFB_9606,29
P066747,CUAUCCCGAUGGGGCUUUUCC,1,positive,train,GSE308686,URS0000202A89_9606,19
P060012,UGGCCCUUAUCGAAGCUGCAG,1,positive,train,GSE136967,URS00006D2F8D_9606,13
P065675,GCCGGGCCGACCCGAAAUGAA,1,positive,train,GSE308686,URS000023DE4C_9606,222
N003226,CUUUGCUAGCAAUCAGCUUAU,0,negative,train,GSE136967,URS00004AEC70_9606,100
P059435,GCCACAAUGAUGACAGUUUAU,1,positive,train,GSE136967,URS0000361A8E_9606,12
P059068,UCCACAGUGGGCUAUACCACU,1,positive,train,GSE136967,URS000063EA00_9606,94
P080405,GCGCAUAGUGAGGGCAGUACU,1,positive,train,GSE279647,URS000075ADBA_9606,49
N024453,UCCUCAGUGGUCUGGGGUGCA,0,negative,train,GSE279647,URS0000C8E9EB_9606,21
P062761,CUUCUGUCGUGAGUGGCACAC,1,positive,train,GSE136967,URS000000A142_9606,19
P072555,CUCACUGAAUUCAACCUUGAA,1,positive,train,GSE308686,URS000061A537_9606,29
P061989,AGUUGCACUUGGCUUCACCCG,1,positive,train,GSE136967,URS0000210FD6_9606,29
P072583,AUUACUGUGAAGAGUAAAACC,1,positive,train,GSE308686,URS00003BC8C2_9606,42
N005384,UUCAUAUCAUUGGUCGUGGUU,0,negative,train,GSE279647,URS0000028D1E_9606,42
N052808,AGUCUUAUUUCAUACCUGCGA,0,negative,train,GSE308686,URS00005F2496_9606,120
P063197,UGAGGAAACUGCCAUGUCACC,1,positive,train,GSE136967,URS00006B7869_9606,52
N004349,UCUGAGGCUUAANNNNNNNNN,0,negative,train,GSE136967,URS000072C309_9606,71
P058772,AAUCUGAGGGUCCAGGGUUCA,1,positive,train,GSE136967,URS000022DD4A_9606,47
N012354,UUAUUUGUUCCUUCUCCACUC,0,negative,train,GSE279647,URS0000624D17_9606,67
P070419,UUAUGACAGGCCCGUCACCCU,1,positive,train,GSE308686,URS0000647500_9606,25
N021718,UUCCCUCCUCACUACUGCACU,0,negative,train,GSE279647,URS000071EDC8_9606,87
N002339,GGCGCUGGAUUUAGGCUCCAG,0,negative,train,GSE136967,URS00001B506A_9606,34
P069453,UAGCGGUGGUUUAAACAGAGG,1,positive,train,GSE308686,URS00005357F7_9606,44
N023241,UUUCCCCAAAUGAGGGAAUCU,0,negative,train,GSE279647,URS000075CD30_9606,105
P063034,UCCCCCCUUCUCACUACUGCA,1,positive,train,GSE136967,URS0000103047_9606,88
N013694,GCUGAGCAGGGUUGGGCUUGG,0,negative,train,GSE279647,URS00006464AF_9606,61
P072018,GAAUGAAAAAUUACAAGAUCC,1,positive,train,GSE308686,URS000075A742_9606,60
N021450,GAUUUCUUUGUCCCUUUUCCG,0,negative,train,GSE279647,URS0000719F6E_9606,63
N025502,NNCUGCCGGGGCUAAAGUGCU,0,negative,train,GSE279647,URS0002335424_9606,9
P057830,AAUGCUGACUGAACAUGAAGG,1,positive,train,GSE136967,URS00006B8984_9606,29
P082802,UCUCCCCACAGUGGAAGGCGG,1,positive,train,GSE279647,URS0000D6EAD8_9606,422
P073135,AUGACACCUUUCUCUUGGCUG,1,positive,train,GSE308686,URS000065DBA2_9606,59
P058749,UAUCCAGGCUCAUGUGGUGCC,1,positive,train,GSE136967,URS00007136D1_9606,27
N007946,GGGUUCGAGUUCCACCUGGGG,0,negative,train,GSE279647,URS0000215F73_9606,59
P073740,AAUGACUGAGCACANNNNNNN,1,positive,train,GSE308686,URS00005BBB0D_9606,65
N053206,UAUAGAGUUAAGGAACAUGGN,0,negative,train,GSE308686,URS0000018549_9606,126
N015264,GCACUCCGGAUGUGUUGACCU,0,negative,train,GSE279647,URS0000669D0F_9606,78
P068891,NUGCAGUCAAGUCAAAUUCAG,1,positive,train,GSE308686,URS000072157F_9606,10
N019589,UGCGUGCUCGGCUGAAGAGGA,0,negative,train,GSE279647,URS00006DE769_9606,138
N023438,UUAGCUUUGGGNNNNNNNNNN,0,negative,train,GSE279647,URS00007A52CD_9606,35
N000657,GAACUAGCAUUAUUUUACCUU,0,negative,train,GSE136967,URS00004640CB_9606,85
N016859,NNNNNNNUAGUCAGGCGGGAU,0,negative,train,GSE279647,URS00006988DC_9606,4
N003231,GACUCUGAAUCCGGUAAUCCG,0,negative,train,GSE136967,URS00006DA515_9606,40
N000215,AGGUUUGCAAAAGUAACUGUG,0,negative,train,GSE136967,URS0000656AFD_9606,62
P060514,GAGUGACCAAGACACUUCUGU,1,positive,train,GSE136967,URS000022BCB9_9606,61
P071965,UAGUGAUGAAAUUCCACUUCA,1,positive,train,GSE308686,URS00004DF250_9606,14
P074343,NNNNNNNNNNACAAUGAUGAU,1,positive,train,GSE308686,URS000050BD61_9606,1
N024130,GGUUGGCAUUCUGGCCCUGGU,0,negative,train,GSE279647,URS0000AAB145_9606,89
P059872,AUCAGAAGGUUGCGUGUUCAA,1,positive,train,GSE136967,URS00001A72CE_9606,47
P079667,CCAGUUACACAGGAGACUGAC,1,positive,train,GSE279647,URS000075D68F_9606,214
P065217,GCACUUGAUACUAACCGAGCU,1,positive,train,GSE308686,URS000021BC29_9606,13
P060189,GCGAAAUGUUCAACUGCUCUG,1,positive,train,GSE136967,URS0000691595_9606,28
N021180,GCAGCCUUGUACCAGGCAGCC,0,negative,train,GSE279647,URS0000712A75_9606,60
N013266,UGCUCGCCUCUGAUCUGUUGA,0,negative,train,GSE279647,URS000063A525_9606,39
N025914,UUAGUACUAGUACUUGGAUGG,0,negative,train,GSE279647,URS0003072991_9606,79
P061977,CUUUCGUAACGGGGAGAGAGA,1,positive,train,GSE136967,URS0000210FD6_9606,55
N050750,GAGAGCCUUUUAGGCUGAGGA,0,negative,train,GSE308686,URS00003640C3_9606,60
P064724,GGACGACCAUCCCCGAUAGAG,1,positive,train,GSE308686,URS0000734D8F_9606,157
N025918,GAUCUUGUUUGAUCUCAGAAA,0,negative,train,GSE279647,URS000307382D_9606,41
N015417,CAACUUAUUGAUCACAAACAG,0,negative,train,GSE279647,URS00006729E8_9606,37
P064612,UCCAAGACUCCAGACACAUCC,1,positive,train,GSE308686,URS0000734D8F_9606,285
N006897,ACAACAUUCAAAAAAGAGUNN,0,negative,train,GSE279647,URS000015836B_9606,60
P063386,GGUCAAUGAUGUAAUGGCAUG,1,positive,train,GSE136967,URS0000725609_9606,11
N022719,GAAAGGUCCCUGGAUCAAAAC,0,negative,train,GSE279647,URS0000750232_9606,51
N037441,UGGAAGUUCUGAUUNNNNNNN,0,negative,train,GSE308686,URS00003DDA12_9606,64
N003690,UCCUGGGUUCGAGCCCCAGUG,0,negative,train,GSE136967,URS000038803E_9606,57
P063854,GCAUCUAGUGCAGAUAGUGAA,1,positive,train,GSE308686,URS00003B0CDB_9606,22
N004819,UGCCUAGGCAAGGCUNNNNNN,0,negative,train,GSE136967,URS000067B2B1_9606,113
P066046,UCAGGCAGGUUGCGCCUGCCC,1,positive,train,GSE308686,URS000010A63C_9606,27
N017478,CUGCUUCAUAAUCAGGUCUCA,0,negative,train,GSE279647,URS00006AC439_9606,93
N015745,UCAGUCGGCAAAGCAUGAGAC,0,negative,train,GSE279647,URS0000677265_9606,22
N003341,UUGCCUGUAAAGUGCUCUGGC,0,negative,train,GSE136967,URS00006276F4_9606,41
P068401,CUGUGGCCUGCCAGGUUUCGC,1,positive,train,GSE308686,URS00003E7565_9606,39
N024282,NNNNNNNNNNUGAGGUAGUAG,0,negative,train,GSE279647,URS0000B8C69B_9606,1
N083092,CGAUUCCCGGUCANNNNNNNN,0,negative,train,GSE136967,URS0000C8E9E9_9606,59
N022812,AGUAUGGUGGUUAUCACGUUA,0,negative,train,GSE279647,URS00007578A8_9606,19
P066573,GCCGUGUCACAUCUGUGUCAU,1,positive,train,GSE308686,URS000008230A_9606,41
N003044,CAGCCUUUAAAACUGCCACUC,0,negative,train,GSE136967,URS0000D5073B_9606,89
P065310,ACUUUUUCCUACUUUUGAGCU,1,positive,train,GSE308686,URS0000569A4A_9606,147
P071836,GAUCGAUUUAGAGGCAUUUGU,1,positive,train,GSE308686,URS000043549A_9606,127
N026288,AUCAAGUCGAGUAUCUGUUAU,0,negative,train,GSE279647,URS00031F9507_9606,36
P059982,GACUUGUUAUAACUGGGGCUC,1,positive,train,GSE136967,URS000063F860_9606,80
P073301,NNNNCCACAAUGAUGGCAAUA,1,positive,train,GSE308686,URS0000434604_9606,7
N004142,AAAGCCACUUGGUAAAACUGA,0,negative,train,GSE136967,URS00006561BE_9606,68
P060377,GCGACCAAAGUCUGAACAAAG,1,positive,train,GSE136967,URS000046CCFB_9606,34
P071988,GAGAUUCCACUUAAUUGGUCC,1,positive,train,GSE308686,URS0000069864_9606,21
N005397,NNNNNNNNNNAAGGGCUUAGC,0,negative,train,GSE279647,URS0000031672_9606,1
P072590,UUGCCAAUGAUGGUUAAGAAU,1,positive,train,GSE308686,URS0000215639_9606,11
N020496,GGAUGGGAGACCAAAGUGCUG,0,negative,train,GSE279647,URS00006F7C66_9606,91
N028010,UAACACUUUAGCUCUAGAAUU,0,negative,train,GSE308686,URS00000A3335_9606,61
P068104,GUGCAAAAGAAUUCCUGGCUC,1,positive,train,GSE308686,URS0000018549_9606,66
P058558,UUCAGUUCAGGGUAGCUUCCC,1,positive,train,GSE136967,URS000068A4EE_9606,26
N003701,ACAUAUGUCCGCGUGGGUUCG,0,negative,train,GSE136967,URS000064E10F_9606,57
P062319,GCCUGGAAUGUGCGCUGGGCA,1,positive,train,GSE136967,URS000027315D_9606,27
N024696,NNNNNNNNNNAUAAAAGAGUU,0,negative,train,GSE279647,URS0000DD9917_9606,1
N005208,UUUAAGUUAAAGAUUAAGAGA,0,negative,train,GSE279647,URS000000EE2E_9606,39
N013477,UGUAAUGGUGAGCACUUUGGA,0,negative,train,GSE279647,URS0000640892_9606,21
P066206,CUCCGCUUAACCACACGGGUC,1,positive,train,GSE308686,URS0000034D55_9606,21
N024787,NNNNNNNNNNAAAGAUUAAGA,0,negative,train,GSE279647,URS0000DEB98F_9606,1
P062264,CUUGAUGAAAGCACAUUUGAA,1,positive,train,GSE136967,URS0000714052_9606,41
N003724,CUCCCCAGUAAGACGCUGUUU,0,negative,train,GSE136967,URS00006276F4_9606,95
N002967,GGGGCUCUUCAGCUCUCAACU,0,negative,train,GSE136967,URS0000013F57_9606,96
P073924,GUCUGUUCAAUCCAACCCUGA,1,positive,train,GSE308686,URS00006292A1_9606,57
P074377,AUAAAAUAUCUGAUAUUCUGN,1,positive,train,GSE308686,URS000069573D_9606,68
P066539,ACUGAUCUGCAACAUUUUGGG,1,positive,train,GSE308686,URS00006020BE_9606,113
P069549,UUACAGUGCUUCAUUUUGUGG,1,positive,train,GSE308686,URS00002982D8_9606,25
P064854,GAGCCCAGGAGUUCUGGGCUG,1,positive,train,GSE308686,URS00003ACFC1_9606,76
P062295,UCCCUGUGGGAAUGGCGACAA,1,positive,train,GSE136967,URS000026935A_9606,49
N020179,GCGUAUGAGUCUUUUGCGAUG,0,negative,train,GSE279647,URS00006F0FAC_9606,34
N006550,GUCUCUUCGGGGGCGUGGGUU,0,negative,train,GSE279647,URS0000120E41_9606,54
N001061,AUGAUUCUCGCUUCGGGUGUG,0,negative,train,GSE136967,URS00006744D5_9606,30
P079736,ACCAUCCCUGAGAGAGGAGGA,1,positive,train,GSE279647,URS000064D607_9606,161
P072478,CAUCUGAGGCCACNNNNNNNN,1,positive,train,GSE308686,URS000008DC88_9606,81
N015170,AAGGUGGUUUUUCCAGAGCGA,0,negative,train,GSE279647,URS0000667BF0_9606,45
P078737,CAGUUAAAUCAACAAAACUGC,1,positive,train,GSE279647,URS000044DFF6_9606,474
P059047,CUAUUGUGUUGAGUAACGGUG,1,positive,train,GSE136967,URS00006D4FDA_9606,28
N026315,GGCCUGCUUAGUACUUGGAUG,0,negative,train,GSE279647,URS000321F8C4_9606,75
P061081,CCAGGUAGGGAGUUUUACCCU,1,positive,train,GSE136967,URS000071BC75_9606,46
N011083,AGUCAAUAUAAUUUUCUAGCA,0,negative,train,GSE279647,URS00004E9304_9606,36
N031164,CAGUGAUGUAAUUCCAAUAGA,0,negative,train,GSE308686,URS00004D7B5D_9606,14
P068175,GUGCCCAUGCCUGGUUCAUGC,1,positive,train,GSE308686,URS0000438819_9606,112
P063716,AGCAGGUCUCACAGUGAACCG,1,positive,train,GSE308686,URS000046FA49_9606,54
N016260,AGUGGUGAGCAUAGUUGCCUU,0,negative,train,GSE279647,URS000068668E_9606,24
P059022,NNNNNNNCUGAGCUGAGGAUG,1,positive,train,GSE136967,URS0000686085_9606,4
P069166,NNNUGUGCACAUUGUUAGAGC,1,positive,train,GSE308686,URS00001696A6_9606,8
N003962,CCCUCCUGAUGAUUCUUCUUC,0,negative,train,GSE136967,URS0000759F56_9606,32
P076582,UCCGUAGUGGAGUGGUUAUCA,1,positive,train,GSE308686,URS0000732DD4_9606,14
N025757,CGCUUCCUGAUGAGUUCGUCC,0,negative,train,GSE279647,URS0002A398C5_9606,195
N013490,GGUGUGAUGAUAGUGGGUUAU,0,negative,train,GSE279647,URS0000641C1B_9606,15
N004035,AAACUAUUCUGAGCAACNNNN,0,negative,train,GSE136967,URS00006ADC79_9606,58
P060897,GAUCAUAUAAAUCUUUUGCCU,1,positive,train,GSE136967,URS000071EA53_9606,30
P061010,CUUCUGAGUUUGCUGAAGCCA,1,positive,train,GSE136967,URS00004BEE5E_9606,46
N026578,ACCAUCUUGAACGUGCCCGGU,0,negative,train,GSE279647,URS000338C3E2_9606,23
P076408,CAGGAGAUCCUGGGUUCGACU,1,positive,train,GSE308686,URS00006F6EA6_9606,51
P062106,CUUGCAAUAUAGUCGGCACUG,1,positive,train,GSE136967,URS00003F07BD_9606,105
N023846,NNNNNNNNNACCCCGAAAAUG,0,negative,train,GSE279647,URS00009FCF3B_9606,2
P071233,AUUCCAUGUGGAAUUUAACUA,1,positive,train,GSE308686,URS000075D829_9606,60
P063662,CUGUGCUAAAAUUGCAGACAC,1,positive,train,GSE308686,URS000075EAF7_9606,31
P061979,UGACUUUCGUAACGGGGAGAG,1,positive,train,GSE136967,URS0000210FD6_9606,52
N008068,GAUAUAGAGAUUAGCAUGGCC,0,negative,train,GSE279647,URS0000226787_9606,48
P070838,CUGAGCUGCUGUGAUUUCUGG,1,positive,train,GSE308686,URS0000467AB5_9606,42
P080542,GGUUGGUGUCAGCAGGGACGG,1,positive,train,GSE279647,URS00006BA413_9606,178
N007548,CUAGCGACAGAGUGGUUCAAU,0,negative,train,GSE279647,URS00001DA281_9606,62
P061384,GUGUGGGGACAGAUGGUGCUA,1,positive,train,GSE136967,URS0000673CF7_9606,49
N021296,CGCAUCAGUCUCAAAAUCUGA,0,negative,train,GSE279647,URS00007142C3_9606,33
P061776,GAUGGACUUGAAAUCCAUUGG,1,positive,train,GSE136967,URS000024B38F_9606,36
P076535,GAUCCCCAGCACUUCCANNNN,1,positive,train,GSE308686,URS000071ED2F_9606,66
N005631,GGCUCCAGUCAUUUCGAUGGC,0,negative,train,GSE279647,URS000005AEAB_9606,47
P071021,CUGUGAGCUGAGGUCCANNNN,1,positive,train,GSE308686,URS000075A82F_9606,88
N041854,GGCCCUGUGGCUUAGCUGGUC,0,negative,train,GSE308686,URS00006B0F93_9606,11
P062190,AUGGACUGCUAAUCCAUUGUG,1,positive,train,GSE136967,URS0000664EAD_9606,37
P062342,GAGUGUGCUAGAGUCCUCGAA,1,positive,train,GSE136967,URS00002BF97D_9606,50
P075803,AGGAUGGCCGAGUGGUCUAAG,1,positive,train,GSE308686,URS0000747665_9606,14
P061638,UCUCCCCCCACAACCGCGCUU,1,positive,train,GSE136967,URS00004A2461_9606,57
P062124,CCAAUACCCCGCCGUGACGAC,1,positive,train,GSE136967,URS00003F07BD_9606,85
P075831,AGGCGCCAGACUCAAGUUCUG,1,positive,train,GSE308686,URS0000735371_9606,33
P058261,AUGGAUUCCAAAACCAUUCGU,1,positive,train,GSE136967,URS000071EB91_9606,22
N019002,AGUCUCUUCUGAUCUCAGAAA,0,negative,train,GSE279647,URS00006CE795_9606,41
P070339,NNNNNUGCACUGCAUGGUAUC,1,positive,train,GSE308686,URS00003A960A_9606,6
N003212,NNCCUGUUGCCACAAACCCGU,0,negative,train,GSE136967,URS000054969A_9606,9
P073121,AUGAUGUCAAAACUAAGUUCU,1,positive,train,GSE308686,URS0000716E7D_9606,52
P067789,GACACGUAAGAAUUGGAGGAA,1,positive,train,GSE308686,URS00000B589B_9606,49
P062298,GAAUGGCGACAAUGCCAAUGG,1,positive,train,GSE136967,URS000026935A_9606,58
P065638,AGUAAAGGUUGAGUGGUAGUA,1,positive,train,GSE308686,URS00005A2612_9606,108
P081840,CUGGUCUCGUAAACCUAGGGG,1,positive,train,GSE279647,URS000066989E_9606,37
P065924,CCGGGACGAAUUGAGUGAAAU,1,positive,train,GSE308686,URS0000608804_9606,92
N017006,UGUGACAUUCAUCUCAUAUCA,0,negative,train,GSE279647,URS000069E519_9606,42
N016884,AGACUGCCACAGAAACAGUGA,0,negative,train,GSE279647,URS00006997AA_9606,65
N021466,UAUACUACAAUUGUGAACGAU,0,negative,train,GSE279647,URS000071A9AA_9606,31
N022365,ACCUAUAGCCAUACCACCCUG,0,negative,train,GSE279647,URS000072E87F_9606,11
N024054,CAAUCCCAUCUGAUCUCAGUA,0,negative,train,GSE279647,URS0000A9E2B5_9606,40
P059290,GUCUCCCUUCCUAGCCAUGGA,1,positive,train,GSE136967,URS000029D639_9606,45
N000754,NNNNNNNNNNACCUUCUUGUA,0,negative,train,GSE136967,URS0000057A7C_9606,1
P063324,UGAAUCAAACUAGCUCACUAU,1,positive,train,GSE136967,URS0000164B86_9606,20
N022916,CGAGGAGCUCACAGUCUAGUA,0,negative,train,GSE279647,URS000075A13B_9606,19
P068098,AUAUUCCCCAUUCUUGGUUAC,1,positive,train,GSE308686,URS0000018549_9606,39
N014175,UGAUCCUCAGUGGUCUGGGGU,0,negative,train,GSE279647,URS00006501FF_9606,18
N023759,ACUAUACUCUCAGGAAUCAUU,0,negative,train,GSE279647,URS00008B2C89_9606,15
P072740,ACCACUGAUGCACNNNNNNNN,1,positive,train,GSE308686,URS000020C605_9606,65
P077085,AUCAGUUUAAUAUCUGAUACG,1,positive,train,GSE279647,URS00006D1C46_9606,58
P065506,AUAGAGUCCUUGAAAUCAAGC,1,positive,train,GSE308686,URS00005172B7_9606,26
N021798,NNNNNNNNNNAUGUCUUCUCA,0,negative,train,GSE279647,URS0000722A63_9606,1
N022977,GCGCGUUCGCUUUAUUUAUGG,0,negative,train,GSE279647,URS000075AB81_9606,38
N013646,GGGGCGUGGGUUCAAAUCCCA,0,negative,train,GSE279647,URS000064506B_9606,63
N018149,NNNNNNNNNNAUCAUUUUUUG,0,negative,train,GSE279647,URS00006C022D_9606,1
N014480,AGCCUUUUGGCAAGACCAAGU,0,negative,train,GSE279647,URS0000657BB5_9606,21
P060654,AGACUAUAGUUCACUGAUGAG,1,positive,train,GSE136967,URS000075AA41_9606,45
P061951,GCUAAUCCAUUGUGCUUUGCA,1,positive,train,GSE136967,URS00004CF258_9606,44
P066081,UCGAGGCCAACCUGGUCCACA,1,positive,train,GSE308686,URS000002A4F1_9606,87
N034835,UUGUUGUGAUUAAUGUAUGUG,0,negative,train,GSE308686,URS0000A76B4D_9606,55
N014491,CAUCUUCACUCCCACUGCUCC,0,negative,train,GSE279647,URS0000657CF7_9606,77
P058701,GUGGGUUCGAGUCCCACCCGG,1,positive,train,GSE136967,URS000005A7A9_9606,59
P062330,NGCUGUUCAGUGAUGAGGCCU,1,positive,train,GSE136967,URS000027315D_9606,10
P058915,AGGUCGAUGGAUCGAAACCAU,1,positive,train,GSE136967,URS000030BAD5_9606,53
P074522,NACAAUGAUGACUUAAAUUAC,1,positive,train,GSE308686,URS000075BEB6_9606,10
P059937,UGACACUUGUGAUGUCUUCAA,1,positive,train,GSE136967,URS000020C605_9606,40
P067049,AGAGGGCUUAUGAGGCUGUGA,1,positive,train,GSE308686,URS00003818BD_9606,23
P076094,GUAUAAAUAGUACCGUUAACU,1,positive,train,GSE308686,URS00000C6674_9606,20
N024311,GCGCGUUUGGCUGUUAACAGA,0,negative,train,GSE279647,URS0000C8E9CB_9606,29
P079370,CAAUAGAAGCCGGCGUAAAGA,1,positive,train,GSE279647,URS000044DFF6_9606,285
N016390,GGAGUCUUGCUCUGUUUCCCA,0,negative,train,GSE279647,URS0000689EB1_9606,83
N014723,GAUUGUUUCUAUAGUUUGCUA,0,negative,train,GSE279647,URS000065E64E_9606,28
P076134,NNNNNNNNGGCUCGUUGGUCU,1,positive,train,GSE308686,URS000072540A_9606,3
P073880,GCACACUGGUGGAGCCAUGGU,1,positive,train,GSE308686,URS00006A5FBC_9606,28
P072964,CUGAUGCCAUCACCGCAGCGC,1,positive,train,GSE308686,URS00002E0EE8_9606,46
N043687,UUUUAACACUGAGUNNNNNNN,0,negative,train,GSE308686,URS00003BC8C2_9606,68
N017113,NNNNNNNNNAGCUUGUCUGAG,0,negative,train,GSE279647,URS00006A3D4E_9606,2
P063772,CCGACACUCUUUCCCUGUUGC,1,positive,train,GSE308686,URS000075E379_9606,18
P066233,ACGGGUCCAGUGUGUGCUUGG,1,positive,train,GSE308686,URS0000034D55_9606,35
P073608,NNNNNNNAGUCUGUGAUGAAU,1,positive,train,GSE308686,URS000053336F_9606,4
N024959,AAGGUAUUAGAAAAACCAUUU,0,negative,train,GSE279647,URS0001C07156_9606,11
P068830,GACUCAUGGGCCCUGUUCCUG,1,positive,train,GSE308686,URS00001FC3CF_9606,86
N000384,CCUCCUAGAAAAAAGGGUUGG,0,negative,train,GSE136967,URS00005C0742_9606,64
P074833,CAUGUGGCAGGCUGAUGGGGA,1,positive,train,GSE308686,URS00005ACA64_9606,91
N012862,UAGGCCACACCACCCUGAACG,0,negative,train,GSE279647,URS00006338FF_9606,14
N013803,GACCAAUGAUGACAAAUGGUG,0,negative,train,GSE279647,URS000064A1E7_9606,13
P067746,CACAGGUCCUCCCUCAGGCUG,1,positive,train,GSE308686,URS000037D7AE_9606,21
P069364,GGCCUUUGGGGAACUGGGAUG,1,positive,train,GSE308686,URS00004C8BD1_9606,92
P067208,GAGUGAUGUCUUCCUUGUGGU,1,positive,train,GSE308686,URS00002E5E66_9606,69
N014648,AAUUUCUAUAGUGUGUUUCUC,0,negative,train,GSE279647,URS000065A7A0_9606,31
P061451,GUGAGCCAAGGUAGCACUACU,1,positive,train,GSE136967,URS0002869BDB_9606,33
P064051,AGUUCAGCAGGAACAGGGNNN,1,positive,train,GSE308686,URS00000FFC8B_9606,66
N016377,GUAAGUGCUUGGAUGGGAGAU,0,negative,train,GSE279647,URS0000688F51_9606,80
N017528,NNNNNNNUUGGUCCUGAUUCA,0,negative,train,GSE279647,URS00006AF63C_9606,4
N007577,GCGGACAUCCUUAGGUCGCUG,0,negative,train,GSE279647,URS00001E28FC_9606,63
P076066,GGUGCAGUGGUAGAAUUCUCG,1,positive,train,GSE308686,URS00007131F2_9606,19
N026642,NNNUGCAAGGGCCAUACCACC,0,negative,train,GSE279647,URS00033D4263_9606,8
N008073,UUCAACGCUGUCGGUGAGUUU,0,negative,train,GSE279647,URS000022682F_9606,38
N017760,UGAAUCAAAUAUUCUGAUUAU,0,negative,train,GSE279647,URS00006B57E0_9606,41
N026673,CUCGGAAGCUAAGCAGAGUUG,0,negative,train,GSE279647,URS00033D96C8_9606,54
N010013,UUGUAUAGUUUAGAAUUACAU,0,negative,train,GSE279647,URS00003F0B88_9606,27
P068831,AAUUCAGUACCUGUCCUAUGC,1,positive,train,GSE308686,URS00001FC3CF_9606,24
P066453,AAUACUGUGUUUUUAUCAGUA,1,positive,train,GSE308686,URS000031F86D_9606,20
N029819,CCAGGGUAUGAUCUCUUAAUC,0,negative,train,GSE308686,URS00005D7632_9606,73
P075123,GCACAUGCUUUGCAUGUGUGA,1,positive,train,GSE308686,URS00006C133C_9606,33
P075133,UGCAUGUAUGAGGCCUCGGUU,1,positive,train,GSE308686,URS00001D4EE9_9606,43
N006081,AUCCCUCAACCCCGACAUCNN,0,negative,train,GSE279647,URS00000B09B7_9606,60
P065649,AUGCUACAUUAACAAAGGAGU,1,positive,train,GSE308686,URS00005A2612_9606,66
N024749,NNNNNNNNNCUUAACACAAAG,0,negative,train,GSE279647,URS0000DDF06A_9606,2
P059323,GAAAGGUCACGUCCUGCUCUU,1,positive,train,GSE136967,URS000043549A_9606,38
P062757,AAAGGGCUUCUGUCGUGAGUG,1,positive,train,GSE136967,URS000000A142_9606,13
N015027,CUUCUACACGCCCACUGCUUC,0,negative,train,GSE279647,URS0000662363_9606,76
N009576,AAGAAGUCCUUGGUUCAAAUC,0,negative,train,GSE279647,URS000038DA45_9606,50
N017377,AACACGCCGGAUGUCAUCUCA,0,negative,train,GSE279647,URS00006AA0BB_9606,32
P060374,AUGAUGACACUGUAAAGCGAC,1,positive,train,GSE136967,URS000046CCFB_9606,18
N048456,GCGGGUUCGAGUCCCUCCAGA,0,negative,train,GSE308686,URS0000755838_9606,59
P061076,GAUGGCUGUUCCUCUCACUGC,1,positive,train,GSE136967,URS0000704142_9606,12
P062421,CCCGGUGUGGGAANNNNNNNN,1,positive,train,GSE136967,URS00003C9A26_9606,70
P080059,ACUCGGGUUUCUCUUCAAAGC,1,positive,train,GSE279647,URS00006F88C8_9606,13
P067233,AGGCCCUGAAUCAAGACCAAU,1,positive,train,GSE308686,URS00002E5E66_9606,12
N024889,NNNNNNNNNNGACAGAGAGAG,0,negative,train,GSE279647,URS0000EF2D06_9606,1
P060610,CUGUACUAUCAUCUUAGUUGA,1,positive,train,GSE136967,URS000063EF58_9606,72
N022292,CUUGAAUGCACCUGAUCUUGU,0,negative,train,GSE279647,URS000072D430_9606,28
N010371,GGCGGAAACACNNNNNNNNNN,0,negative,train,GSE279647,URS000044730B_9606,74
N016541,GGCUAAGAUCGAGUGUAAAAA,0,negative,train,GSE279647,URS000068D873_9606,29
P073668,GCUAUGAUGAAUUUGAUUGCA,1,positive,train,GSE308686,URS0000313FF1_9606,11
P060511,AAAAUGGAAACCUUGGAAAUC,1,positive,train,GSE136967,URS000022BCB9_9606,30
P064242,GCAGGUAGUGUGAUUACCCAA,1,positive,train,GSE308686,URS00000DDD35_9606,36
P076794,NNNNNNNNNNCGACUCUUAGC,1,positive,train,GSE279647,URS0000005270_9606,1
N024478,NNNNGGAGAGGGUGGGGGAGC,0,negative,train,GSE279647,URS0000D509D9_9606,7
P065704,GGGGUGUCCUGUCUCAGUGGA,1,positive,train,GSE308686,URS00003B6A48_9606,86
P066375,UUGCAGGGGAGUCCAAAGGGC,1,positive,train,GSE308686,URS00005F2496_9606,80
N017645,GAAUAACACAGAGAAGAUUAG,0,negative,train,GSE279647,URS00006B30CB_9606,40
P073581,NNNGAUGUUAUGAUGAUGGGC,1,positive,train,GSE308686,URS0000066733_9606,8
N012343,GGUUAGUUUUUGUAUGGGAGA,0,negative,train,GSE279647,URS0000624BAB_9606,79
P060401,GGAGGAUGAAAGUACGGAGUG,1,positive,train,GSE136967,URS00006A38AA_9606,19
N006471,NCUCUGCCUCCCGUGCCUACU,0,negative,train,GSE279647,URS00000FFC8B_9606,10
N017003,UCUUCUCCAUUCCCAUUGCUU,0,negative,train,GSE279647,URS000069E277_9606,71
P060622,ACAGGACCUUGUCUGAACAUA,1,positive,train,GSE136967,URS000061A08C_9606,24
P066858,UGAAGUAACCAUUUUCAUCUC,1,positive,train,GSE308686,URS00005682D3_9606,101
P061823,AAAGUAAGUUGCUCCAUGAUG,1,positive,train,GSE136967,URS000082FC15_9606,52
N023219,NNNNNNGGUUCGUGCUGAAGG,0,negative,train,GSE279647,URS000075C8FA_9606,5
N017476,CUCAGAAGCUAAGCAAGGUCA,0,negative,train,GSE279647,URS00006AC3C1_9606,54
N018485,CUACAAAGGCAUGUCUAUAGU,0,negative,train,GSE279647,URS00006C5E80_9606,16
P062657,CUGGGACCUCAGUAGGGAAUG,1,positive,train,GSE136967,URS0000552BBC_9606,102
N013336,CCUUCUCCACUCCCACUGCUU,0,negative,train,GSE279647,URS000063CFC9_9606,75
N005421,AGAAGAUUGAGGGUUCGAAUC,0,negative,train,GSE279647,URS000003B38D_9606,52
P064964,CUUUUCUUGGGGUUGCGCUAC,1,positive,train,GSE308686,URS000075ADBA_9606,18
N083027,AAUCCCCAUGUGGUAGUGAGG,0,negative,train,GSE136967,URS00006653DE_9606,43
N021707,AUUCACCUAAAAUUGGAACGA,0,negative,train,GSE279647,URS000071ECC5_9606,26
P059317,CUUCAGUGAUGACACGAUGAC,1,positive,train,GSE136967,URS000043549A_9606,11
P069589,NNNNNCCGCAGCCAAUUAAGC,1,positive,train,GSE308686,URS00000D55EA_9606,6
P059388,NNNUCCAGCUGUAGGCAGCUG,1,positive,train,GSE136967,URS0000AAB145_9606,8
P060579,UGAAUACCGCCCCAGUCUGAU,1,positive,train,GSE136967,URS0000130A5F_9606,25
N013840,NNNNNNNNNUCCUCAUCAGUA,0,negative,train,GSE279647,URS000064A807_9606,2
N053748,CCUGCUCCAUCCAGAGCAAGG,0,negative,train,GSE308686,URS000033FC0E_9606,102
N019470,GGGUGGGUCCUGGUUAGUACC,0,negative,train,GSE279647,URS00006DA5DB_9606,63
P064560,ACGUGCAUACGCACGUAGACA,1,positive,train,GSE308686,URS00026A2211_9606,112
P071503,GAAUGAAUUCAUGAUACUGUA,1,positive,train,GSE308686,URS000062539F_9606,37
N012739,AAUGGAACAACAUAGAGAAGA,0,negative,train,GSE279647,URS0000630A9C_9606,40
N000332,AUAGCUGCCUUCCAAGCAGUU,0,negative,train,GSE136967,URS000034AAC2_9606,34
P059232,UGCUUCCUUAGAUCCACCUUU,1,positive,train,GSE136967,URS0000636A2E_9606,15
P064160,GUUCUGAGUAGUGCAAUAUUG,1,positive,train,GSE308686,URS000070F95C_9606,66
N013300,CCUCUGUUUACAACACACCCA,0,negative,train,GSE279647,URS000063BFC1_9606,47
P073237,GGAGGUACCUAUUGUGUUGAG,1,positive,train,GSE308686,URS000004A26B_9606,20
N001568,UAUCACGUCUGCUUUACACGC,0,negative,train,GSE136967,URS000038803E_9606,30
P058172,ACAUCAUUCUGAAAGAACGUG,1,positive,train,GSE136967,URS00005BBB0D_9606,35
P062914,AACCCAAUUCAGACUACUCUC,1,positive,train,GSE136967,URS000013F331_9606,320
P079135,CGCCAGACUCAAGGUAAGCAC,1,positive,train,GSE279647,URS0000735371_9606,36
N005115,UGCUAAUGGUGGAGUUAAAGA,0,negative,train,GSE279647,URS000000920F_9606,46
P060261,UAUGAUGGUUAGUUAUCCCUG,1,positive,train,GSE136967,URS000072C309_9606,18
P061779,NNUGCAGCCGUGUCAAAUUCA,1,positive,train,GSE136967,URS00001FC3CF_9606,9
N001351,AGGUAGCGCGUCAGUCUCAUA,0,negative,train,GSE136967,URS0000145C5E_9606,27
N045075,GCUCCGUAGCUUAGUUGGUUA,0,negative,train,GSE308686,URS00006F6EA6_9606,12
P065418,CACGAGAGGACAAUUNNNNNN,1,positive,train,GSE308686,URS00001B2620_9606,133
P060376,GACACUGUAAAGCGACCAAAG,1,positive,train,GSE136967,URS000046CCFB_9606,23
N023161,NNGGAUUGUGGGGGGUCGCUC,0,negative,train,GSE279647,URS000075BFF2_9606,9
N005065,CAUUAGUGUCACUAAAGUUGG,0,negative,train,GSE279647,URS0000007D24_9606,49
P066462,UUUAGAAUGACUGAUGGUAUG,1,positive,train,GSE308686,URS000031F86D_9606,79
N009003,AAACAGGAGCACCUCAGUGCA,0,negative,train,GSE279647,URS00002F13BD_9606,30
P073955,CAACCCUGAGCUUCAUGUUNN,1,positive,train,GSE308686,URS00006292A1_9606,69
P064102,UCCCCUAGGGCAUUGGUGUAA,1,positive,train,GSE308686,URS000075CFD7_9606,30
N013699,UUGGUUAGUACUUGGAUGGGA,0,negative,train,GSE279647,URS00006464AF_9606,78
N025944,UAUGGCCACACCACCCUAAAU,0,negative,train,GSE279647,URS00030B5440_9606,14
P058730,CGGUGGUUUAAACAGAGGUGC,1,positive,train,GSE136967,URS00005357F7_9606,47
N032402,AGUAAUUCUUGCUACAAGUAN,0,negative,train,GSE308686,URS00001696A6_9606,145
N009200,NNNNNNNCCCCACAGUUUAUG,0,negative,train,GSE279647,URS00003177B8_9606,4
P061096,UGUGUUGGCAUGUAUUAUCUG,1,positive,train,GSE136967,URS00000A3335_9606,20
P075678,CAAGCCUCACCUGGAGCANNN,1,positive,train,GSE308686,URS0000758A62_9606,67
P059484,UCUGCCCCAUGAUGUACAAGU,1,positive,train,GSE136967,URS00004A4D73_9606,80
N023231,CGCCCUGGCCCUGGCCCGGCG,0,negative,train,GSE279647,URS000075C987_9606,37
P073427,CUCUCUGAGCAGCNNNNNNNN,1,positive,train,GSE308686,URS00004BB247_9606,64
P081778,NNNNNNNNNNGGGCUAAUGAU,1,positive,train,GSE279647,URS00006F0D71_9606,1
P070556,GGAUGCUGUUGUGCAUGGACA,1,positive,train,GSE308686,URS000064B135_9606,25
N005533,NNNNNNNAAAAGGUAUUAGAA,0,negative,train,GSE279647,URS0000050612_9606,4
N013925,CGGGUUCGAUCCCCGACACCU,0,negative,train,GSE279647,URS000064B6FC_9606,59
N082979,GACCUACUGGGUUUGAGGUAG,0,negative,train,GSE136967,URS00023473A4_9606,596
N012993,GUAAGCACUCUGGACUCUGAA,0,negative,train,GSE279647,URS00006365BC_9606,28
N004230,UUACUUUACUCACAGGACUAU,0,negative,train,GSE136967,URS0000202A89_9606,88
P071572,NNNNCUUCAUAUCCAGUGAUU,1,positive,train,GSE308686,URS0000A76DCB_9606,7
P061617,UCGAUGAUGAGUCCUCCAAAA,1,positive,train,GSE136967,URS000071A62C_9606,14
P078217,UGUGAAUAGCCACUGCACUCC,1,positive,train,GSE279647,URS000014C5D2_9606,260
N024048,GGAAGCUAAGUAGGGUUGGGC,0,negative,train,GSE279647,URS0000A9D7B5_9606,53
P073752,AAGAAAAGUAUGUGGUGACUU,1,positive,train,GSE308686,URS0000ABD834_9606,46
N055563,CUCUGAGUUAUAACUCAGAGG,0,negative,train,GSE308686,URS000021BC29_9606,149
P076076,ACCCCAUAAACANNNNNNNNN,1,positive,train,GSE308686,URS00003E8921_9606,70
P058917,UCGAUGGAUCGAAACCAUCCU,1,positive,train,GSE136967,URS000030BAD5_9606,56
N009661,NNNNNNNNGAGACAGCGCCGC,0,negative,train,GSE279647,URS00003A1486_9606,3
N019627,AUCUGACCUCGGAAGUUAAGC,0,negative,train,GSE279647,URS00006DFAFA_9606,41
P067374,GCACUUUCACAGUUCCUUCCC,1,positive,train,GSE308686,URS000022C1CA_9606,14
N003518,UCACAAUGAUGAAUGGUCCAA,0,negative,train,GSE136967,URS000081501D_9606,11
P069213,AAAGCAGGAUUCAGACUACAA,1,positive,train,GSE308686,URS00004B4AC7_9606,11
N012771,GGAACGGGGAGUUGGAGUAAG,0,negative,train,GSE279647,URS0000630BCD_9606,118
P076473,AGCUCAGGGGUUAGAGCGCUG,1,positive,train,GSE308686,URS0000725A6A_9606,19
N012413,NNNNNUAAUGUUACAGCUCUU,0,negative,train,GSE279647,URS0000627F51_9606,6
P065720,UUAUUCAGUUUCUUCUCAAGG,1,positive,train,GSE308686,URS0000466492_9606,24
N020808,CCUGAUCUCAUCCAAACUCAG,0,negative,train,GSE279647,URS0000703254_9606,39
P062939,GCUGAGUGCGUCCUGUCACUC,1,positive,train,GSE136967,URS000013F331_9606,46
P073127,UGAGUUUCAGAGAUGACACCU,1,positive,train,GSE308686,URS000065DBA2_9606,47
N025306,NNNNNNNNNNCAAAGUGCUGU,0,negative,train,GSE279647,URS0002311756_9606,1
N021648,GUCCUGGGUUCAAUCCCCAAU,0,negative,train,GSE279647,URS000071E903_9606,55
N008800,UUCCCUAGGUCUGGUUUUAUA,0,negative,train,GSE279647,URS00002C6D40_9606,106
N001466,GAAGGCUAAUUAGCAGUAUAA,0,negative,train,GSE136967,URS000033A30E_9606,80
P067856,GGUUAGAGACAUGCNNNNNNN,1,positive,train,GSE308686,URS00002BF97D_9606,127
P062551,CGGUGAUGAGAACUUCUCCCA,1,positive,train,GSE136967,URS00006F4F8C_9606,16
N006224,NNNNNNNNNNACAGAGAAUAG,0,negative,train,GSE279647,URS00000CF395_9606,1
P058423,CAGGGCUGUUGUCUGCCUGGC,1,positive,train,GSE136967,URS0000706530_9606,89
N022015,UUGCAUGUAUGAGGUCCCGGG,0,negative,train,GSE279647,URS0000727FD6_9606,42
N020383,NNGGCUGGUCCGAGUGCAGUG,0,negative,train,GSE279647,URS00006F5B12_9606,9
P064260,GGAUAUUAGGCCCCAAUUAGA,1,positive,train,GSE308686,URS000075BF40_9606,63
P072812,AAUGGCAUGUAUUAGCUGAAU,1,positive,train,GSE308686,URS00002F8E76_9606,23
P065225,UGUCAAAGGCUUGUGAUGUGU,1,positive,train,GSE308686,URS000021BC29_9606,52
P070091,UAGGCAGCUGCCUAGGUUGUC,1,positive,train,GSE308686,URS0000ABD80F_9606,19
P075082,UCCCCGGCAUCUCCANNNNNN,1,positive,train,GSE308686,URS00005B30A9_9606,68
N003624,GAGACUCUGAAAUCUGAUUUU,0,negative,train,GSE136967,URS00004E0FA9_9606,59
N000601,UGGGGAGCACUUACAUGAGAC,0,negative,train,GSE136967,URS00005ACA64_9606,106
N015056,UAUGGCCAUACCACCCUGAAA,0,negative,train,GSE279647,URS00006633F5_9606,14
N020145,UGCCUAAUUCAGAGGGUUGGG,0,negative,train,GSE279647,URS00006F0310_9606,47
N024005,GAUGGGAGAUUCAGUAUUCAU,0,negative,train,GSE279647,URS0000A91C06_9606,92
N012381,GGCUGGUCUGAGUGCAGUGGU,0,negative,train,GSE279647,URS0000626DE7_9606,11
N025128,NNNGCUAACUUAGCAUUAACC,0,negative,train,GSE279647,URS0002271522_9606,8
P061230,GAUAGUUUCUGGUCACUGUUG,1,positive,train,GSE136967,URS000026BDF0_9606,143
N006067,GACUGUUGAAUCUCAUGGCAA,0,negative,train,GSE279647,URS00000AF93C_9606,38
P057927,AUCAGCCAGGGACAAAGCAAC,1,positive,train,GSE136967,URS0000438819_9606,60
P064965,AUAGUGAGGGCAGUACUGCUA,1,positive,train,GSE308686,URS000075ADBA_9606,53
N022873,NNNUGAGGUCUGCGCAGGCCC,0,negative,train,GSE279647,URS0000759B0C_9606,8
P076509,NNNGUUUCCGUAGUGUAGUGG,1,positive,train,GSE308686,URS000073A2F5_9606,8
N029871,CUGAGUCAUGGGAGCUGAAUG,0,negative,train,GSE308686,URS00005ACA64_9606,48
N019780,GCUUAGCUGGUUAAAGCACCU,0,negative,train,GSE279647,URS00006E1AD1_9606,20
P075137,GGGGGCAUAGCUCAGUGGUAG,1,positive,train,GSE308686,URS000026DCDD_9606,11
P065334,UUGGCUAAGCCCAGGGACCUU,1,positive,train,GSE308686,URS0000569A4A_9606,50
N052347,GUGUUAUGGCCACUGAGAGAU,0,negative,train,GSE308686,URS0000569A4A_9606,290
N033039,CUGAAACCAGAUGUUACAUUG,0,negative,train,GSE308686,URS00005160A3_9606,46
P077227,NNNNNNNNNNACUCUCUCGGC,1,positive,train,GSE279647,URS0000210FD6_9606,1
P072826,AGUUCUAGAAUUACACUGAGA,1,positive,train,GSE308686,URS00002F8E76_9606,58
N016042,NNNNNNNNNNGUCUAUGACCA,0,negative,train,GSE279647,URS000067F521_9606,1
P059950,AACUGCCUUUUGAUGACCGGG,1,positive,train,GSE136967,URS0000608804_9606,76
N021885,GCCUGAUCUCCCCUGCUCUCA,0,negative,train,GSE279647,URS0000724504_9606,37
N019510,CCAAGUGAGUCAGGCCAGGUU,0,negative,train,GSE279647,URS00006DC26B_9606,53
N008986,CUCAUAAUCAUUUUCCUUANN,0,negative,train,GSE279647,URS00002EDD4B_9606,160
P074349,UCUCACUGAUUACUUGAUGAC,1,positive,train,GSE308686,URS000069573D_9606,46
P060777,AAAGUGAUGAGUAAUACUGGC,1,positive,train,GSE136967,URS00008E3964_9606,15
P081866,GGACUUAUGUCUUUAUUGGUC,1,positive,train,GSE279647,URS00005F1DD0_9606,35
P077722,AAGGACAUUUAACUAAAACCC,1,positive,train,GSE279647,URS000044DFF6_9606,876
P060942,AGACUUUUUAAACUAAUUUUU,1,positive,train,GSE136967,URS000071EA53_9606,84
N002909,UUUGCCUUUAUGAGGGUAAAA,0,negative,train,GSE136967,URS00002982D8_9606,97
P060803,AGUUAUCCCUGUCUGAAGGCA,1,positive,train,GSE136967,URS0000634240_9606,31
P063158,GGCGAUUUCUACACUCAGUGC,1,positive,train,GSE136967,URS00006CC68C_9606,82
P072145,UGAGAAAUAAUUGAUGAAAUC,1,positive,train,GSE308686,URS000053D4AB_9606,32
P061563,CUGAAAGAAAAGCCGUGUUAA,1,positive,train,GSE136967,URS00002982D8_9606,65
P072107,CCCUGUCUGAAAUGGUAUCUU,1,positive,train,GSE308686,URS0000ABD829_9606,38
P058330,UAUAGCUCAGGGGUAGAGCAU,1,positive,train,GSE136967,URS0000646601_9606,16
P061021,GAAUUGAUCAGAUAGACGAGG,1,positive,train,GSE136967,URS0000EB4911_9606,403
P063083,GGCUGGUCCGAAGGUAGUGAG,1,positive,train,GSE136967,URS0000103047_9606,11
N016105,CCUUCUAGGUCUUUUGGCUAA,0,negative,train,GSE279647,URS0000680D17_9606,14
N018682,UAGAAAUUGCAGGAAAGUCCA,0,negative,train,GSE279647,URS00006C8B95_9606,74
N023048,AACAAGGUGCAGAGCUUAGCU,0,negative,train,GSE279647,URS000075B0A5_9606,19
P077346,CGAUGAAGAACGCAGCUAGCU,1,positive,train,GSE279647,URS0000005270_9606,45
N006406,UGGGAGACCGCCUGGGAAUAC,0,negative,train,GSE279647,URS00000F9D45_9606,94
P073604,NAGUCUGUGAUGAAUUGCUUU,1,positive,train,GSE308686,URS000053336F_9606,10
P062953,CAUCCUGACACAACUCUUGUC,1,positive,train,GSE136967,URS0000451E99_9606,27
P071125,AAGCUGAUGAUGAGUUUGUAU,1,positive,train,GSE308686,URS000075EC44_9606,50
P078706,NNNNAAUAGGUUUGGUCCUAG,1,positive,train,GSE279647,URS000044DFF6_9606,7
P063791,GUGUCAGACCUCUGAAAUUCA,1,positive,train,GSE308686,URS000075D8A0_9606,59
P063998,UGUCGGGUAGCUUAUCAGACU,1,positive,train,GSE308686,URS00000AF93C_9606,11
N005703,GAUUAAGAGAACCAACACCUC,0,negative,train,GSE279647,URS000007A90A_9606,50
N008170,CACACCAAGUCGUGUUCACAG,0,negative,train,GSE279647,URS0000233054_9606,47
P069687,UCUGGAGCUUUCGUACAUGCN,1,positive,train,GSE308686,URS000045555D_9606,127
N023323,GGCAGCUGUGUUUUCUGACUC,0,negative,train,GSE279647,URS000075E397_9606,52
P075014,GGGGAAUUAGCUCAAAUGGUA,1,positive,train,GSE308686,URS000052A1C9_9606,11
P067855,CUCGAAGAGUAACUGCUGACC,1,positive,train,GSE308686,URS00002BF97D_9606,65
N037070,AUGACAGAUUGACAUGGACAA,0,negative,train,GSE308686,URS00002982D8_9606,120
N046776,AGUGCUUGCUAGAACAGUUUU,0,negative,train,GSE308686,URS000033FC0E_9606,61
P064119,AGCACUUUGGGAGGCUGAUGU,1,positive,train,GSE308686,URS000075A325_9606,33
N010748,UAAAGAUUAAGAGAACCAACA,0,negative,train,GSE279647,URS00004903A5_9606,45
P068533,ACUUUUUUGGUUGUAUAGUCA,1,positive,train,GSE308686,URS000075B5A7_9606,114
N009817,GCUGUGUGAUAUUCUGCUGUG,0,negative,train,GSE279647,URS00003BACA4_9606,47
N001962,GCAAAAGAAAGAAAUCCCUGC,0,negative,train,GSE136967,URS000019135F_9606,70
P075859,GGACUUAAGAUCCAAUGGAUU,1,positive,train,GSE308686,URS00006F940C_9606,39
N026118,GAAUACACCUGAUCCCAUCUG,0,negative,train,GSE279647,URS00031622C4_9606,31
P062027,AGAUGGCAUUGUCAGCCAAUC,1,positive,train,GSE136967,URS000065235D_9606,26
P081204,CUAUGCUUAGCCCUAAACCUC,1,positive,train,GSE279647,URS000044DFF6_9606,451
P072148,CUUUGGUUGCAUAUGAUGCGA,1,positive,train,GSE308686,URS00002E0A2C_9606,55
N008074,GUUUGGAAUUAAAAUCAAAAC,0,negative,train,GSE279647,URS000022682F_9606,55
N009944,NNNNNNNNNNGUCGACGAAGG,0,negative,train,GSE279647,URS00003DA0FA_9606,1
N013252,UGCGGGAAACUCAGCUGCAUA,0,negative,train,GSE279647,URS000063A3A7_9606,115
P065055,UGGUGUUUACAACUAAUUGAU,1,positive,train,GSE308686,URS00005CF03F_9606,28
P062912,CCUCAUGAAAGCAGCACUGGC,1,positive,train,GSE136967,URS00006283BD_9606,51
P061523,CAUUCUUUCUCUCUUUUGCCU,1,positive,train,GSE136967,URS00008E3A5F_9606,148
N013779,NNNACCUGGGUAGCUCAGUAG,0,negative,train,GSE279647,URS00006494BB_9606,8
N052499,UAACUAUGAUGGUUUCUACAC,0,negative,train,GSE308686,URS000075AAF7_9606,329
P080846,CUUUAACAUAUCUGAACACAC,1,positive,train,GSE279647,URS000044DFF6_9606,395
N016200,UGCUGUAGGGUNNNNNNNNNN,0,negative,train,GSE279647,URS000068483A_9606,119
N013522,UGUUUGGGUUUGUUCUAGGUA,0,negative,train,GSE279647,URS0000642F53_9606,22
N018114,CUGUCAGCCUUUUGCCUAAGA,0,negative,train,GSE279647,URS00006BFA75_9606,16
P070766,NNNNNUUGUCUGGCAAUGAUG,1,positive,train,GSE308686,URS000075CFA2_9606,6
N008814,NNNNUUAUGUAGCUUACCUCC,0,negative,train,GSE279647,URS00002CE377_9606,7
N020350,UGGAUGGGAGAACUUAAAACU,0,negative,train,GSE279647,URS00006F4DE6_9606,90
N022331,CAGAGGACAAUAUUUAUUAAA,0,negative,train,GSE279647,URS000072D805_9606,92
N048545,NNGGCUCCGUAGCUUAGUUGG,0,negative,train,GSE308686,URS00006F6EA6_9606,9
P074018,GUUGUCAAUGAUGUAUUCUUC,1,positive,train,GSE308686,URS0000679D94_9606,17
N015460,CCUUGCGUUUCUUAGCAGGGC,0,negative,train,GSE279647,URS0000673862_9606,109
P066270,NNNNNNNAGGUGAUUCUUUUU,1,positive,train,GSE308686,URS0000ABD812_9606,4
N014898,CUGGUUAGUCCUUAGAUGGAA,0,negative,train,GSE279647,URS0000661164_9606,78
P060905,UUUGCCUUUUACUAAAGAGUC,1,positive,train,GSE136967,URS000071EA53_9606,44
P072035,UUGAUUUAAGUGAAUGAAAAA,1,positive,train,GSE308686,URS000075A742_9606,49
N004621,UGCAUGUGGAAAUGUCUGCUU,0,negative,train,GSE136967,URS00005A2612_9606,12
P061860,AGCAGGAAUAUGUUCAUAACA,1,positive,train,GSE136967,URS00005A2612_9606,46
P058283,GUGUUUGAAGGGUCCACUCCU,1,positive,train,GSE136967,URS0000A8E179_9606,117
P071029,AAUGAGUGAGAACUCAUACCG,1,positive,train,GSE308686,URS000075E4E2_9606,62
P060770,ACAUAUGAAUGCAGUAUUGAU,1,positive,train,GSE136967,URS000071E913_9606,46
P059093,CCUUUUGUAGUUCAUGAGCGU,1,positive,train,GSE136967,URS000064F355_9606,13
P064204,GCAAUGCUGUGUUUCUGUAUG,1,positive,train,GSE308686,URS00002B6637_9606,36
P067204,CAGUAUUCCAGUGCGAAUUGC,1,positive,train,GSE308686,URS00002E5E66_9606,102
P062586,UUCGAAUCCCAGCGGUGCCUN,1,positive,train,GSE136967,URS00000A1A88_9606,65
N020809,CCAAACUCAGAAGCUAAGCAG,0,negative,train,GSE279647,URS0000703254_9606,50
N005774,UUGAUAGAGUAAAUAAUAGGA,0,negative,train,GSE279647,URS000008D191_9606,20
P068407,UGGCCUGCCAGGUUUCGCUUG,1,positive,train,GSE308686,URS00003E7565_9606,42
N039032,GAUUCCUUCCUUUUUUGUCNN,0,negative,train,GSE308686,URS0000BA5588_9606,63
P073107,AGUUCGUGAUGGAUUUGCUUU,1,positive,train,GSE308686,URS000004E6C0_9606,51
P080331,AAAACUGCUCGCCAGAACACU,1,positive,train,GSE279647,URS000044DFF6_9606,487
N015370,GCAGGUAGCUGUGAUAACUAA,0,negative,train,GSE279647,URS0000670B0B_9606,55
P081058,GCACUCGGUCGAAGAGGACGA,1,positive,train,GSE279647,URS00006D5B02_9606,141
P058038,CAGAACUUAUUAACAUUAGUG,1,positive,train,GSE136967,URS0000007D24_9606,36
P071999,UUUGUGGAAGUUCUGAUUNNN,1,positive,train,GSE308686,URS00003DDA12_9606,60
P057856,GUUCCCCCUGCUUAAAAUAAA,1,positive,train,GSE136967,URS00006623A0_9606,56
N016794,UCAGCCCACUCCACCUCCCCU,0,negative,train,GSE279647,URS0000696CDC_9606,36
P059159,NNNNNNNGAACAUUGAAACUG,1,positive,train,GSE136967,URS000075B7FD_9606,4
P062443,GUGCACCCCAGGACCUUUGAC,1,positive,train,GSE136967,URS00006611EB_9606,60
P064441,CGCUGAGCGGCGUGGCGCGGG,1,positive,train,GSE308686,URS00026A2211_9606,174
P080752,UUUUUUUAAAGNNNNNNNNNN,1,positive,train,GSE279647,URS000069B08B_9606,155
N007423,AAACCAUUUCAUAACUUUGUC,0,negative,train,GSE279647,URS00001D14B1_9606,23
P067933,UAUAAGAAGGGAUAUUANNNN,1,positive,train,GSE308686,URS00002587B6_9606,121
N016262,GGUGAGCAUAGUUGCCUUCCA,0,negative,train,GSE279647,URS000068668E_9606,27
N008989,AUAAUCAUUUUCCUUANNNNN,0,negative,train,GSE279647,URS00002EDD4B_9606,163
N002087,NNNNNNNNNNGGAUCAAUGAU,0,negative,train,GSE136967,URS000067E73A_9606,1
N030997,GGAACUGUCUGAGGGAUNNNN,0,negative,train,GSE308686,URS000066FABB_9606,120
N017842,CCGCGGGCGCUCUCCAGCCCU,0,negative,train,GSE279647,URS00006B799B_9606,76
P074521,UGAGGUUGUCUUUGAAGAAAU,1,positive,train,GSE308686,URS000075BEB6_9606,50
P059897,GAAAAUGAUUGGAUNNNNNNN,1,positive,train,GSE136967,URS0000259AE4_9606,21
P082834,GCACGGGCCCUGUGAGCGAUC,1,positive,train,GSE279647,URS0000EED6D6_9606,48
N083110,UCACCUGAGGUGGGGAGUUCA,0,negative,train,GSE136967,URS0002869C7E_9606,53
P079508,NNNNNNNNUGCCUUAAACUUA,1,positive,train,GSE279647,URS000075EF5D_9606,3
P064596,CCCAUUGAUCGCCAGGGUUGA,1,positive,train,GSE308686,URS0000734D8F_9606,46
P063967,AUGAGCACUUAAAGUACUGCN,1,positive,train,GSE308686,URS0000507C9B_9606,62
N021522,CUGAAUCCAGCCAUCUGAGUU,0,negative,train,GSE279647,URS000071ACA6_9606,44
N014522,UCAGUUUAAUAUCUGAUAUAU,0,negative,train,GSE279647,URS0000658797_9606,59
N006422,GCGGUCUAAGGCGCUGCGUUC,0,negative,train,GSE279647,URS00000FB60D_9606,25
N015603,UAGUACUUGGAAGGGAGACUG,0,negative,train,GSE279647,URS00006747C7_9606,83
N026509,UUCCAUAGUUUACUAGAGAAG,0,negative,train,GSE279647,URS00033006D1_9606,34
N014831,CUGCCCCUGAGGACACGGUGC,0,negative,train,GSE279647,URS000065F8CD_9606,43
N017591,UAUAGUUAUCAGAUUUUCUGU,0,negative,train,GSE279647,URS00006B01A6_9606,108
N021625,GUGGUUAAGGUGAUGGACUAG,0,negative,train,GSE279647,URS000071DF37_9606,25
N020724,CUCAGAAGUUAACCCGGGUCA,0,negative,train,GSE279647,URS00006FFA46_9606,54
N016301,GUGAUGUAAAAUUUCUUGGCC,0,negative,train,GSE279647,URS0000687979_9606,16
P062293,GGAUGUCCCUGUGGGAAUGGC,1,positive,train,GSE136967,URS000026935A_9606,44
P062694,CAGUGAUGAAAACUUUGUCCA,1,positive,train,GSE136967,URS0000A98AD5_9606,14
P072007,AAGUGAAUGAAAAAUUACAAG,1,positive,train,GSE308686,URS000075A742_9606,56
N024458,CUGAAUGCACCUGAACUCAGA,0,negative,train,GSE279647,URS0000CC5DF1_9606,29
P073981,GGCUUUGACCAGGGUAUGAUC,1,positive,train,GSE308686,URS00005D7632_9606,65
N022892,GGGUUUGUCUUUUGGAAAAAC,0,negative,train,GSE279647,URS0000759B0C_9606,79
N017207,CGCAAAUUCAUGGAGCGUUCC,0,negative,train,GSE279647,URS00006A6692_9606,86
P061602,GUGAUGACCCCAACAUGCCAU,1,positive,train,GSE136967,URS00006CCF53_9606,17
P082610,UGGUGACAGCAAAAAUGACCC,1,positive,train,GSE279647,URS00008E397A_9606,44
P063994,UGAUGUUGACUGUUGAAUCUC,1,positive,train,GSE308686,URS00000AF93C_9606,31
P058452,ACCUGAGCCAUGACUCCCCAC,1,positive,train,GSE136967,URS000014FF3E_9606,113
P065965,UUUCUGGGCAAUGAUGUAAAG,1,positive,train,GSE308686,URS000075BDDC_9606,284
P070915,UGACGCACUGUGGGAAGGNNN,1,positive,train,GSE308686,URS000075DF1C_9606,85
P061040,CUACAUAAAUAUAUGGAGGUC,1,positive,train,GSE136967,URS0000648DBA_9606,81
N017969,CAUUUCUACAGUUUGUUACUG,0,negative,train,GSE279647,URS00006BAF16_9606,31
P064302,NNNNCGGGGUGAGGUAGUAGG,1,positive,train,GSE308686,URS000075A6A4_9606,7
P070241,UUGCUCCGUAGCUGGCGAUUG,1,positive,train,GSE308686,URS00003852FE_9606,109
N019387,GUGAAGCUAAGCAGGGUCCGG,0,negative,train,GSE279647,URS00006D8D71_9606,56
N018509,UGGGGCCAGCUUGCUCUCCGC,0,negative,train,GSE279647,URS00006C5E80_9606,94
P079505,UCUUAACCCAAUUUUUUGAGG,1,positive,train,GSE279647,URS00006D109F_9606,88
P060425,CUUCGAUGAAGAGAUGAUGAC,1,positive,train,GSE136967,URS00003A9200_9606,11
N012218,GAGCCCACUGUAAAGCUAACU,0,negative,train,GSE279647,URS000061CC6B_9606,14
N005278,CCACCAUUAGCACCCAAAGCU,0,negative,train,GSE279647,URS0000019953_9606,32
P076091,NNNNNNNNNACUCUUUUAGUA,1,positive,train,GSE308686,URS00000C6674_9606,2
P057989,CACUGACUGUAUAGAAAGAGG,1,positive,train,GSE136967,URS00004F2BDE_9606,45
P062814,NNNGCAGACUCACUCUGCAUC,1,positive,train,GSE136967,URS00006FB8B0_9606,8
N016284,UCAUCAUAAAUUAAAAUUUGA,0,negative,train,GSE279647,URS00006868E5_9606,60
P061389,CAGAUCAAGAGGUCCCUGGUU,1,positive,train,GSE136967,URS000014D40F_9606,44
N018111,UGAUUUCGUCUGAUCUUGGAA,0,negative,train,GSE279647,URS00006BFA1E_9606,40
P070923,CUCUUCUGAGACACNNNNNNN,1,positive,train,GSE308686,URS000063A91D_9606,81
P080193,AUAGCGCAUUGGACUUCUAGU,1,positive,train,GSE279647,URS0000738059_9606,29
P074093,GAUGAAAAAAGUUUCGGUCCC,1,positive,train,GSE308686,URS000051B5A1_9606,18
P075097,CCCGGCUCCUCCANNNNNNNN,1,positive,train,GSE308686,URS000038D768_9606,70
P067413,NNNNNNNCUGCAUCCACUGAU,1,positive,train,GSE308686,URS000019135F_9606,4
P071041,CGUUCUCAUCGGAACUGAGGU,1,positive,train,GSE308686,URS000075E4E2_9606,84
N005354,UCGAUCCUCGCUGGGGCCUNN,0,negative,train,GSE279647,URS0000023412_9606,65
P059884,NNNNNGUCUUCUCAUUGAGCU,1,positive,train,GSE136967,URS00004640CB_9606,6
P079985,CGGAGGACUGUAGGCUCAUUA,1,positive,train,GSE279647,URS0000758799_9606,35
P063057,AUUGUUCACAGUCAGUUACAG,1,positive,train,GSE136967,URS0000103047_9606,44
N005488,CGGAGAUGAAAACCUUUUUCC,0,negative,train,GSE279647,URS000004601F_9606,50
N046511,UAUCCUAGUACAGUCNNNNNN,0,negative,train,GSE308686,URS0000656AFD_9606,129
N029989,UCGGUAGAGCAUGGGACUCUU,0,negative,train,GSE308686,URS0000659544_9606,26
N045419,GGCCCGGGGGGCGGGCGGCGG,0,negative,train,GSE308686,URS000075B0DE_9606,24
N005146,CGGACGAGCCCGGNNNNNNNN,0,negative,train,GSE279647,URS0000009B16_9606,70
P060490,UGUCCCCGAACCAUUGCCUGG,1,positive,train,GSE136967,URS0000647500_9606,81
P077869,UGUAAUCGAUAAACCCCGAUC,1,positive,train,GSE279647,URS000044DFF6_9606,573
N010722,AAACACCUCUUUCUUAGCAAA,0,negative,train,GSE279647,URS0000488BFE_9606,88
N007765,CAGGCUCAGGGAUAAAUUUGG,0,negative,train,GSE279647,URS00001FC3CF_9606,112
P071064,GACUGAUGGCUNNNNNNNNNN,1,positive,train,GSE308686,URS00002F13BD_9606,76
P064462,UACACACUGAGGACUCUGUUC,1,positive,train,GSE308686,URS00026A2211_9606,41
P075501,CUUGGUGGUGCAGUGGUAGAA,1,positive,train,GSE308686,URS00007131F2_9606,13
N013772,CAGGAUCUAGUUACAUUGUAG,0,negative,train,GSE279647,URS000064930D_9606,14
N017945,GCCAGAUCUCGGAAACUAAGC,0,negative,train,GSE279647,URS00006BA75E_9606,37
N015237,CCUGGUUCUAUUUUUUCUCCC,0,negative,train,GSE279647,URS0000668F7D_9606,73
N040076,GUCCCCUUACCUGUGGGCUGU,0,negative,train,GSE308686,URS00003D5684_9606,99
P058297,AUCGUGGGCUGCCUUUGCCCU,1,positive,train,GSE136967,URS0000A8E179_9606,51
P069035,GGAAUUGCUGAAAGCCGUUUC,1,positive,train,GSE308686,URS0000468B49_9606,72
N032607,GAACAUGAUGAUUGGAGAUGC,0,negative,train,GSE308686,URS00021EDA78_9606,61
N023398,NNNNNAAUAUGUCUGAUAAAA,0,negative,train,GSE279647,URS000076F3F0_9606,6
P062830,CUGUCUGCCAGAUAAACAUUC,1,positive,train,GSE136967,URS00006FB8B0_9606,57
N008272,CGAAUCCUGUCGGCUACGNNN,0,negative,train,GSE279647,URS000024B38F_9606,75
P075716,GGCUAGCUCAGUCGAUAGAGC,1,positive,train,GSE308686,URS00006C0A49_9606,15
P063250,NNNNNNNCCUGGACCUGUUGG,1,positive,train,GSE136967,URS00006A6282_9606,4
P074044,NNNNNUGUUGUCAAUGAUGCA,1,positive,train,GSE308686,URS0000ABD8C9_9606,6
P061646,GCCCCAUGGGCCACAUGUGGG,1,positive,train,GSE136967,URS00008E3A70_9606,130
N008732,NNCUUUCUACACAGGUUGGGA,0,negative,train,GSE279647,URS00002B6637_9606,9
N010720,AACUGUUAACACAAACACCUC,0,negative,train,GSE279647,URS0000488BFE_9606,76
P060396,AGUUGGGCUCUGUCAGCCGCG,1,positive,train,GSE136967,URS00004416C5_9606,314
N017409,UCGAUGAUGAGCACUGGUGGA,0,negative,train,GSE279647,URS00006AAF5B_9606,15
N012331,CUUGAUCUCCUCUGAUCUUGG,0,negative,train,GSE279647,URS0000624BAB_9606,38
P070190,CCGUUAGUGCCUUCUGAUUUU,1,positive,train,GSE308686,URS0000704142_9606,121
P072842,GUGUGCCACUUGCCAAUGCAA,1,positive,train,GSE308686,URS0000010A7C_9606,64
P063462,AAUGUCCAAUGUCCUUUGUCU,1,positive,train,GSE136967,URS000067FCA5_9606,148
N004034,GAUACUGUAAACGCUUUCUGA,0,negative,train,GSE136967,URS000075C2C2_9606,58
P063713,ACACUGUACGAGAGUGAGUAG,1,positive,train,GSE308686,URS000046FA49_9606,35
P080370,GUUGCUUCAUGGCCUUUUGGC,1,positive,train,GSE279647,URS0000659FDF_9606,11
P058898,NNUGCAAUGAUGUCGUAAUUU,1,positive,train,GSE136967,URS0000679E95_9606,9
P061561,CGGGUGAUGCGAACUGGAGUC,1,positive,train,GSE136967,URS00006F39E7_9606,55
P058540,GCCUCCAUGAUGUCCAGCACU,1,positive,train,GSE136967,URS00006DA236_9606,13
P058522,GCGUCAUGUCUUCGGUGCUGG,1,positive,train,GSE136967,URS00000CC074_9606,95
N014614,UCUAGUAGGCUUUCUGGCUUU,0,negative,train,GSE279647,URS0000659914_9606,37
N024431,CCAUGUUGGGUGCCANNNNNN,0,negative,train,GSE279647,URS0000C8E9E8_9606,70
P078687,AGAGCGGAGGACUGUAGUGGA,1,positive,train,GSE279647,URS0000636E2A_9606,31
N019380,AAAAGCAAAUCUGGCAGAGGU,0,negative,train,GSE279647,URS00006D8D2C_9606,70
P066470,CACCAUGCAAAAGCAGUCUUC,1,positive,train,GSE308686,URS000031F86D_9606,56
P070237,CCAUUCCAUUCCCAGCUUGCU,1,positive,train,GSE308686,URS00003852FE_9606,93
P062995,AUUUGUUCCAGAAGGAACUGU,1,positive,train,GSE136967,URS000066FABB_9606,107
P064265,NNNNNUGGGAUGAGGUAGUAG,1,positive,train,GSE308686,URS00005EB5B7_9606,6
P078384,ACGUUAGGUCAAGGUGUAGCC,1,positive,train,GSE279647,URS000044DFF6_9606,684
N015605,AAGGGAGACUGACUGGGAAUA,0,negative,train,GSE279647,URS00006747C7_9606,93
N006893,ACUUCCAAUUAACUAGUUUUG,0,negative,train,GSE279647,URS000015836B_9606,39
N046031,UUGGCAAAGCUGUCACCAUUU,0,negative,train,GSE308686,URS000029D639_9606,84
N055719,GUACUGACCCCUGCCAUUUUC,0,negative,train,GSE308686,URS000069B06F_9606,89
P078298,GUGUUGUGGGUUAUUGUUAAG,1,positive,train,GSE279647,URS00004A2461_9606,22
N026047,AUGGCCAUACUAUCCUGAGCG,0,negative,train,GSE279647,URS000313FDA5_9606,12
P062491,GAAGAUUAGCAUGGCCCCUGC,1,positive,train,GSE136967,URS000035C796_9606,56
N046502,ACUCUGUGCCGAAAGCAUGGG,0,negative,train,GSE308686,URS000075B118_9606,120
P057835,GAUAAGCAAAUGCUGACUGAA,1,positive,train,GSE136967,URS00006B8984_9606,21
N003024,CACUAGCUCUGCGUGAUGUGG,0,negative,train,GSE136967,URS0000656AFD_9606,24
N025804,AGGCGGAUCACUUGAGCUCAG,0,negative,train,GSE279647,URS0002A6A09B_9606,2228
P062011,UAAUGGAAUUGUCUCACACAG,1,positive,train,GSE136967,URS000071B780_9606,60
P082907,AUCCCUGAGAGAGGAGGACCG,1,positive,train,GSE279647,URS000064D607_9606,164
P060823,CUUUAAAAUGGAUCUCAUCGG,1,positive,train,GSE136967,URS000071037B_9606,24
N013713,CCUUGUUUCUUCUCCUCUCCC,0,negative,train,GSE279647,URS0000646A59_9606,68
N010381,CUCUGCGUUGUGGCCGCAGCA,0,negative,train,GSE279647,URS000044BAE3_9606,35
N003894,ACAAAUGGGUGCGACUGGUUG,0,negative,train,GSE136967,URS00008E3964_9606,117
N010466,AGAUCAGAAACAUACNNNNNN,0,negative,train,GSE279647,URS0000451E99_9606,127
N023275,NNAGAACUGCAGAUAGUACAG,0,negative,train,GSE279647,URS000075D647_9606,9
P064438,CAGCUCCCUCUAGUUACGCAG,1,positive,train,GSE308686,URS00026A2211_9606,207
P079948,UGGGAUUAGAUACCCCACUAU,1,positive,train,GSE279647,URS000044DFF6_9606,434
P065466,AGCCUCCUAAAUGAAAAGGUA,1,positive,train,GSE308686,URS00005172B7_9606,60
P064218,GCCUGUUGAGUUUGGNNNNNN,1,positive,train,GSE308686,URS00002B6637_9606,74
P071645,GAUGUCUGAGUGAGNNNNNNN,1,positive,train,GSE308686,URS0000080E9E_9606,89
N016978,GGUAUAGACUAGCUGCGCUCC,0,negative,train,GSE279647,URS000069DB40_9606,198
N018861,AUUAAUAACUCUAAAGUUAGU,0,negative,train,GSE279647,URS00006CC1A3_9606,50
N026151,GAACAUGCCUAUCUUGUCUAG,0,negative,train,GSE279647,URS0003171B48_9606,31
P081943,GCCUAAAUCAAGAGAUUCAAA,1,positive,train,GSE279647,URS0000755838_9606,48
P061640,CCGAGUGUUGUGGGUUAUUGU,1,positive,train,GSE136967,URS00004A2461_9606,18
N003306,CGUUGGUCUAGGGGUAUGAUU,0,negative,train,GSE136967,URS00006744D5_9606,15
P057943,AUAAUGAAAACAACUACUCUC,1,positive,train,GSE136967,URS00004BB247_9606,48
P061953,CUGUUGCCACAAACCCGUAGA,1,positive,train,GSE136967,URS000054969A_9606,12
N006797,CGUUUGUGGACAUCCUUAGGU,0,negative,train,GSE279647,URS000013D1D5_9606,58
P078750,CGGAGGACUGUAGUGGAUAGG,1,positive,train,GSE279647,URS0000636E2A_9606,35
N024284,NNNNNNNNNNCAAGUCACUAG,0,negative,train,GSE279647,URS0000B922CB_9606,1
N046782,CAAGGUUAUAGAAAUUUCAGA,0,negative,train,GSE308686,URS000033FC0E_9606,118
P072257,AUUUGCUAUCUGAGAGAUGGU,1,positive,train,GSE308686,URS000052FCE0_9606,31
N003252,CUGAUGCAUUGGCNNNNNNNN,0,negative,train,GSE136967,URS00006B5455_9606,88
P060569,CAGUCUGAUCAAUGUGUGACU,1,positive,train,GSE136967,URS0000130A5F_9606,37
P061732,GUCACGCGGGAGACCGGGGUU,1,positive,train,GSE136967,URS00006174C2_9606,44
N000194,GAUGAGUUGGCAUGUAUUCUG,0,negative,train,GSE136967,URS0000668E0B_9606,18
P062425,GUUCGACUCCCGGUGUGGGAA,1,positive,train,GSE136967,URS00003C9A26_9606,62
P079204,AGCACGCAGCAAUGCAGCUCA,1,positive,train,GSE279647,URS000044DFF6_9606,124
N029030,UUUGCCUAACACGCGAAAGGU,0,negative,train,GSE308686,URS000073A2F5_9606,37
P071961,ACUGACCUUCUUCCAAGCCUC,1,positive,train,GSE308686,URS00006BA413_9606,53
P062605,CCAUGGAUGAGAAAUGCGGAU,1,positive,train,GSE136967,URS00006E3D71_9606,46
P072221,NNNNNNNNUGCCCAGUGAUGA,1,positive,train,GSE308686,URS00006D051B_9606,3
N019691,GGGUUGUGCCUGAUUAGUAUU,0,negative,train,GSE279647,URS00006E06F0_9606,68
P058279,AGGGUCCACUCCUAUCCCUUC,1,positive,train,GSE136967,URS0000A8E179_9606,125
N016010,AGUACUUGGAAGAGAGACCGC,0,negative,train,GSE279647,URS000067D6ED_9606,81
P059085,NNNNNNNAUCCUUUUGUAGUU,1,positive,train,GSE136967,URS000064F355_9606,4
P059986,GUGUCUUGUUUGUAGCUUCAC,1,positive,train,GSE136967,URS000063F860_9606,31
N012287,UCCAAGUGCCGAGGUGUUUAC,0,negative,train,GSE279647,URS0000624A33_9606,17
P068953,NNNNNNNNNNUGCAGUCAAGU,1,positive,train,GSE308686,URS000072157F_9606,1
P063776,UUCCAUGGGUUGUGUCAGUGU,1,positive,train,GSE308686,URS000075D8A0_9606,42
N005486,AACCGGAGAUGAAAACCUUUU,0,negative,train,GSE279647,URS000004601F_9606,47
P061520,UCGAUUCCCGGCCAACGCANN,1,positive,train,GSE136967,URS000034AAC2_9606,64
P060981,CAUCUUUCGGGACUGACCUGA,1,positive,train,GSE136967,URS0000651282_9606,29
P074870,AUACUUCUUUUUCUUUCUUUG,1,positive,train,GSE308686,URS00003B57B1_9606,87
P063464,AGCACUCCUAAUGUUUGGUGC,1,positive,train,GSE136967,URS00003818BD_9606,99
N025231,NNNNGUGAGGUAGUAGAUUGU,0,negative,train,GSE279647,URS0002310A45_9606,7
P057992,AGAGGAGGUAGAGUAAACCUA,1,positive,train,GSE136967,URS00004F2BDE_9606,61
N013552,GGUCUGAGAUGCAAUUAUUGC,0,negative,train,GSE279647,URS0000643671_9606,44
P065213,AAGAUACACUCUGAGUUAUAA,1,positive,train,GSE308686,URS000021BC29_9606,141
N013502,CUAAAGUUGAUACACAACCCU,0,negative,train,GSE279647,URS0000641C1B_9606,60
P073549,CUGAAGCCAGAUGCAAUUUCU,1,positive,train,GSE308686,URS000075A693_9606,58
N007947,CGAGUUCCACCUGGGGUAAGN,0,negative,train,GSE279647,URS0000215F73_9606,64
P078392,UGGUUUCUCUUCAAAUCGUAU,1,positive,train,GSE279647,URS0000673862_9606,17
P061795,GAGAAAAACAACUAUGAGUUU,1,positive,train,GSE136967,URS000067B2B1_9606,70
N014327,ACUGCUUCACUUGACUAGCCU,0,negative,train,GSE279647,URS0000653BD1_9606,89
P057917,GGUUCGAACCCACCCAGAGGC,1,positive,train,GSE136967,URS000068D6AF_9606,63
N015171,UUCCAGAGCGAGUCUUAUCCA,0,negative,train,GSE279647,URS0000667BF0_9606,55
P064116,AGGGACAUGGUUAAUGGAAUU,1,positive,train,GSE308686,URS000071B780_9606,49
N004372,NNNNNNNNACCCCUGGCAGCC,0,negative,train,GSE136967,URS000068C891_9606,3
P074108,CGGUCCCAGAUGAUGGCCAGU,1,positive,train,GSE308686,URS000051B5A1_9606,32
N024222,GGCUCACAUCACCCNNNNNNN,0,negative,train,GSE279647,URS0000AC252C_9606,60
N056234,UGGGUUGCUCUAAGGGACCUU,0,negative,train,GSE308686,URS00000D55EA_9606,115
P060516,AUGCAUGUUAAGUCCGUGUUU,1,positive,train,GSE136967,URS00006DE18B_9606,27
N017001,UUGGAUGGGAGUUCAGAAAUU,0,negative,train,GSE279647,URS000069DFF8_9606,89
N017890,UGGUGGCGUAUGAGUCAUAUG,0,negative,train,GSE279647,URS00006B8E06_9606,29
P058796,GGGGAACUGGGAUGCUUAUUU,1,positive,train,GSE136967,URS00004C8BD1_9606,99
N029248,AAUAACAUUGGGCCACUGUAA,0,negative,train,GSE308686,URS00005682D3_9606,73
P064649,CUUCGGUCAAGGGUAUACGAG,1,positive,train,GSE308686,URS0000734D8F_9606,188
N019844,CCCGAUCUUGUCUGAUCUUGG,0,negative,train,GSE279647,URS00006E3F43_9606,38
P068338,GUCUUUGAGCCCCCGCCGAGC,1,positive,train,GSE308686,URS0000726F61_9606,16
N024344,UGCUCUCACCGCUGCUGCCUG,0,negative,train,GSE279647,URS0000C8E9D0_9606,41
N019511,AGUGAGUCAGGCCAGGUUAGU,0,negative,train,GSE279647,URS00006DC26B_9606,56
P061342,UUGGCUGGUGCAAUCCAGUGG,1,positive,train,GSE136967,URS000063C47F_9606,39
P061145,AAACUGAGCCUCUAAGAAGUU,1,positive,train,GSE136967,URS0000759F56_9606,74
P076771,CAGCGGUUACUUCGAGUACAU,1,positive,train,GSE308686,URS0000000A8C_9606,25
P063522,CUCACACGUGUAAUCCCAGCA,1,positive,train,GSE308686,URS00006CEBFE_9606,152
P060494,ACUGCUGAAUGAUAACGGGCA,1,positive,train,GSE136967,URS0000694F71_9606,37
N024886,UGGUGACGCGUGCGCCGGCCG,0,negative,train,GSE279647,URS0000EED6D6_9606,84
P068447,UGGGCUCACGUCAUGGGCACU,1,positive,train,GSE308686,URS00003E7565_9606,113
P059890,NNNACCUUCUUGUAUAAGCAC,1,positive,train,GSE136967,URS0000057A7C_9606,8
P060586,AGUGAUGAGUUGAAUACCGCC,1,positive,train,GSE136967,URS0000130A5F_9606,15
P069454,NNNNNNNAUUGCACCUAAACC,1,positive,train,GSE308686,URS00005357F7_9606,4
P071094,AAAUGAUGUUUAUUUGAAACA,1,positive,train,GSE308686,URS00002F13BD_9606,14
N055574,ACCACGGUUUUCAGUACAACA,0,negative,train,GSE308686,URS00003B6A48_9606,115
N010175,AGGCCUUAAAGUACUGUAGCA,0,negative,train,GSE279647,URS000041CB9C_9606,14
N018454,GCUAAGCAAGGUUGGGCCUGC,0,negative,train,GSE279647,URS00006C526F_9606,61
P060229,CCGACAGAUCGACUAUGUUGA,1,positive,train,GSE136967,URS0000643FAE_9606,42
N012981,CACCUGAGCUCAUCUGAUCUC,0,negative,train,GSE279647,URS00006359EA_9606,36
P066042,CGGGCCCUCACGGAGGCGGGG,1,positive,train,GSE308686,URS000010A63C_9606,49
N015088,UUCUUUCCCACUUCUCACUAC,0,negative,train,GSE279647,URS00006642D4_9606,85
P062065,GCCACGUGUCUGGGCCACUGA,1,positive,train,GSE136967,URS00006A65B9_9606,35
N001332,AUAUUAAGACCAUGCAUGUGU,0,negative,train,GSE136967,URS00002C6D40_9606,69
N055517,UGAUUGCAUUUGUUAGUUGUA,0,negative,train,GSE308686,URS0000180559_9606,28
N003331,AACUUUUCUAAGCCAGUUUCU,0,negative,train,GSE136967,URS0000643FAE_9606,66
N012576,GUUCACAGUCAGUUACAGAUC,0,negative,train,GSE279647,URS000062BAA7_9606,47
N046927,UGUAUGUGGAUGAGGACAUNN,0,negative,train,GSE308686,URS0000A76B4D_9606,68
P080629,NNNNNNNNNNCACGAGAAAAC,1,positive,train,GSE279647,URS00000B09B7_9606,1
P060134,UCAUUGGGUUUCGCAUGUUGC,1,positive,train,GSE136967,URS00006C2FB0_9606,26
P058505,GGGGAUCGGGCUUGUGGUGCC,1,positive,train,GSE136967,URS00000CC074_9606,26
P058661,AAACUUUUCCCAAUACCCCGC,1,positive,train,GSE136967,URS0000149178_9606,76
P082247,NNNNAUCCUCACCUGUCAGGG,1,positive,train,GSE279647,URS00006ECCC6_9606,7
P061234,NAAAAUGAUGAGAUUCCACUU,1,positive,train,GSE136967,URS0000A9FA53_9606,10
P061138,AACAUUCCUUGGAAAAGCUGA,1,positive,train,GSE136967,URS00006C9042_9606,36
N033061,NNGCCAUAUGAUGUUUUCUUU,0,negative,train,GSE308686,URS00002B7232_9606,9
N002824,UGGAGGGUCCACAUCUUCACC,0,negative,train,GSE136967,URS0000661CCE_9606,97
N026616,AAGAAAGUUAAAAAAAAAAAA,0,negative,train,GSE279647,URS00033B08A1_9606,258
P075596,GCAUAGGUGGUUCAGUGGUAG,1,positive,train,GSE308686,URS00006D4584_9606,11
N016146,AUCUGGCAGAAGAAAUGUUAU,0,negative,train,GSE279647,URS0000681820_9606,17
P059454,CAACGUGGAUACACCCGGGAG,1,positive,train,GSE136967,URS00004A4D73_9606,12
P067842,AGAGUCACGCUUGGGUAUCGG,1,positive,train,GSE308686,URS00002BF97D_9606,20
P060014,NCUUGGCCCUUAUCGAAGCUG,1,positive,train,GSE136967,URS00006D2F8D_9606,10
P061553,UUAGACUGCUGACGCGGGUGA,1,positive,train,GSE136967,URS00006F39E7_9606,41
N019165,GGUCAAAAAGGAGCCCAGAGU,0,negative,train,GSE279647,URS00006D2F8D_9606,55
P069108,CCUGAUCCCUUUCCCAUCGGA,1,positive,train,GSE308686,URS00005D459D_9606,16
P076642,UCACAUUCGCCUUACACGCGA,1,positive,train,GSE308686,URS0000753215_9606,32
N025303,NNNNNNNNNNGUGCAUUGCUG,0,negative,train,GSE279647,URS0002311723_9606,1
P080652,AUACCCCACUAUGCUUAGCCC,1,positive,train,GSE279647,URS000044DFF6_9606,443
P066366,UGCUUCCAAGAUAUGAGUGAA,1,positive,train,GSE308686,URS00005F2496_9606,48
P058293,CCCUGGUCAUUGAUAGUGCAG,1,positive,train,GSE136967,URS0000A8E179_9606,68
P061189,CUUGCGAAUCAAAUCUGUCAA,1,positive,train,GSE136967,URS000062ED01_9606,23
P060404,CAAGAAAAUUCCUCUAGAUAG,1,positive,train,GSE136967,URS000053D4AB_9606,54
N011530,UUAAGAUUCUAAAAUUAUCUC,0,negative,train,GSE279647,URS0000584589_9606,42
P082789,UUAUGGCCACUGAGAGAUGAA,1,positive,train,GSE279647,URS0000569A4A_9606,294
N020452,UGGGUUCGACUCCCAGCGGGG,0,negative,train,GSE279647,URS00006F6EA6_9606,61
N010635,UUUGAAGGCUCUUGGUCUGUA,0,negative,train,GSE279647,URS000047C095_9606,42
N048884,ACAGAUCUUUGGUAAUCUGAU,0,negative,train,GSE308686,URS0000569A4A_9606,316
P058440,CCACAGGUGGGGUCCACGGUA,1,positive,train,GSE136967,URS000014FF3E_9606,218
N002542,NNNNNNNACAAGCCUAUGAUG,0,negative,train,GSE136967,URS000072C309_9606,4
P071659,UUCCUUAGUGUUGGGUAAACC,1,positive,train,GSE308686,URS000032B59A_9606,60
N009947,NNNNGUCGACGAAGGUGGGAU,0,negative,train,GSE279647,URS00003DA0FA_9606,7
N019383,CCACCCUGAGCGCGCCCCAGC,0,negative,train,GSE279647,URS00006D8D71_9606,23
P082109,CCCAAGUAGCUGGNNNNNNNN,1,positive,train,GSE279647,URS000061BBB7_9606,576
P065829,AAGAAGGCUGAGUCUGAUGAA,1,positive,train,GSE308686,URS00005C0742_9606,22
N031261,UGUGGAAUCUGAAGACACUUG,0,negative,train,GSE308686,URS000075D383_9606,90
P071249,GACAGCACUGAGACUGAGUCU,1,positive,train,GSE308686,URS000075AF9C_9606,64
P079335,NNNGUCUGUCAAGGAUGUUCG,1,positive,train,GSE279647,URS00008E397A_9606,8
P069640,CAGGGAGAGGAAUCAAUGAAA,1,positive,train,GSE308686,URS000045555D_9606,62
P074585,NNCCGGGGCCUCCAUGAUGUC,1,positive,train,GSE308686,URS000075DD61_9606,9
P061954,ACCUGUCCCUUGCAGCAGGUC,1,positive,train,GSE136967,URS00008E398A_9606,150
N008078,NNNAACUUUUAAAGGAUAACA,0,negative,train,GSE279647,URS00002273FD_9606,8
P060175,CUGCAUUCUUAAACCCUCUUG,1,positive,train,GSE136967,URS00005F2496_9606,11
P069863,NNNNNNNNNNCUGCGAAUAUU,1,positive,train,GSE308686,URS000042BEC6_9606,1
P076512,UUCAUGAGGCUCUGGGUUCGA,1,positive,train,GSE308686,URS000071ED2F_9606,47
N007072,AUAAGGCGUCUGAUUCCGGAU,0,negative,train,GSE279647,URS0000183E1C_9606,27
N002899,NNNNNNCACAGAUGAUGAACU,0,negative,train,GSE136967,URS000063F175_9606,5
N083156,UUCCCGGUUCUUCCNNNNNNN,0,negative,train,GSE136967,URS000042A57E_9606,19
P061866,AUGGCAACACCUUCCUUGGAU,1,positive,train,GSE136967,URS000066E3F5_9606,68
N014254,UGAACAUGGCUGGUCUCAUCU,0,negative,train,GSE279647,URS000065217D_9606,30
P059711,GACCCCUGCGAUUUCCCCAAA,1,positive,train,GSE136967,URS000032B6B6_9606,94
N008308,UAGUGAUAUGUGCAUCUACUG,0,negative,train,GSE279647,URS0000259C2E_9606,32
P071231,AUGAUUCCAUGUGGAAUUUAA,1,positive,train,GSE308686,URS000075D829_9606,57
N052415,CAGGGCUGCCAACCUUCUAGU,0,negative,train,GSE308686,URS00005A2612_9606,90
P075080,AGGUCCCGGGUUCGAUCCCCG,1,positive,train,GSE308686,URS00006FC298_9606,53
N022536,GAGCGGAGGACUGUAGAUUGU,0,negative,train,GSE279647,URS000073FCEB_9606,32
P078282,GGAAGAGGCCCUCGGGCCUGA,1,positive,train,GSE279647,URS00006C0FA0_9606,57
P063833,UAGGACAGCUGGCUAAGUCUG,1,positive,train,GSE308686,URS0000D5073B_9606,52
N055596,GUUUUCAAUCUGAGACCUNNN,0,negative,train,GSE308686,URS000075D68F_9606,271
P067806,UCCUUGUCUUUGGACAUGUAA,1,positive,train,GSE308686,URS000075B384_9606,36
N020010,UAAUUGAAACAAGCAACCUGU,0,negative,train,GSE279647,URS00006EBF05_9606,49
P071592,UUGGCCAGUUCUUCCUUGGAU,1,positive,train,GSE308686,URS0000080E9E_9606,71
P065912,UUGUCACCAUGCCUCCCUAGA,1,positive,train,GSE308686,URS0000608804_9606,52
N052377,UUAAAACAGAUGGUUCCUGCC,0,negative,train,GSE308686,URS0000180559_9606,76
N023579,NNNNNNNNNUGUUUAGACGGG,0,negative,train,GSE279647,URS00007EF03D_9606,2
P063516,UGAAAAACACAUUUCACCGGC,1,positive,train,GSE136967,URS0000446770_9606,52
P063081,GGUCCGAAGGUAGUGAGUUAU,1,positive,train,GSE136967,URS0000103047_9606,15
P075930,AAUCGGCUAGCGCGUUUGGCU,1,positive,train,GSE308686,URS000068D6AF_9606,24
P065851,UCUCAAGUUUUCAAUCUGAGA,1,positive,train,GSE308686,URS000075D68F_9606,265
N023717,UUAACCUAAAUUUCUAUAAGN,0,negative,train,GSE279647,URS000083354E_9606,60
P070021,UGGAAGAGCAAACACUGUCUU,1,positive,train,GSE308686,URS0000148398_9606,68
P063916,CAAAUCUAUGCAAAACUGAUG,1,positive,train,GSE308686,URS0000539083_9606,63
P064006,NNNNNNNNUGUCGGGUAGCUU,1,positive,train,GSE308686,URS00000AF93C_9606,3
N002083,NNNNNGGAUCGAUGAUGAGUC,0,negative,train,GSE136967,URS000070C400_9606,6
P063017,CUAGUCCCAGAGCCUGUAAAG,1,positive,train,GSE136967,URS000066FABB_9606,49
P070750,GAGAACAAAGUUCGGUAAUGA,1,positive,train,GSE308686,URS000075CFA2_9606,44
P070527,CCUGUGGUUGCUGGAUGCUGU,1,positive,train,GSE308686,URS000064B135_9606,13
P077310,GCGGUACUUAUAUGACAGUGC,1,positive,train,GSE279647,URS0000757938_9606,37
N013248,CAAUCUUGUCUGAUCUUGGAA,0,negative,train,GSE279647,URS000063A357_9606,40
P070770,NNUUGUCUGGCAAUGAUGACC,1,positive,train,GSE308686,URS000075CFA2_9606,9
N053627,AUAAACAUUCCAGGGUGCUGU,0,negative,train,GSE308686,URS00006FB8B0_9606,68
N046400,CAGCUUAAUUAGUGACUGGAU,0,negative,train,GSE308686,URS000065E84A_9606,104
P059029,AGUUAUCCCUGUCUGAAAUGG,1,positive,train,GSE136967,URS0000686085_9606,31
P081744,AUGAAAGUGGUUUUUCCAGAG,1,positive,train,GSE279647,URS0000669D0F_9606,42
P073756,UGCCGUGAUGUAUUUGUCAAC,1,positive,train,GSE308686,URS0000ABD834_9606,14
P079909,CGCAUCGCUUCUCGGCCUUUU,1,positive,train,GSE279647,URS00021ED9AF_9606,266
N019255,NNNNNCUAUUAUGAUGAGAUU,0,negative,train,GSE279647,URS00006D5693_9606,6
P070535,GACAGCUCUCCAGUGGAUUCG,1,positive,train,GSE308686,URS000064B135_9606,42
N023772,AGGCCAUGACAGUCAAACUGA,0,negative,train,GSE279647,URS00008E3964_9606,165
P062038,GUCCUGGUGAUGACAGAUGGC,1,positive,train,GSE136967,URS000065235D_9606,12
P062548,GGCCGGUGAUGAGAACUUCUC,1,positive,train,GSE136967,URS00006F4F8C_9606,13
P069816,GUCAUUGGUAGUGCAGGCAGA,1,positive,train,GSE308686,URS00005B5A80_9606,51
P079406,CAAAAGGAACAAGCAUCAAGC,1,positive,train,GSE279647,URS000044DFF6_9606,106
N009044,CUUGUAGCAUUCAGGUCAAGC,0,negative,train,GSE279647,URS0000302909_9606,40
N005171,GUAGUCAGCCAUCCGGACAGA,0,negative,train,GSE279647,URS000000D517_9606,21
P063787,UCAGCUUUGAGAACUGAAUUC,1,positive,train,GSE308686,URS000075D8A0_9606,24
P073345,UGACCUUGUAGAAUGGAGGCA,1,positive,train,GSE308686,URS0000406CED_9606,35
P068056,GCCAUGGGAUCUCCAACUGCA,1,positive,train,GSE308686,URS000002FDBC_9606,43
P065797,AACAAAGUCGUUUUCUCCUCU,1,positive,train,GSE308686,URS0000759B0C_9606,97
N042767,GUCGUUAAGGUCCCUGAGAAU,0,negative,train,GSE308686,URS00005A3020_9606,110
P058710,AUCUGAAGGUCGUGAGUUCGA,1,positive,train,GSE136967,URS000072890F_9606,48
N007538,CAAACCUGUAGCUGUCUAGCG,0,negative,train,GSE279647,URS00001DA281_9606,47
N015715,GGCGUAUGAGUCUUGGAUGAU,0,negative,train,GSE279647,URS0000676D30_9606,33
N017968,NNAAGACUACACUUUCAGGGA,0,negative,train,GSE279647,URS00006BAF16_9606,9
N013173,CCACCACUGCCANNNNNNNNN,0,negative,train,GSE279647,URS0000637E4A_9606,81
P074616,CACUGGGCUCUGAUCACCCCU,1,positive,train,GSE308686,URS000075A57C_9606,33
N013499,UCACUAAAGUUGAUACACAAC,0,negative,train,GSE279647,URS0000641C1B_9606,57
N083222,CAGCUUCUAGUAGCUUUUCGC,0,negative,train,GSE136967,URS00023473A4_9606,1558
P073047,NNNNNNNNNGUUCAGAUGAUG,1,positive,train,GSE308686,URS0000694F71_9606,2
P076071,UUAGACGGGCUCACAUCACCC,1,positive,train,GSE308686,URS00003E8921_9606,53
N052755,AUCCCAAGUAUGGCAGAAGGA,0,negative,train,GSE308686,URS0000ABD812_9606,38
N053571,AAAUGCUGGUGAUAAACNNNN,0,negative,train,GSE308686,URS000042BEC6_9606,126
N028751,ACUACUCCUGUCUGAUUNNNN,0,negative,train,GSE308686,URS00003B08B2_9606,65
P062364,GUGCUGUGAUGAUGCCUUAAU,1,positive,train,GSE136967,URS0000706C1B_9606,11
P070579,ACGGUUUGAGGCCUUGCCCUG,1,positive,train,GSE308686,URS000033FC0E_9606,85
P071379,ACUGUGGCAACUGUGAUGAAA,1,positive,train,GSE308686,URS000075CB76_9606,15
P076047,GUGGUUCGAGCCCACCCGGGG,1,positive,train,GSE308686,URS00006430D9_9606,61
P063537,CUUCUCGGCCUUUUGGCUAAG,1,positive,train,GSE308686,URS00006A3E7F_9606,15
N018516,UGGUUCGUUCCCACCCCGGGA,0,negative,train,GSE279647,URS00006C6310_9606,62
N016345,GCUAAGCAGGGUCGGGACUGU,0,negative,train,GSE279647,URS000068881D_9606,61
P063020,UCUGUCCUAGUCCCAGAGCCU,1,positive,train,GSE136967,URS000066FABB_9606,43
N047116,UGGAGAAAACAGAAAAUUCUG,0,negative,train,GSE308686,URS0000197BB5_9606,59
N006203,CGAGUCCUGCCGCGGUCGNNN,0,negative,train,GSE279647,URS00000CC06A_9606,66
P071679,ACACCUUCCUUGGAUGUCUGA,1,positive,train,GSE308686,URS000066E3F5_9606,74
N000903,NAGCCUUUGUGUUGCCCAUUC,0,negative,train,GSE136967,URS00001BD443_9606,10
N002115,UAAAGAUUUAUCUAAUUUAAA,0,negative,train,GSE136967,URS00006B25F2_9606,26
N046219,ACCUCUUUCUUAGCAAAACAG,0,negative,train,GSE308686,URS0000488BFE_9606,92
P061616,AGUUCAAAUCUCGGUGGAACC,1,positive,train,GSE136967,URS00006DA515_9606,61
P059360,GAGGUACAAAAGUUAAUAGCA,1,positive,train,GSE136967,URS000015A7CF_9606,46
N003573,CCAUGAUGGAACUGAGGAUCU,0,negative,train,GSE136967,URS00006A65B9_9606,60
P063509,UUUGAUUGCUUGAAGCAAUGU,1,positive,train,GSE136967,URS0000446770_9606,32
P078569,CAGUACUGCUAACGCCUGAAC,1,positive,train,GSE279647,URS000075ADBA_9606,63
N012095,ACCCACCACUGGGAGAUAACU,0,negative,train,GSE279647,URS00005EB5B7_9606,48
P067145,CUUGCUAUAGCAAGAAAGUCU,1,positive,train,GSE308686,URS00000F8A5F_9606,59
P082850,CUGUUCCAAUUGCAGUGGUGU,1,positive,train,GSE279647,URS0000664E8D_9606,13
P059548,GCUGGAGAGAAAUUGUGGUAA,1,positive,train,GSE136967,URS0000569A4A_9606,200
N002916,ACUGCCAUUAUCCUGCUGAAA,0,negative,train,GSE136967,URS00002982D8_9606,50
P058727,AUCACUGUUUCUUAUAGCGGU,1,positive,train,GSE136967,URS00005357F7_9606,30
P060124,UGAAAGAGGUUGUCCCCGUGU,1,positive,train,GSE136967,URS00006EC784_9606,78
P060440,CUGACUUGGGGAUGUUCUCUU,1,positive,train,GSE136967,URS00003A9200_9606,36
P062656,AAUGGCUAUUUCAUUUGGAAG,1,positive,train,GSE136967,URS0000552BBC_9606,119
N025933,CAGUGACGGAAUAGGAGCUUG,0,negative,train,GSE279647,URS000307E196_9606,57
N005045,CUACGCCUGUCUGAGCGUCGC,0,negative,train,GSE279647,URS0000005270_9606,145
P068506,GUCAUUGGCAUGUAAGAGAAA,1,positive,train,GSE308686,URS000075B5A7_9606,146
P069091,GAGGAAAAGUAAUAGUGAAGC,1,positive,train,GSE308686,URS00005D459D_9606,67
N022882,UUGGGGCUGCUAUCUGCCUCA,0,negative,train,GSE279647,URS0000759B0C_9606,44
N021787,GGUGGAGCAUGGGACUCUUCA,0,negative,train,GSE279647,URS00007217B5_9606,28
N025744,CUGAGCAGACAGGGCUGCAAG,0,negative,train,GSE279647,URS0002A2339A_9606,36
N013201,AGAGCUGAGCCUGGUUACUAC,0,negative,train,GSE279647,URS0000639585_9606,68
N024597,NNNNNNNNNUGUAGCUUACCU,0,negative,train,GSE279647,URS0000DC92B6_9606,2
P068565,NNNNNGAGCACCUGAAUCUUU,1,positive,train,GSE308686,URS000027BAE7_9606,6
N026606,CUCCCGACCUCAUCUGAUCUU,0,negative,train,GSE279647,URS000339A917_9606,36
P064103,CCUAGGGCAUUGGUGUAAAGC,1,positive,train,GSE308686,URS000075CFD7_9606,33
N004073,UUGGGAAAAUACAGUUNNNNN,0,negative,train,GSE136967,URS00006D2F8D_9606,130
P062082,GGGCUGCCCGUGUCCUGGUCA,1,positive,train,GSE136967,URS0000661CCE_9606,33
N003438,GUCGCCUGCCCAGCCCCCGAA,0,negative,train,GSE136967,URS00004416C5_9606,231
P068543,CGUUAGCCUGGCUGUAGCUAA,1,positive,train,GSE308686,URS00003CCCBE_9606,28
P061676,UUCGAUCCCCGUACGGGCCAN,1,positive,train,GSE136967,URS0000610FFE_9606,65
P062215,UGCAGCUGAUGAUACAGCUUC,1,positive,train,GSE136967,URS00006B5455_9606,16
P082155,GUUGAACAGGGCCCUGAAGCG,1,positive,train,GSE279647,URS000044DFF6_9606,817
N002799,NNNUCCUGCAUCCGAAAGUGA,0,negative,train,GSE136967,URS00006EC784_9606,8
N000366,GGCAGCCUCGAACCAUUGCCC,0,negative,train,GSE136967,URS000072D77E_9606,80
P073714,UGAUGUAAUUCCAAUAGAUCC,1,positive,train,GSE308686,URS00004D7B5D_9606,17
P058535,GGGCUCCGACUGCCACUGAGG,1,positive,train,GSE136967,URS00006DA236_9606,34
N024378,UGGACAUCCUUAGGUUGCUGG,0,negative,train,GSE279647,URS0000C8E9DD_9606,55
P081395,AGGACUGUAGUUGGCUGUGUC,1,positive,train,GSE279647,URS000074FC25_9606,38
N001724,GGUUUGGGUCCGAGAGGUCCC,0,negative,train,GSE136967,URS000062C4DE_9606,39
P072867,CCACUUGCCAAUGCAAGGACU,1,positive,train,GSE308686,URS0000010A7C_9606,69
P082034,UUCACAAAGCGCCUUCCCCCG,1,positive,train,GSE279647,URS000081566B_9606,14
N022285,ACCCAGUGGGGGAGCCAGGAA,0,negative,train,GSE279647,URS000072D134_9606,16
N021440,CUGCACAAGGAUGACAUGCAA,0,negative,train,GSE279647,URS0000719278_9606,75
P061842,CAUUCGCCUCACACGCGAAAG,1,positive,train,GSE136967,URS00002B4CE5_9606,35
P058970,NNNGUUGGUUGAAAAUCGCCC,1,positive,train,GSE136967,URS00006D48F7_9606,8
P060333,CGGGCGGAAACANNNNNNNNN,1,positive,train,GSE136967,URS000061D582_9606,72
N018728,CAUUCUCAGCCUUUUGGGUAA,0,negative,train,GSE279647,URS00006C9A39_9606,14
P069023,NCACCUGCAUUCAAAAAUGAU,1,positive,train,GSE308686,URS0000468B49_9606,10
P065957,AUCUCUACAGUUCUGAGAAGC,1,positive,train,GSE308686,URS000075AAF7_9606,101
P081456,GACUUCUAGCCUAAAUCAAGA,1,positive,train,GSE279647,URS0000755838_9606,40
P080029,NNNNNNNNNNGGUCGAUGAUG,1,positive,train,GSE279647,URS00006375AD_9606,1
P074060,CAAUGCUGACACUCAAACUGC,1,positive,train,GSE308686,URS00006A38AA_9606,64
P071886,NNNNNNNNUGCAAUGAUGUCG,1,positive,train,GSE308686,URS0000535D45_9606,3
P061022,UCGUCAACAGCAGUUCACCUA,1,positive,train,GSE136967,URS0000434604_9606,32
N018103,UUGGAAGGGAGACAGUGAUUA,0,negative,train,GSE279647,URS00006BF71F_9606,89
P060178,NUGUCCUGAUGAUACUUGUAA,1,positive,train,GSE136967,URS0000660E95_9606,10
P069377,NNNNNNNNNAUCCAAGGUGAU,1,positive,train,GSE308686,URS00004C8BD1_9606,2
P057675,AGCGUGAAGCCGGCUUUCUGG,1,positive,train,GSE136967,URS0000650B1E_9606,117
N008202,CUGGGGCAUGAACCUGGCAUA,0,negative,train,GSE279647,URS0000245997_9606,24
P069815,UUCGUAAGUGAUCACGGGCUG,1,positive,train,GSE308686,URS00005B5A80_9606,19
P065665,AGGAAUAUGUUCAUAACAUGC,1,positive,train,GSE308686,URS00005A2612_9606,49
P071244,UUCCAAGCACAUAUCUGAGUU,1,positive,train,GSE308686,URS000075AF9C_9606,34
P061201,NNNNNNNAGCAGCCCUCGGCG,1,positive,train,GSE136967,URS000075B0DE_9606,4
P063532,AUCCGAGGACAAUAUAUUAAA,1,positive,train,GSE308686,URS00006A3E7F_9606,85
P071956,GUAAGAAUGGUUGGUGUCAGC,1,positive,train,GSE308686,URS00006BA413_9606,170
N013678,ACGGCCAUACCACCCCGAACG,0,negative,train,GSE279647,URS00006464AF_9606,15
P059800,CUGAGAGUAAUGAUGAAUGCC,1,positive,train,GSE136967,URS0000830239_9606,45
N020841,GGCAGUGGGAUUUUGAUCCAU,0,negative,train,GSE279647,URS0000704142_9606,44
P072869,CCUUAGGCGUGGUUGUGGCCG,1,positive,train,GSE308686,URS0000010A7C_9606,31
N024370,GAUCCCGGGUUUCACCAGGUU,0,negative,train,GSE279647,URS0000C8E9D4_9606,67
N037117,UUAAGACCAUGCAUGUGUCCC,0,negative,train,GSE308686,URS000042BEC6_9606,72
P061223,GCCAUUUCAUAACUUUGGAAA,1,positive,train,GSE136967,URS0000599BEA_9606,95
P058851,CCUAAAUGUUGUAAUCUGGUA,1,positive,train,GSE136967,URS00005D459D_9606,91
P060408,NNNNUGGAUAUGAUGACUGAU,1,positive,train,GSE136967,URS000053D4AB_9606,7
P080649,AGUGGUCUAAGGCGCCAGACU,1,positive,train,GSE279647,URS0000747665_9606,24
N035816,AAAUUAUGACAAUCAUAUUUA,0,negative,train,GSE308686,URS00001EC0B3_9606,51
P058499,NNNNNNCCUCCUUUUCUUGGC,1,positive,train,GSE136967,URS00000CC074_9606,5
P065050,UCCCACUGCUUCACUUGACUA,1,positive,train,GSE308686,URS00005CF03F_9606,85
N017597,CCUGAUCCCAAUUGAUCUUGG,0,negative,train,GSE279647,URS00006B0A14_9606,38
P075062,NNNNNNGGGGGUAUAGCUCAG,1,positive,train,GSE308686,URS000071E903_9606,5
P059430,AUGACAGUUUAUUUGCUACUC,1,positive,train,GSE136967,URS0000361A8E_9606,21
P062257,GGAAUCGCUGUACGGCCUUGA,1,positive,train,GSE136967,URS0000714052_9606,25
N004097,NNNCUUCCUCAGCCUUACUCC,0,negative,train,GSE136967,URS00006276F4_9606,8
P060653,UAUAGUUCACUGAUGAGAGCA,1,positive,train,GSE136967,URS000075AA41_9606,49
N018087,NNUGUGGGUCCAAGUGCAGUG,0,negative,train,GSE279647,URS00006BF597_9606,9
P073984,AUCUUCUCUCUGAGCUGNNNN,1,positive,train,GSE308686,URS00005D7632_9606,91
N029563,GAAAUGAUGAGGGUCAACAUU,0,negative,train,GSE308686,URS00008E3A6E_9606,16
P062497,AUACAGAGAAGAUUAGCAUGG,1,positive,train,GSE136967,URS000035C796_9606,49
P069826,GAGGAAAUGCGGGAAAGGUUG,1,positive,train,GSE308686,URS00005B5A80_9606,70
P069229,UAAAGUUGUUUCUUAACUAUA,1,positive,train,GSE308686,URS00004B4AC7_9606,74
N019685,UCUCGUGUGAUCUCAGAAGCU,0,negative,train,GSE279647,URS00006E06F0_9606,42
P063264,CGGAAAGUGCUUCCCCGUGUU,1,positive,train,GSE136967,URS00007168E7_9606,78
P070996,CACUUCUGUGCCACUUCUGUG,1,positive,train,GSE308686,URS000075A82F_9606,72
P078527,NNNNNNNNNNGGAGAGGCCUG,1,positive,train,GSE279647,URS0000733374_9606,1
P074743,AUGCAACUUCUGUGUGAUACU,1,positive,train,GSE308686,URS0000269B1D_9606,67
P062219,CUUCUUUCCCCAUCAGAUCGA,1,positive,train,GSE136967,URS00006B5455_9606,33
N028334,GCUUUAUUUUGGUGCAAUUUU,0,negative,train,GSE308686,URS000075ADBA_9606,111
P069272,ACUAUACCUGUCUGCUAUUCU,1,positive,train,GSE308686,URS00004B4AC7_9606,89
N025042,NNNNNNNNNNUAACUUAGCAU,0,negative,train,GSE279647,URS0002205828_9606,1
N019571,UCUGCUCCUUCUCCCUUCUCA,0,negative,train,GSE279647,URS00006DD3A0_9606,79
P059012,AUGAUGUACAGUCCCUUUCCA,1,positive,train,GSE136967,URS00006422E6_9606,87
N013377,AAUGCAGCUAGCUGGGAGAAU,0,negative,train,GSE279647,URS000063E55A_9606,52
P076435,UAUGGCUUAGUUGGUUAAAGC,1,positive,train,GSE308686,URS000071D869_9606,16
P068518,UGCUUGAGUCAUUGGCAUGUA,1,positive,train,GSE308686,URS000075B5A7_9606,139
N015192,GGAGGCCGAGGUGGGUGGAUC,0,negative,train,GSE279647,URS0000668495_9606,131
P075768,GCCUGGAUAGCUCAGUUGGUA,1,positive,train,GSE308686,URS00006CC2CC_9606,11
N021258,ACACAUGGGAUCUUGACUGAU,0,negative,train,GSE279647,URS0000713663_9606,33
N019895,GUUACUGAUUUCUUUGUUCCU,0,negative,train,GSE279647,URS00006E82D7_9606,56
N010727,AGCAAAACAGAAAGUGGGUAU,0,negative,train,GSE279647,URS0000488BFE_9606,103
N003176,AUUGCAGGAAAGUCCAAAGGG,0,negative,train,GSE136967,URS00006C8B95_9606,79
N001531,GCUAUCCACACAAACAUCAUG,0,negative,train,GSE136967,URS000064AE5E_9606,81
P073779,AAAAGUAUGUGGUGACUUUCU,1,positive,train,GSE308686,URS0000ABD834_9606,49
P059233,GUUCCAGUAGUCAAAGAAACA,1,positive,train,GSE136967,URS0000636A2E_9606,86
P068178,UGACCUGGGUAGAGUGGCAUC,1,positive,train,GSE308686,URS0000438819_9606,17
N026363,AUUUCUUCUGAUCUCAGAAGC,0,negative,train,GSE279647,URS000325852A_9606,41
N023242,AUUACAGGCAUGAGCCACUGC,0,negative,train,GSE279647,URS000075CDCE_9606,40
N015176,NNNNNAAGACUCCUUUCAGGA,0,negative,train,GSE279647,URS00006680E3_9606,6
N014227,AUACUCAUUGCUGAUCACUUN,0,negative,train,GSE279647,URS0000651282_9606,60
N016391,UUGCUCUGUUUCCCAGGCUGG,0,negative,train,GSE279647,URS0000689EB1_9606,89
N023648,AUACUCUCAAGGAUCAUUUCU,0,negative,train,GSE279647,URS0000822206_9606,17
P061149,GCUCAUGAUGAGCAAACUGAG,1,positive,train,GSE136967,URS0000759F56_9606,61
N023212,NGUGAGGGACUGGGAUUUGUG,0,negative,train,GSE279647,URS000075C53F_9606,10
P069343,NNGUGCAAACUCGAUCACUAG,1,positive,train,GSE308686,URS0000656AFD_9606,9
P078027,GCCACAGCUUAAAACUCAAAG,1,positive,train,GSE279647,URS000044DFF6_9606,512
P074824,GGGAGCUGAAUGUAUGUGUUU,1,positive,train,GSE308686,URS00005ACA64_9606,57
P074344,AUAUUAAGUCUUUCGCUCCUA,1,positive,train,GSE308686,URS000050BD61_9606,54
P061045,UUUGUGAUGAGCUGUGUUUAC,1,positive,train,GSE136967,URS00006A82CA_9606,14
P080915,AGCGGAGGACUGUAGCCUGUA,1,positive,train,GSE279647,URS0000333F2E_9606,33
N014012,UGACUAGCCUUAANNNNNNNN,0,negative,train,GSE279647,URS000064C691_9606,100
P078727,NNNNNNNUACUGUUAGUGAUG,1,positive,train,GSE279647,URS000067D064_9606,4
P063986,NNNNNNNNNGUAGCACUAAAG,1,positive,train,GSE308686,URS0000507C9B_9606,2
N019897,CUUUGUUCCUUCUACAUUCCC,0,negative,train,GSE279647,URS00006E82D7_9606,67
P069588,UCCUUUCCUCAUGGGGACCCA,1,positive,train,GSE308686,URS00000D55EA_9606,36
N023192,CCUGUCUUUCGUAAUCAGCAG,0,negative,train,GSE279647,URS000075C381_9606,60
P070741,AAACACAUUUCACCGGCUCUG,1,positive,train,GSE308686,URS0000446770_9606,56
P078371,CUAAAAACGUCCUUAUGCCUU,1,positive,train,GSE279647,URS0002A398C5_9606,605
N044621,UUAGCGCAGCGGGCAGCGCGU,0,negative,train,GSE308686,URS0000703910_9606,17
P060345,AUCUCAGGGUCGUGGGUUCGA,1,positive,train,GSE136967,URS00001AD596_9606,48
P076310,CGAAUCCCACCUUCGUCGNNN,1,positive,train,GSE308686,URS0000664EAD_9606,75
P080161,UGAUGAAGGCUACAAAGUAAG,1,positive,train,GSE279647,URS000044DFF6_9606,644
P059948,UUGAUGACCGGGACGAAUUGA,1,positive,train,GSE136967,URS0000608804_9606,85
N042138,GGGGCUGCGCGAGGCACAGGC,0,negative,train,GSE308686,URS000075B0DE_9606,55
P066898,GAAAGGGGAGAGUGAAAACAU,1,positive,train,GSE308686,URS00004EA987_9606,66
P074350,ACUGAUUACUUGAUGACAAUA,1,positive,train,GSE308686,URS000069573D_9606,50
N017631,CACCCUGACUGUGCCUGAUCU,0,negative,train,GSE279647,URS00006B2D8E_9606,25
N024133,AUGCCAGCAUANNNNNNNNNN,0,negative,train,GSE279647,URS0000AAB145_9606,141
N019225,UGGUCUGAGUGCAGUGGUGUU,0,negative,train,GSE279647,URS00006D49C2_9606,14
N083124,CCCAACCCUGUAAGGCAGAAC,0,negative,train,GSE136967,URS00023473A4_9606,1419
P074010,GUCACUACCACUGAGACAACG,1,positive,train,GSE308686,URS0000679D94_9606,73
P059015,UGAAGAUGAAGCUGGGCCUCG,1,positive,train,GSE136967,URS00006422E6_9606,114
P070234,NNNNNGACCUCCUGGGAUCGC,1,positive,train,GSE308686,URS00003852FE_9606,6
P066181,GAUCAUGGUGUCCAAAAAUAG,1,positive,train,GSE308686,URS00004ACFCF_9606,39
N002995,UGGCAACACCAGUCGAUGGGC,0,negative,train,GSE136967,URS00000AF93C_9606,53
P057996,ACCCCAUAUACACCUCAGCUC,1,positive,train,GSE136967,URS00004F2BDE_9606,81
P075848,GAUCCAAUGGACAUAUGUCCG,1,positive,train,GSE308686,URS000064E10F_9606,47
P073660,NNNNNNNGCUAUGAUGAAUUU,1,positive,train,GSE308686,URS0000313FF1_9606,4
P075004,CCGCGAAGAGUUGGGCUCUGU,1,positive,train,GSE308686,URS00004A7003_9606,306
P069017,UUGCUGAAAGCCGUUUCCCGU,1,positive,train,GSE308686,URS0000468B49_9606,76
P076072,NNNNNNNNNNGUUUAUGUAGC,1,positive,train,GSE308686,URS00003E8921_9606,1
N026286,NNNNNACAGCUUCUGGGCCUU,0,negative,train,GSE279647,URS00031F9507_9606,6
P065866,UACUGCUCUACUUGUCACCAU,1,positive,train,GSE308686,URS0000608804_9606,41
P072774,GAUGAUGAACUUAUUGACGGG,1,positive,train,GSE308686,URS000022EFB6_9606,15
N018928,AACGCCCCCGAUCUCGUCUGA,0,negative,train,GSE279647,URS00006CDFA7_9606,32
N005177,UGAUGGUGUUACACUGCUGGG,0,negative,train,GSE279647,URS000000D517_9606,52
N046675,UGCCUGCGCCACUGUUCUGGU,0,negative,train,GSE308686,URS000000D517_9606,98
N024354,NGCCAAAAUUGCUCAGUUGGG,0,negative,train,GSE279647,URS0000C8E9D4_9606,10
N007511,UCACGGGUUCGAACCCCGUCC,0,negative,train,GSE279647,URS00001D9AFB_9606,56
N019617,CACAACCUCUGCCUCCCAGGU,0,negative,train,GSE279647,URS00006DFA61_9606,168
N008038,CGCAUUGGACUUCUAGAUAGU,0,negative,train,GSE279647,URS0000225EE1_9606,33
N004654,GCCUCCGGCCCCCCCGGCCCN,0,negative,train,GSE136967,URS000075BA3A_9606,87
P064892,CUCCAGCCUGGGCAACAUAGU,1,positive,train,GSE308686,URS0000A8D543_9606,275
N026610,UGAUCUUGGAAGCUAAUCCGG,0,negative,train,GSE279647,URS000339A917_9606,50
N004691,NGGUGCAAAUGAUGCAUAUGU,0,negative,train,GSE136967,URS0000692106_9606,10
N028835,CUGUGUCUGAGCACCCNNNNN,0,negative,train,GSE308686,URS000075E488_9606,84
P061495,UGAGUCUUAAGCUAAUUUUUU,1,positive,train,GSE136967,URS00006E1BD2_9606,84
P059676,UGCAUAAUUUGUGGUAGUGGG,1,positive,train,GSE136967,URS000032B6B6_9606,130
P071338,CAACUGUGAUGAAAGAUUUGG,1,positive,train,GSE308686,URS000075CB76_9606,22
N083161,CACUGCCCUAUUUUGUCCCUG,0,negative,train,GSE136967,URS0000A8E179_9606,18
N002140,ACAGUGCAACCAUAGACAGUC,0,negative,train,GSE136967,URS00006B01A6_9606,48
P058300,CGAAAGUGAUCGUGGGCUGCC,1,positive,train,GSE136967,URS0000A8E179_9606,43
N016733,GUUCCCUCUCCAUUCCCACUG,0,negative,train,GSE279647,URS00006921F1_9606,70
N026123,AUCAAUUCUCGGCCUUUUGGC,0,negative,train,GSE279647,URS000316CE51_9606,11
P076925,AGCAGGGAGAUGGAAUAGGAG,1,positive,train,GSE279647,URS00021ED9AF_9606,375
N025718,UGUGGUCAUUCAAAGGUUGUG,0,negative,train,GSE279647,URS00029EB36A_9606,59
N014138,NNNGCCAUGAUCGUAUAGUGG,0,negative,train,GSE279647,URS000064FAB6_9606,8
N004761,GAUUCCCCGACGGGGAGNNNN,0,negative,train,GSE136967,URS00006174C2_9606,66
N016295,NNNNNNNNAGGUGUUACAGCU,0,negative,train,GSE279647,URS0000687915_9606,3
P070613,CCAGAGCAAGGUUAUAGAAAU,1,positive,train,GSE308686,URS000033FC0E_9606,112
P065862,UGAUCUCAAGUUUUCAAUCUG,1,positive,train,GSE308686,URS000075D68F_9606,262
P061075,AGUGGGAUUUUGAUCCAUCAU,1,positive,train,GSE136967,URS0000704142_9606,47
N018133,GCACCCGCUUGCCUCUGAUCU,0,negative,train,GSE279647,URS00006BFD06_9606,34
N013084,GUGGCAAUCCUUAGGUCGCUG,0,negative,train,GSE279647,URS0000636E2A_9606,58
N025433,AUAACUUUGGAAAUGUAAUGG,0,negative,train,GSE279647,URS0002327C43_9606,103
P065392,CCUAUUUUUCUGCUCCCCUGU,1,positive,train,GSE308686,URS00001B2620_9606,20
P059118,UGUUCAUACGCUUGUGUGAGA,1,positive,train,GSE136967,URS000064F355_9606,44
N005723,UGGACGAGCGCGCUGGACUUC,0,negative,train,GSE279647,URS000007E37F_9606,26
P072720,NNNNNGCUAAUGAUGGAAAAA,1,positive,train,GSE308686,URS00022AE7D9_9606,6
P067628,CUCCCAGCCUACAAAANNNNN,1,positive,train,GSE308686,URS000061AA47_9606,127
P060733,GGUCCCGGGUUCAAAUCCCGG,1,positive,train,GSE136967,URS00005DB87D_9606,54
P081301,AGCGGCGUGGCGCGGGGGCGU,1,positive,train,GSE279647,URS0000D5B596_9606,177
N050264,GAGAAUAUUAGGAUAAUGGAG,0,negative,train,GSE308686,URS00006868E5_9606,94
P070702,CUGAGCCUCUGGCUUCCCUGC,1,positive,train,GSE308686,URS0000706530_9606,39
P081024,NNNNNNNNNNAGGCAGGAUCU,1,positive,train,GSE279647,URS000064930D_9606,1
P076466,NNNNNNNGGCUCCAUAGCUCA,1,positive,train,GSE308686,URS0000023412_9606,4
N012146,AGCUUUGUACAGUGGCAGUAU,0,negative,train,GSE279647,URS00005FCB94_9606,11
N017047,CCCAGCGAGGCCUNNNNNNNN,0,negative,train,GSE279647,URS00006A047B_9606,72
P061844,GUAGCGGUUAUCACAUUCGCC,1,positive,train,GSE136967,URS00002B4CE5_9606,22
N000053,NNNNACUGGUCCAGGAUGAAA,0,negative,train,GSE136967,URS00006E3D71_9606,7
P058278,UCCUAUCCCUUCCAAACUCUG,1,positive,train,GSE136967,URS0000A8E179_9606,134
N010490,UAUUUUACCUUCUGUCUUUAC,0,negative,train,GSE279647,URS00004640CB_9606,95
P057844,NNNNAAGCAGGAUUCAGACUA,1,positive,train,GSE136967,URS00006623A0_9606,7
N023024,UGGGGGCCUCGCCCUGCUUGG,0,negative,train,GSE279647,URS000075AFFE_9606,35
P072246,UAUCUGAGAGAUGGUGAUGAC,1,positive,train,GSE308686,URS000052FCE0_9606,37
N006076,UACACCUAUCCCCCAUUCUCC,0,negative,train,GSE279647,URS00000B09B7_9606,35
N007953,UGGCUAGCUCAGUCGGCAAAG,0,negative,train,GSE279647,URS0000216DC2_9606,12
N053657,UUGGAAGACACUCUGCGACAG,0,negative,train,GSE308686,URS00003852FE_9606,127
N020707,CAUACCACCCUGAACGCGUCC,0,negative,train,GSE279647,URS00006FF7E2_9606,20
N024902,NNNNNUUAAGAGAACCAACAC,0,negative,train,GSE279647,URS00019B9090_9606,6
P063135,AAGGUCCCCGGUUCGAAACCG,1,positive,train,GSE136967,URS00002064F6_9606,53
P076578,CGCGAAAGGUCCCCGGUUUGA,1,positive,train,GSE308686,URS0000732DD4_9606,48
N021379,CGGGAUGGCUGAGUGGUUAAG,0,negative,train,GSE279647,URS0000716955_9606,13
P060930,GAGGAACACCUCAGACUUUUU,1,positive,train,GSE136967,URS000071EA53_9606,72
N023434,UAUACAUACACACACACACAC,0,negative,train,GSE279647,URS000079BE2A_9606,53
N041509,AACUGCUAACUCAUACCCCCA,0,negative,train,GSE308686,URS00002421CC_9606,26
N041857,CUUAGCUGGUCAAAGCGCCUG,0,negative,train,GSE308686,URS00006B0F93_9606,21
P074663,CCAUGCUAAUACGGAGACACC,1,positive,train,GSE308686,URS000071BC75_9606,27
P074025,NNNNNNUUCGUUGUUGUCAAU,1,positive,train,GSE308686,URS0000679D94_9606,5
P060578,AUACCGCCCCAGUCUGAUCAA,1,positive,train,GSE136967,URS0000130A5F_9606,28
N022938,AGGGAAAAUGAGGGACUUUUG,0,negative,train,GSE279647,URS000075A669_9606,16
N012662,UUGUUCCUUCCUUUGGAGGGC,0,negative,train,GSE279647,URS000062D0A0_9606,34
N003014,GUGUAAUAACACUUUAGCUCU,0,negative,train,GSE136967,URS00000A3335_9606,55
N031699,UCACGGUGGCCGAGUGGUUAA,0,negative,train,GSE308686,URS0000278E1B_9606,12
P071944,GUUCCUGUUCUAGGAACUUGA,1,positive,train,GSE308686,URS00006BA413_9606,75
P061824,UUCCCAGCUUGCUCCGUAGCU,1,positive,train,GSE136967,URS00003852FE_9606,101
N022538,AGAUUGUAUAGACAUUUGCGG,0,negative,train,GSE279647,URS000073FCEB_9606,46
P057711,ACUGCCGUCAGCCAUUGAUGA,1,positive,train,GSE136967,URS0000650B1E_9606,153
P063814,ACUUGUAGCAUUAUGGUGACN,1,positive,train,GSE308686,URS000032AA22_9606,75
P066197,CUCUCAGCUCCGCUUAACCAC,1,positive,train,GSE308686,URS0000034D55_9606,14
N024493,ACUUUACAGCUAGCAGUGCAA,0,negative,train,GSE279647,URS0000D51C52_9606,35
P076397,AAUCCCAGCGGGGCCUNNNNN,1,positive,train,GSE308686,URS000047B05D_9606,69
N014312,CUCUGUCUAAUCUCCGAAACU,0,negative,train,GSE279647,URS0000653686_9606,44
P061199,CUUGGGUCUGCGGUGACCCUA,1,positive,train,GSE136967,URS000033FC0E_9606,29
P059523,UCCUACAGCUUCCCAGAGUCC,1,positive,train,GSE136967,URS00004A4D73_9606,154
N049617,AUGGCUAUAACAAAUNNNNNN,0,negative,train,GSE308686,URS00005A3020_9606,129
N046193,AGAACUCAUUGUUCAGUAUGA,0,negative,train,GSE308686,URS00002587B6_9606,89
N025716,GCGCAUUGGACUUCUAGCUGA,0,negative,train,GSE279647,URS00029EB36A_9606,32
P062252,UUCUCCGGAAUCGCUGUACGG,1,positive,train,GSE136967,URS0000714052_9606,19
P073764,CUGAAGAAAAGUAUGUGGUGA,1,positive,train,GSE308686,URS0000ABD834_9606,43
N016046,CCUGAACGCACCAGAUCUCAU,0,negative,train,GSE279647,URS000067F521_9606,28
P058028,UGGUAGUGGGUUAUCAGAACU,1,positive,train,GSE136967,URS0000007D24_9606,22
P060614,CUCACUGAUGAGUACGUUCUG,1,positive,train,GSE136967,URS000075A693_9606,16
N010574,NNNNNNNNGGAGAUAUUGCAC,0,negative,train,GSE279647,URS0000472EB8_9606,3
P080051,UCCGUGGAGAGAAAGUUGUGA,1,positive,train,GSE279647,URS00006F88C8_9606,64
P059211,AAGGCGUCUGACUUCGGAUCA,1,positive,train,GSE136967,URS000066103F_9606,31
N008242,UCCAAAUAAAAGUNNNNNNNN,0,negative,train,GSE279647,URS0000245BF4_9606,69
P065703,AGAAACAGGACUGGUUUGGGG,1,positive,train,GSE308686,URS00003B6A48_9606,68
P068032,UCCACAGCUACUGGUCUGCAG,1,positive,train,GSE308686,URS0000488BFE_9606,12
P058999,UGAUGAGUUGCCAUGCUAAUA,1,positive,train,GSE136967,URS00000E9A93_9606,17
N013484,ACUAAAAUAGGAACAAUACAG,0,negative,train,GSE279647,URS0000640E15_9606,34
N014754,GUGUAUGCAAGAGUAAUGUGG,0,negative,train,GSE279647,URS000065E84A_9606,64
N017121,UAUUCACUGCACUCUGGAUGU,0,negative,train,GSE279647,URS00006A49F3_9606,66
P058531,CUGAGGACACGGUGCCCCCCG,1,positive,train,GSE136967,URS00006DA236_9606,49
N026609,CGACCUCAUCUGAUCUUGGAA,0,negative,train,GSE279647,URS000339A917_9606,40
N000216,UUUGCAAAAGUAACUGUGGUG,0,negative,train,GSE136967,URS0000656AFD_9606,65
N003887,CCAGUGGCCUAAUGGAUAAGG,0,negative,train,GSE136967,URS00002D7BB5_9606,14
P070061,GGCUGCUUAGUUCUAGUCUGG,1,positive,train,GSE308686,URS000000D517_9606,182
N003528,CCAGUGGGGCCAAUGCCCAGG,0,negative,train,GSE136967,URS00006D051B_9606,89
N026297,CUUGGUAUGGGAGAANNNNNN,0,negative,train,GSE279647,URS000320CB9E_9606,88
N026885,CAGAGGCUGUUUCUGAGCNNN,0,negative,train,GSE308686,URS0000571896_9606,56
P082056,NNNNNCCAACGUGGAUACCCU,1,positive,train,GSE279647,URS0000644C65_9606,6
P062290,UGCGGAUGUCCCUGUGGGAAU,1,positive,train,GSE136967,URS000026935A_9606,41
N024697,NNNNNAUAAAAGAGUUACUUU,0,negative,train,GSE279647,URS0000DD9917_9606,6
P079924,ACUUGAGAUGUAUGAAGGCUU,1,positive,train,GSE279647,URS0000ABD8D1_9606,50
P061632,GGCUGCUUCUCCUCAGCAGCU,1,positive,train,GSE136967,URS000075DEE5_9606,51
N012787,NNNNGUCUACAGCCAUACCAC,0,negative,train,GSE279647,URS0000631CEE_9606,7
P062837,CCGCCUCACGUAUCCAGAGUG,1,positive,train,GSE136967,URS00006FB8B0_9606,91
P063252,CUCCUGUCCCUUUCAAACUCU,1,positive,train,GSE136967,URS00007168E7_9606,110
N052165,AGCUCAGCGGUUACUUCGAGU,0,negative,train,GSE308686,URS0000000A8C_9606,21
P062005,NNNNNNNUGAGCACUUUCACA,1,positive,train,GSE136967,URS000037D7AE_9606,4
P064175,GGGGGUGGGGGCCUCGCCCUG,1,positive,train,GSE308686,URS000075AFFE_9606,30
N012583,UCUACUCUUUCUUCUCUUCUC,0,negative,train,GSE279647,URS000062BAA7_9606,79
N012705,CCACUUAAGGUCCGUGUUUCU,0,negative,train,GSE279647,URS000062F4C6_9606,27
N003596,AAUCUGGACUGAGGGAAAUAA,0,negative,train,GSE136967,URS000072C309_9606,45
P076488,GGUUAUCACGUUCGCCUAACA,1,positive,train,GSE308686,URS000061D582_9606,27
P082200,GUGAUUAUUGUUAAUUGAAAA,1,positive,train,GSE279647,URS000071B850_9606,58
P067823,GAGGCUAGAGUCACGCUUGGG,1,positive,train,GSE308686,URS00002BF97D_9606,14
P059837,ACAGGACUAUUGUUAGAUCUG,1,positive,train,GSE136967,URS0000202A89_9606,99
N005233,UGGACUGUAAAUCUAAAGACA,0,negative,train,GSE279647,URS0000013E6C_9606,37
P058703,UCCCACCCGGGGUANNNNNNN,1,positive,train,GSE136967,URS000005A7A9_9606,70
N021539,UCGGAAGCUAAGCAAGGUCGG,0,negative,train,GSE279647,URS000071AD91_9606,55
P066932,UAGAGCAUUGCCUGCUCUUCU,1,positive,train,GSE308686,URS000028CE2F_9606,66
N003874,GGAUCGAUGCCCGCAUCCUCC,0,negative,train,GSE136967,URS00003D2CC9_9606,62
N014618,UCUGGCUUUUUACCGGAAAGC,0,negative,train,GSE279647,URS0000659914_9606,49
N003213,GACUAGAAAUCCAUUGGGGUC,0,negative,train,GSE136967,URS000038D8D3_9606,40
N005031,AUAGUUUAAAUUAGAAUCUUA,0,negative,train,GSE279647,URS0000003B66_9606,16
N049900,UAUUUUGAUGGUGGCUUUAGA,0,negative,train,GSE308686,URS00004C6FD8_9606,105
P058585,UCUUUCGCCUUUUACUAAAGA,1,positive,train,GSE136967,URS0000673862_9606,41
P059463,CUCUCCCCGGGCUCUGUCCAA,1,positive,train,GSE136967,URS00004A4D73_9606,37
N003080,CUGAUACAUCGGCNNNNNNNN,0,negative,train,GSE136967,URS000071403B_9606,87
P059349,AGAUGCAAGAAGAACAUGUCC,1,positive,train,GSE136967,URS0000721537_9606,68
N008609,UUGCUUCAGCAACACAUAUAC,0,negative,train,GSE279647,URS000029C48F_9606,15
P062663,UGUGGUCUGUUGGCUGUUCUG,1,positive,train,GSE136967,URS0000552BBC_9606,84
P064048,CUCUGGCUGCUUGGGUUCCUG,1,positive,train,GSE308686,URS0000283D0A_9606,19
N021780,ACCUGGGGAUAAGUUUGGCUG,0,negative,train,GSE279647,URS000072157F_9606,118
N049836,UCCAGUGGGCUCACGUCAUGG,0,negative,train,GSE308686,URS00003E7565_9606,108
P076613,GUAGGGUUCUCGCCUCACACG,1,positive,train,GSE308686,URS0000676AD7_9606,28
P073717,NUCUCAGUGAUGUAAUUCCAA,1,positive,train,GSE308686,URS00004D7B5D_9606,10
P082820,UCUGUCUUUUAUCACUUCUUU,1,positive,train,GSE279647,URS00008E3A5F_9606,120
N001754,UUUUAGAAUGCAGUUUCUCAU,0,negative,train,GSE136967,URS00004AEC70_9606,27
N016615,NGCCCCAGUGGCCUGAUGGAU,0,negative,train,GSE279647,URS0000690130_9606,10
N008274,AUCCUGUCGGCUACGNNNNNN,0,negative,train,GSE279647,URS000024B38F_9606,78
N031721,CUGUGGCUUAGCUGGUCAAAG,0,negative,train,GSE308686,URS00006B0F93_9606,15
P075089,CGCGCUUCGCAUGUGUGAGGU,1,positive,train,GSE308686,URS00006F4537_9606,36
P060620,GAUGACACAGGACCUUGUCUG,1,positive,train,GSE136967,URS000061A08C_9606,18
P070109,UGCCAACUCUUGUGUUGACUA,1,positive,train,GSE308686,URS0000ABD80F_9606,113
P061614,CCGAGUUCAAAUCUCGGUGGA,1,positive,train,GSE136967,URS00006DA515_9606,58
P059460,CCGGGAGGUCACUCUCCCCGG,1,positive,train,GSE136967,URS00004A4D73_9606,26
P062008,GUCGUGGGUUCGAGCCGCACG,1,positive,train,GSE136967,URS00006C0A49_9606,56
P068970,AACACCAGUAGAGCUUGCCUC,1,positive,train,GSE308686,URS00004C6257_9606,103
P065438,AGGAGGGCCGUCCUAAGAAUA,1,positive,train,GSE308686,URS00001B2620_9606,95
P063470,CUAUAGGAAGCCAUAGCACUC,1,positive,train,GSE136967,URS00003818BD_9606,85
N002488,NNNNNNNNNNUAGCUUAUCAG,0,negative,train,GSE136967,URS000230F82E_9606,1
P081686,CGAAAGUGGCUUUAACAUAUC,1,positive,train,GSE279647,URS000044DFF6_9606,386
N005220,GCAUCAACUGAACGCAAAUCA,0,negative,train,GSE279647,URS00000133BF_9606,34
N083157,GCCGGUGGCGUAGGGGCGAGC,0,negative,train,GSE136967,URS0000EB4911_9606,493
N015147,CAGUUCCUGAGUUCAUUACUA,0,negative,train,GSE279647,URS0000665D44_9606,31
N023632,UUUCAACGUUCACAGUUUCCA,0,negative,train,GSE279647,URS0000817DE1_9606,28
P060282,GAGGAUAGAUGAGAAAGCACA,1,positive,train,GSE136967,URS00006276F4_9606,69
N019400,NNNNNAUUGUUUCUCAGUCUU,0,negative,train,GSE279647,URS00006D92D5_9606,6
P071522,NNNNNNNNNAUGUCCAAUGAU,1,positive,train,GSE308686,URS0000A76B4D_9606,2
P082181,CCGGUAAGAAUGGUUGGUGUC,1,positive,train,GSE279647,URS00006BA413_9606,167
P064734,GGUCAAGGGUAUACGAGUAGC,1,positive,train,GSE308686,URS0000734D8F_9606,192
P063852,AGUGCAGAUAGUGAAGUAGAU,1,positive,train,GSE308686,URS00003B0CDB_9606,28
P071466,AGAUUGUUAAGUCCCUCUCAG,1,positive,train,GSE308686,URS00008E3A5F_9606,175
P059327,GUCAGUGCCAUGUUCUGUGGU,1,positive,train,GSE136967,URS000043549A_9606,66
N010625,UUGCAACUUACUGAGGGCUUU,0,negative,train,GSE279647,URS000047C095_9606,24
N023895,GCUGUUCACAUCAUGAUUUGU,0,negative,train,GSE279647,URS0000A76B4D_9606,38
N008847,GAUCGCGGGUUCGAACCCCGU,0,negative,train,GSE279647,URS00002D4542_9606,54
P061393,GCUCUGAUGAAAUCACUAAUA,1,positive,train,GSE136967,URS00003B08B2_9606,12
N019346,AAUUGGAAAAAUACAGAGAUU,0,negative,train,GSE279647,URS00006D8531_9606,39
P068645,GUUCUUCUGUCCAGCGUCAGU,1,positive,train,GSE308686,URS00004C6FD8_9606,85
P060884,UGCUCUAGUUUCUCUUCAGAU,1,positive,train,GSE136967,URS000071EA53_9606,12
N004113,CUGCGCCCCUCCUCCCGCUUA,0,negative,train,GSE136967,URS000023DE4C_9606,162
N017641,AAAAUUGGAAUAACACAGAGA,0,negative,train,GSE279647,URS00006B30CB_9606,33
N020574,GGGUUCGAACCCCACUUCUGG,0,negative,train,GSE279647,URS00006F940C_9606,71
P060800,GUCCAUGAUGAUUUCAAGUUA,1,positive,train,GSE136967,URS0000634240_9606,15
P058383,UAGCAGUAUAACUAUAAAUAG,1,positive,train,GSE136967,URS000033A30E_9606,90
P060811,NNNNNNNGGGACCCCGUGAUG,1,positive,train,GSE136967,URS000065F8CD_9606,4
P069040,CAUCAAUAACGCAGGGAGAGG,1,positive,train,GSE308686,URS0000468B49_9606,53
N000032,GGAUACCCUGGGAGGUCACUC,0,negative,train,GSE136967,URS00006422E6_9606,18
P074499,CAGGGCUCCCUGACCUAUACA,1,positive,train,GSE308686,URS00003D103A_9606,30
N025295,NNNNNNNNNNAAGAGGUAGUA,0,negative,train,GSE279647,URS0002311581_9606,1
N018438,GGGCUCAGUCUACACCACCUC,0,negative,train,GSE279647,URS00006C4777_9606,32
P070755,UUGCCCUCACUGAGAACAAAG,1,positive,train,GSE308686,URS000075CFA2_9606,33
N003330,CUGAAGCUUUCACACANNNNN,0,negative,train,GSE136967,URS00006EC784_9606,129
N023034,CCUGCUUGGGCCCUCCCUGAC,0,negative,train,GSE279647,URS000075AFFE_9606,47
N023376,NNNNNNCUUAGCAUUAACCUU,0,negative,train,GSE279647,URS0000768772_9606,5
N007514,CGGGUUCGAACCCCGUCCGUG,0,negative,train,GSE279647,URS00001D9AFB_9606,59
P081991,UCAUGGGCCCUGUUCCUGUGU,1,positive,train,GSE279647,URS00001FC3CF_9606,89
P060922,GUCCCAUGGAGAGGAACACCU,1,positive,train,GSE136967,URS000071EA53_9606,62
N023180,GCCAGUGUAGAUCCUGUCUUU,0,negative,train,GSE279647,URS000075C381_9606,48
N010709,UUCUGUAUAUACCCUGUAGAU,0,negative,train,GSE279647,URS000048795E_9606,23
P059275,UGACUUUCUUAGGACACCUUU,1,positive,train,GSE136967,URS000005BADB_9606,20
N013754,CCGUAGGCUGCUGGCACUGAA,0,negative,train,GSE279647,URS0000647500_9606,111
P064025,AUUGCCAGGGAUUUCCAACCG,1,positive,train,GSE308686,URS00001CC864_9606,60
N008309,UGAUAUGUGCAUCUACUGCAG,0,negative,train,GSE279647,URS0000259C2E_9606,35
P081115,NNNNNNNNAAGUCUCCUUGUU,1,positive,train,GSE279647,URS00008E3A3C_9606,3
P059546,ACCUCUUUUUAAUAGGGGUGA,1,positive,train,GSE136967,URS0000569A4A_9606,168
N023260,GUUGCAUUGCACGUGUGUGAG,0,negative,train,GSE279647,URS000075D54F_9606,36
P064430,CCGGUACAGGAGAUAACUGUA,1,positive,train,GSE308686,URS00003DBD40_9606,56
P072601,AAGAAUUUCUUCACCUGAAUA,1,positive,train,GSE308686,URS0000215639_9606,26
P061562,UGAUUUUGCCUUUAUGAGGGU,1,positive,train,GSE136967,URS00002982D8_9606,93
N005619,GGUCUAAGGCGCUGGAUUUAG,0,negative,train,GSE279647,URS000005AEAB_9606,27
N013333,UUGAUAACAACUAGUUUCAGA,0,negative,train,GSE279647,URS000063CFC9_9606,44
P075613,GUUAGCUCAGUUGGUUAGAGC,1,positive,train,GSE308686,URS00006C8412_9606,16
N024964,NNNNNNNNCAAAGCCCUCAGU,0,negative,train,GSE279647,URS0001D2EB9E_9606,3
N083348,UUUCUCAUGGUCGCGGCUUAU,0,negative,train,GSE136967,URS00006CA71A_9606,53
P059073,CUUAGUAUAGUUCGCUACUAU,1,positive,train,GSE136967,URS000063EA00_9606,113
N022147,CAAAAAUUUUGAUUAAAGCCA,0,negative,train,GSE279647,URS0000729F65_9606,44
N009516,GCGUGCUUCGCAUGUACGAGG,0,negative,train,GSE279647,URS000038D768_9606,35
N004849,GGUGUUGUGUGCGGAGCUGUG,0,negative,train,GSE136967,URS000023DE4C_9606,42
N007440,UGUAUGAGGCCUCGGUUCGAU,0,negative,train,GSE279647,URS00001D4EE9_9606,47
N012346,CCAAUUAAUCACAACCAGUUA,0,negative,train,GSE279647,URS0000624D17_9606,40
N019518,ACCACCCUGAACGCGCCUGAU,0,negative,train,GSE279647,URS00006DC6C9_9606,23
P059191,GAGUUUGAUAGUAAUUCUUGC,1,positive,train,GSE136967,URS0000716F59_9606,136
N022326,CCUGUGGGCUGUGAGCACUGA,0,negative,train,GSE279647,URS000072D77E_9606,111
N014401,AUACGUCUUUUGUCUUUUACU,0,negative,train,GSE279647,URS00006555EC_9606,36
N012541,GAGAUUAGCAUGGCCCCGGCA,0,negative,train,GSE279647,URS000062A165_9606,54
P062532,UGCUCGCUUCGGCAGCACAUA,1,positive,train,GSE136967,URS000035C796_9606,12
N013342,UUUGGAUUUAUGAUGGGCUGG,0,negative,train,GSE279647,URS000063D36F_9606,18
N022034,GAUCCUUUUUCCUUUUACUUU,0,negative,train,GSE279647,URS00007288AA_9606,240
N049486,UUCCUGAGGAGAUAUAAAANN,0,negative,train,GSE308686,URS00003818BD_9606,126
N019742,AAGGUCGCGGGCUCGACUCCC,0,negative,train,GSE279647,URS00006E0DAF_9606,54
N015990,GCUGGGCAUAGUGGCGUGCAC,0,negative,train,GSE279647,URS000067D387_9606,268
P058517,GGGAAAGGGCUCUGGCCCCCU,1,positive,train,GSE136967,URS00000CC074_9606,72
P064855,GCGUGCCUGUAGUCCCAGCUA,1,positive,train,GSE308686,URS00003ACFC1_9606,26
N025250,NNNNNNNNNGGUGCAUUGUAG,0,negative,train,GSE279647,URS0002310E16_9606,2
P060122,UUUGGAGGGUCCACCCUAUCC,1,positive,train,GSE136967,URS00006EC784_9606,98
P063815,CAUCUACUGCAGUGAAGGCAC,1,positive,train,GSE308686,URS000032AA22_9606,56
P070596,GGUGACCCUAUGCAUUCCUUC,1,positive,train,GSE308686,URS000033FC0E_9606,40
P069821,UAGUGCAGGCAGAGGAAAUGC,1,positive,train,GSE308686,URS00005B5A80_9606,59
P062845,UAAUGGAUAAGGCAUUGGCCU,1,positive,train,GSE136967,URS00003A4B65_9606,23
P061973,ACGGGGAGAGAGAGAAAAGAU,1,positive,train,GSE136967,URS0000210FD6_9606,63
N012399,NNNNNNNNNNAUUGCUUCUCA,0,negative,train,GSE279647,URS00006274CB_9606,1
P075385,GUUAGGAUUCGGCGCUCUCAC,1,positive,train,GSE308686,URS0000635088_9606,28
P062654,GAUUAUAAAAAGACGCGUUAU,1,positive,train,GSE136967,URS00003B57B1_9606,20
P061678,AUCCCCGUACGGGCCANNNNN,1,positive,train,GSE136967,URS0000610FFE_9606,69
N008972,AAGAGCUUAUCACCUUUCAUG,0,negative,train,GSE279647,URS00002EDD4B_9606,131
P065131,GAACAGACUCACGGCCAGCGA,1,positive,train,GSE308686,URS000013F331_9606,254
P067197,UAAGAGUGAUGUCUUCCUUGU,1,positive,train,GSE308686,URS00002E5E66_9606,66
P070962,UCAAAUAUUCUGAUUAUACCC,1,positive,train,GSE308686,URS00006B57E0_9606,45
P060498,AUGAUGAAUUUAACUGUUCAA,1,positive,train,GSE136967,URS0000694F71_9606,17
N053018,UGGCAACUGUCACUCAAUGGG,0,negative,train,GSE308686,URS000022C1CA_9606,113
P063390,UGUAAUGGCAUGUAUUAGCUG,1,positive,train,GSE136967,URS0000725609_9606,20
P061011,CGUUCUUCUGAGUUUGCUGAA,1,positive,train,GSE136967,URS00004BEE5E_9606,42
P067814,ACAUGUAAGAAUUGGAGGCAA,1,positive,train,GSE308686,URS000075B384_9606,49
P059642,UCUGGUAGCAGUGUCUGUCUG,1,positive,train,GSE136967,URS000064AE5E_9606,41
P075365,GAUUCCCGGUCAGGAAANNNN,1,positive,train,GSE308686,URS0000635088_9606,66
N023084,CCUGUCCUCCAGGAGCUCACG,0,negative,train,GSE279647,URS000075B703_9606,27
P057877,UGCAUUCCUUGGAAAGCUGAA,1,positive,train,GSE136967,URS00004219CE_9606,34
P062183,CUUUGCGCAGUGGCAGUAUCG,1,positive,train,GSE136967,URS00003F07BD_9606,13
N012031,NNNNNNAAUUGGUAUAUAGUU,0,negative,train,GSE279647,URS00005E8011_9606,5
N016943,UCAAGUGUAGUAAAAUAAUGA,0,negative,train,GSE279647,URS000069CDDD_9606,37
P061738,ACGUGAUUAACGUCUCUGCGU,1,positive,train,GSE136967,URS000069D3EA_9606,86
N048557,NNNNNGGCCCUGUGGCUUAGC,0,negative,train,GSE308686,URS00006B0F93_9606,6
P073229,GCUAUUCUGAGCCNNNNNNNN,1,positive,train,GSE308686,URS000004A26B_9606,61
P071365,UACUAAAUGAGGACAACAGUC,1,positive,train,GSE308686,URS000075CB76_9606,64
P058865,UUUCCCAUCGGAUCUGAACAC,1,positive,train,GSE136967,URS00005D459D_9606,25
P060828,UGAGUGACCAAAUCACUUCUG,1,positive,train,GSE136967,URS000071037B_9606,58
N016277,CCGGGCUCGAUUCCCGCCCAA,0,negative,train,GSE279647,URS000068668E_9606,58
N022682,NUCCUUGUUACUAUAGUGGUG,0,negative,train,GSE279647,URS00007501FD_9606,10
P061401,UCACUAAUAGGAAGUGCCGUC,1,positive,train,GSE136967,URS00003B08B2_9606,24
N006258,UACACUGAAAAUGUUUAGACG,0,negative,train,GSE279647,URS00000D3418_9606,41
N016573,CUCGUGAAGCUAAGCAGGUUU,0,negative,train,GSE279647,URS000068E17B_9606,44
P071127,GAUAUAACCUUGACUGAAGCU,1,positive,train,GSE308686,URS000075EC44_9606,34
P064128,NNNNNNNNNAGUGGCUCACAC,1,positive,train,GSE308686,URS000075A325_9606,2
N018096,GCCUGGUUAGUACUUGGAAGG,0,negative,train,GSE279647,URS00006BF71F_9606,76
N015698,GAAUCAAUGAUUUUGAUUAAA,0,negative,train,GSE279647,URS00006762EA_9606,41
N019253,UCUUUGAAAAUUGGAAAAAAA,0,negative,train,GSE279647,URS00006D4E42_9606,69
P078563,AAAACUCCAGUUGACACAAAA,1,positive,train,GSE279647,URS000044DFF6_9606,358
N023612,NNNNUUUCAUAUCAUUGGUCG,0,negative,train,GSE279647,URS0000807EA6_9606,7
P063187,UACAUGAUGACAACUGGCUCC,1,positive,train,GSE136967,URS00006B7869_9606,15
P071283,CAGUUGAGACUCAAGAAAAGG,1,positive,train,GSE308686,URS000062A15C_9606,36
N005790,ACUUGAAAUCCAAUGGGGUCU,0,negative,train,GSE279647,URS0000092302_9606,41
P062600,UAGCUCAGUCGGUAGAGCAUG,1,positive,train,GSE136967,URS00004D9E92_9606,18
P078016,GCCCGAAUCCUCACUGCUAAU,1,positive,train,GSE279647,URS0002A398C5_9606,663
P076439,UCGUAAACCGAAGAUCACGGG,1,positive,train,GSE308686,URS00001D9AFB_9606,42
P073631,ACUGCACGUGCAGUCUGAUUA,1,positive,train,GSE308686,URS000053336F_9606,54
N011593,GUUCGAGUCCCAUCUGGGUCG,0,negative,train,GSE279647,URS000059900F_9606,63
P067148,UGUCUGACACAAUUUGAGCUU,1,positive,train,GSE308686,URS00000F8A5F_9606,41
N010618,AGAAAUUAAGUAUUGCAACUU,0,negative,train,GSE279647,URS000047C095_9606,12
N023682,GGGAGGCCGAAGUGGGCGGAU,0,negative,train,GSE279647,URS00008322C5_9606,147
P076113,NNNNNNNNNAGUAAGGUCAGC,1,positive,train,GSE308686,URS000006E464_9606,2
N008180,NNNUAGGAUGGGGUGUGAUAG,0,negative,train,GSE279647,URS00002337B8_9606,8
N039641,CGUUAGUGCCCAGAUCAGAAA,0,negative,train,GSE308686,URS0000451E99_9606,116
P062017,CAAGUGGGAGUGAGGACAUGU,1,positive,train,GSE136967,URS000065235D_9606,49
N006517,NNNGGGAAUGAUGAUUUCACA,0,negative,train,GSE279647,URS000011C781_9606,8
P060285,CAGUAAGACGCUGUUUUCUUU,1,positive,train,GSE136967,URS00006276F4_9606,100
N056175,CUAGUUUCAGACAGGUNNNNN,0,negative,train,GSE308686,URS00005D459D_9606,125
P074732,NAAGAGCCAAUGAUGUUUUUA,1,positive,train,GSE308686,URS0000269B1D_9606,10
N000663,AGAAGAAGAGAGAAUUCACAG,0,negative,train,GSE136967,URS00004640CB_9606,65
P061855,AAGGUAGAUAGAACAGGUCUU,1,positive,train,GSE136967,URS00005172B7_9606,75
N005008,UCCCCUUAUUUCUANNNNNNN,0,negative,train,GSE279647,URS00000012EC_9606,66
N000293,ACGAGGCCGGGCUUGUCCCCG,0,negative,train,GSE136967,URS000023DE4C_9606,379
P067053,AUUUCAAAGAGGGCUUAUGAG,1,positive,train,GSE308686,URS00003818BD_9606,16
N007875,GUUCGAUCCCCAGCAUCUCCA,0,negative,train,GSE279647,URS0000209048_9606,62
P057966,CCCUGGUUCGAUCCCGGGUUU,1,positive,train,GSE136967,URS000029CCC5_9606,58
N021069,NNNAUCACUUCUCGGCCUGUU,0,negative,train,GSE279647,URS000070F064_9606,8
P064483,GGCAGUGCGUGUCCGCGCACC,1,positive,train,GSE308686,URS00026A2211_9606,227
N015790,UUCAUUGGAUCUUGGAAGCUA,0,negative,train,GSE279647,URS0000677DFC_9606,44
N003848,UGGACCGCACAAGCUCGCUUC,0,negative,train,GSE136967,URS0000208A34_9606,51
N014953,CUACGGCCAUACCACCCUAAA,0,negative,train,GSE279647,URS0000661539_9606,13
P071908,UUGCGUCUUACUCUGUUCUCA,1,positive,train,GSE308686,URS0000535D45_9606,28
P068690,GAAGAGGGAAAGGGCUCUGGC,1,positive,train,GSE308686,URS00000CC074_9606,67
P070161,AUGCAGCUCCCUGGGGACACA,1,positive,train,GSE308686,URS00006FB8B0_9606,112
N023943,CUUUGUGCAUUGGCAGUAUAG,0,negative,train,GSE279647,URS0000A7AB6E_9606,13
N019487,UUUCCCUCUUUCUCACUACUG,0,negative,train,GSE279647,URS00006DBA38_9606,90
P069945,NNNUCCAACGUGGAUACACCC,1,positive,train,GSE308686,URS00000DE3E2_9606,8
P057732,UCGUUCUUCUCUCCGUAUUGG,1,positive,train,GSE136967,URS0000650B1E_9606,174
P064052,GUACACUGGCUCAGUUCAGCA,1,positive,train,GSE308686,URS00000FFC8B_9606,54
P065019,ACCUACUUCGUGGCAUCUAAC,1,positive,train,GSE308686,URS0000443498_9606,105
P075794,UAAGGCGCUGGAUUAAGGCUC,1,positive,train,GSE308686,URS0000630B8A_9606,31
N052257,UCGGUGGGUUGAACUGUGUGG,0,negative,train,GSE308686,URS0000530EBF_9606,60
N026681,AAGAUGAAGUACAGAUCUGUU,0,negative,train,GSE279647,URS00033F0AAF_9606,33
N012977,GGGCAUAACACCCUGAAUCCA,0,negative,train,GSE279647,URS00006359EA_9606,17
P060542,AAACUCUAUACUGUCAUCCUC,1,positive,train,GSE136967,URS00006EBD36_9606,67
N037189,UAGCUGUAUUGUGAGACAUUC,0,negative,train,GSE308686,URS00004640CB_9606,127
P080357,UCAAGCUUACUGCUUCCUGUG,1,positive,train,GSE279647,URS0000572B72_9606,44
P065678,CGUCGUCAGGACUGCCACGAG,1,positive,train,GSE308686,URS000075C168_9606,87
P063944,UGUUCUAUGGUUAGUUUUGCA,1,positive,train,GSE308686,URS00003BACA4_9606,14
N006685,UGAAAGGUAUUUUCUGAGCUG,0,negative,train,GSE279647,URS0000130A5F_9606,57
P057598,UUUCUAUAGUGUGUUACUAGA,1,positive,train,GSE136967,URS0000650B1E_9606,33
P077597,UUUCUACCCCAGAAAACUACG,1,positive,train,GSE279647,URS000044DFF6_9606,732
N024583,NNNAUACCCCGAAAAUGUUGG,0,negative,train,GSE279647,URS0000DC1407_9606,8
N028506,AGGGGUGCAACAGGCNNNNNN,0,negative,train,GSE308686,URS0000210FD6_9606,130
N004689,CACUGAGACACCAUGAUGGAA,0,negative,train,GSE136967,URS00006A65B9_9606,50
N013969,UGAUGAGUACCAUGGGGUAUC,0,negative,train,GSE279647,URS000064C51A_9606,19
P074731,NNNNNAAGAGCCAAUGAUGUU,1,positive,train,GSE308686,URS0000269B1D_9606,6
N003011,GUUCCAUAGCAGGUUUUGAAU,0,negative,train,GSE136967,URS0000A92109_9606,139
P080697,NNNNNNNNGAUGUGAGGGCGA,1,positive,train,GSE279647,URS000067B5FE_9606,3
P063454,GCACUAGAUUGUAAAGACUGG,1,positive,train,GSE136967,URS000067FCA5_9606,111
P062099,UAUAGUCGGCACUGGCAAUUU,1,positive,train,GSE136967,URS00003F07BD_9606,112
N045534,GCUGGAGGCCAAGAGCAGCCC,0,negative,train,GSE308686,URS000075C168_9606,58
N026218,UGGAUGGGGGAGACGAAGUUU,0,negative,train,GSE279647,URS000318D3D0_9606,90
N031723,GCGCGGUGGCCAAGUGGUAAG,0,negative,train,GSE308686,URS00001D9AFB_9606,12
P076635,AGGUCCUGGGUUCGAGCCCCA,1,positive,train,GSE308686,URS000038803E_9606,54
P065457,CCUGGUAUUGAUUGCAUUUGU,1,positive,train,GSE308686,URS0000180559_9606,20
N023272,GGGCUGGGGUUCAGGGACACC,0,negative,train,GSE279647,URS000075D553_9606,36
P070403,NNNNGCAUGGGUUUGGAUUUA,1,positive,train,GSE308686,URS0000647500_9606,7
N023047,CGACAAGGCUANNNNNNNNNN,0,negative,train,GSE279647,URS000075B029_9606,117
N046545,CGUGUUAAUCAUUUUUGAUUU,0,negative,train,GSE308686,URS00002982D8_9606,78
N024445,GGUUAGGAUUCAGCGCUCCCA,0,negative,train,GSE279647,URS0000C8E9E9_9606,21
P059694,AAAUGUGGGAAACUCGACUGC,1,positive,train,GSE136967,URS000032B6B6_9606,112
P063517,GCCAGGCGCAGUGGCUCACAC,1,positive,train,GSE308686,URS00006CEBFE_9606,138
N010019,GAAUUACAUCAAGGGAGAUAA,0,negative,train,GSE279647,URS00003F0B88_9606,39
P058512,UCCCCGUAAUGUACGGAGGAA,1,positive,train,GSE136967,URS00000CC074_9606,49
N021723,AUAGAACAUGAUAAUUGGAGA,0,negative,train,GSE279647,URS000071FF42_9606,58
N007571,UUGUAUAGACAUUUGCGGACA,0,negative,train,GSE279647,URS00001E28FC_9606,49
P059176,UGCAGUGUGGAACACAAUGAA,1,positive,train,GSE136967,URS000062C164_9606,49
N020280,GAGAAGGGCGUAGGCGCCGUG,0,negative,train,GSE279647,URS00006F4087_9606,55
N014315,NNNNNNNNNGAGUGUUAUAGC,0,negative,train,GSE279647,URS000065378B_9606,2
P063640,CAGAGUACACACAAGAAGAAA,1,positive,train,GSE308686,URS000075EAF7_9606,86
P074153,ACCACCAUUAUCUUAACUGAG,1,positive,train,GSE308686,URS0000361A8E_9606,69
P080384,GGUGGGAUAAUCCUUACCUGU,1,positive,train,GSE279647,URS00021EDA78_9606,18
P071433,UCACUUUUUUCCCCAUCAGAU,1,positive,train,GSE308686,URS0000359B05_9606,25
N016495,UUUACAAUGAAUUGAUCACAA,0,negative,train,GSE279647,URS000068C4BF_9606,33
N005024,CGAGCCGCACGUUGGGNNNNN,0,negative,train,GSE279647,URS0000001346_9606,68
N017043,CGAAUCCCAGCGAGGCCUNNN,0,negative,train,GSE279647,URS00006A047B_9606,67
P073309,ACCUAGUGAGUGUUGAGACUC,1,positive,train,GSE308686,URS0000434604_9606,48
P068551,AGCUAAUGGGUUCCAUUCCGG,1,positive,train,GSE308686,URS00003CCCBE_9606,43
N023800,NNNNNNNNNNAACAGCUAUCC,0,negative,train,GSE279647,URS00008EC34D_9606,1
N005186,AUAGUUUAACCAAAACAUCAG,0,negative,train,GSE279647,URS000000EB00_9606,17
P065073,UGCCGUGGACCCCGCCCUUCG,1,positive,train,GSE308686,URS000013F331_9606,195
N014826,CACUGGGCUCUGACUGCCCCU,0,negative,train,GSE279647,URS000065F8CD_9606,30
N022070,CUCUUGCUAAGGUGUUCAAAG,0,negative,train,GSE279647,URS0000728F90_9606,43
N026281,CACCCGAUGUCAUCUGAUCUU,0,negative,train,GSE279647,URS00031F5700_9606,36
N007253,UUAUCAUGUUCGCCUCACACG,0,negative,train,GSE279647,URS00001A86BB_9606,29
N012037,UCAUUAAAUUAUGAUAAUCAU,0,negative,train,GSE279647,URS00005E8011_9606,49
P067485,CCACAGAUGCAAGAAGAACAU,1,positive,train,GSE308686,URS0000721537_9606,64
N012987,AGCUAAGCAUGGUCAGGCCCA,0,negative,train,GSE279647,URS00006359EA_9606,60
N016781,UGGAAAACUGGACUGCAUAAU,0,negative,train,GSE279647,URS000069640D_9606,118
N083272,AGCAGGGAUGUUUGGUCUCAU,0,negative,train,GSE136967,URS000064930D_9606,117
N021516,UGGACUCUGAAUCCAGCCAUC,0,negative,train,GSE279647,URS000071ACA6_9606,38
N019843,UACGGCCAUACCUCCCUGAAG,0,negative,train,GSE279647,URS00006E3F43_9606,14
N018471,UCGGUAGAGCAUGAGACCCUU,0,negative,train,GSE279647,URS00006C58BC_9606,26
P069530,UGGCCGUGCCCCUCAAAGUGA,1,positive,train,GSE308686,URS00005357F7_9606,104
N015729,NNNNNGUAUUUACCUGGCAGG,0,negative,train,GSE279647,URS000067708D_9606,6
P069570,CCAGUGUGCGAUGGCUGCACA,1,positive,train,GSE308686,URS00000D55EA_9606,54
N018921,AGAUAAAUUUUUCUCCUUUUA,0,negative,train,GSE279647,URS00006CD54D_9606,34
P060632,GACAUGAUAAUGUAUUUUUGU,1,positive,train,GSE136967,URS0000313FF1_9606,42
P074923,UCUAUACUUCUUUUUCUUUCU,1,positive,train,GSE308686,URS00003B57B1_9606,84
P064289,GUGAGGUAGUAGGUUGUAUAG,1,positive,train,GSE308686,URS00004BC34C_9606,13
N023693,NNNNNNNNNAAUUAAGUAUUG,0,negative,train,GSE279647,URS000083354E_9606,2
N000269,AGGCGGCGGCCACGCUGUGGU,0,negative,train,GSE136967,URS000023DE4C_9606,294
P060131,CUGCAUCCGAAAGUGAUCAUA,1,positive,train,GSE136967,URS00006EC784_9606,13
P070094,AACAGCAGCCAAUAGCUGGUU,1,positive,train,GSE308686,URS0000ABD80F_9606,72
P062159,AAUGAGGUCUAUCCGAGGCGC,1,positive,train,GSE136967,URS00003F07BD_9606,39
P061043,CUGGAACCAGCCAUGUGGACA,1,positive,train,GSE136967,URS0000648DBA_9606,22
N014895,AGAUAAAGCCUGGUUAGUCCU,0,negative,train,GSE279647,URS0000661164_9606,69
N010577,GCAUGUUGUCACGGCCUCAAU,0,negative,train,GSE279647,URS0000472EB8_9606,35
P057646,GAAAACCCCGAGGAAGAGAGG,1,positive,train,GSE136967,URS0000650B1E_9606,81
N012625,CUCGGUUUGGGUCCGAGAGGU,0,negative,train,GSE279647,URS000062C4DE_9606,36
P065669,UCAGAUAGACGAGGCCGGGCU,1,positive,train,GSE308686,URS000023DE4C_9606,371
P070514,CGCUGGUACAUGANNNNNNNN,1,positive,train,GSE308686,URS000064B135_9606,131
P065532,CAAGUUGUGGGUGCAGCAUGG,1,positive,train,GSE308686,URS000015F227_9606,48
P081560,CCACAUAUAUAAUAUCGGAGA,1,positive,train,GSE279647,URS000002084A_9606,69
N032071,CCUGGUCCACAUGGGUCGGAA,0,negative,train,GSE308686,URS00004E56CF_9606,96
P064385,NNNNUCAGAGUGAGGUAGUAG,1,positive,train,GSE308686,URS00004BFD1E_9606,7
P066910,ACAUGUGUUGUUUGCUUCAAU,1,positive,train,GSE308686,URS00004EA987_9606,107
N014937,UGAAUCAACACUUUUGAUUAA,0,negative,train,GSE279647,URS0000661285_9606,42
P070779,UGGACUCAAGUUCUGAGCCAG,1,positive,train,GSE308686,URS000075CFA2_9606,78
P059879,UUUAUGGAUUCGCACGAGAAG,1,positive,train,GSE136967,URS00004640CB_9606,49
P064130,CCAGUAAUCCCAGCACUUUGG,1,positive,train,GSE308686,URS000075A325_9606,22
N005477,CACCAGUCUUGUAAACCGGAG,0,negative,train,GSE279647,URS000004601F_9606,34
N036493,GUCUCUACGGAGACUGNNNNN,0,negative,train,GSE308686,URS00003F07BD_9606,139
P059384,AGCAGACUAACGCUGAUGAGC,1,positive,train,GSE136967,URS000050BD61_9606,32
N010801,CAUUGUCUCCCCCCACAACCG,0,negative,train,GSE279647,URS00004A2461_9606,52
P070445,CCGAACCAUUGCCUGGCCUCU,1,positive,train,GSE308686,URS0000647500_9606,86
N026496,AGUCUCAUCUCAUCUCGGAAG,0,negative,train,GSE279647,URS00032E0C50_9606,38
N029205,GGUCCACAUGGGUCGGAAAAA,0,negative,train,GSE308686,URS00004E56CF_9606,99
P059140,CCUUGAACCUUGUUACGACGU,1,positive,train,GSE136967,URS000064F355_9606,73
N042139,CUGCGCGAGGCACAGGCGNNN,0,negative,train,GSE308686,URS000075B0DE_9606,59
N005993,GAAUCCAAAAUUCUCCGUGCC,0,negative,train,GSE279647,URS00000A75D2_9606,42
P065054,GAUUUCUUUGUUCCUUCUCCA,1,positive,train,GSE308686,URS00005CF03F_9606,63
P065458,NNNGUGACUGUUCCUGGUAUU,1,positive,train,GSE308686,URS0000180559_9606,8
N083410,AGUCGAUGGGCUGUCUGACAN,0,negative,train,GSE136967,URS00000AF93C_9606,63
N002504,GCGCUAGAGCAUGUGCUUGCG,0,negative,train,GSE136967,URS0000726F61_9606,66
P064008,UUGAAUCUCAUGGCAACACCA,1,positive,train,GSE308686,URS00000AF93C_9606,43
N021138,UCAGCCUUUUGGUUAAGAUCA,0,negative,train,GSE279647,URS000071090A_9606,19
N022150,AAAUUUUGAUUAAAGCCAUCU,0,negative,train,GSE279647,URS0000729F65_9606,47
N033984,AGUUUAGGAGGGCCGUCCUAA,0,negative,train,GSE308686,URS00001B2620_9606,90
P076863,CACUCGGCUCGUGCGUCGAUG,1,positive,train,GSE279647,URS0000005270_9606,29
P077315,AUUUAGCAGUAAACUAAGAGU,1,positive,train,GSE279647,URS000044DFF6_9606,786
P075626,NNNNNNNNGGCCGGUUAGCUC,1,positive,train,GSE308686,URS0000610FFE_9606,3
P062944,NGCGUUGGUGGUAUAGUGGUU,1,positive,train,GSE136967,URS00000AED6F_9606,10
P068544,CUGACUGGUGGCUUUCAGUUU,1,positive,train,GSE308686,URS00003CCCBE_9606,95
P061881,UUCCACCAAAAGCUUGGCUAA,1,positive,train,GSE136967,URS000066E3F5_9606,45
N017526,CAUAUGAGUCAUACACAUGAA,0,negative,train,GSE279647,URS00006AF21F_9606,35
N023580,NNUGUUUAGACGGGCUCACAU,0,negative,train,GSE279647,URS00007EF03D_9606,9
P078512,CCUAAACCUCAACAGUUAAAU,1,positive,train,GSE279647,URS000044DFF6_9606,462
P076521,ACAUUCAUGAGGCUCUGGGUU,1,positive,train,GSE308686,URS000071ED2F_9606,44
P066404,UAUUUCAUACCUGCGACAUCU,1,positive,train,GSE308686,URS00005F2496_9606,125
P058516,CGGAGGAAGAGGGAAAGGGCU,1,positive,train,GSE136967,URS00000CC074_9606,62
N004550,NNNNNGCAGCGAUCCUACAUA,0,negative,train,GSE136967,URS0000D5073B_9606,6
P058245,CUAAAGUUGAUUAUUACUACU,1,positive,train,GSE136967,URS0000668E0B_9606,42
P059541,UAUCAAGGCUGUUGUGAUUCA,1,positive,train,GSE136967,URS0000569A4A_9606,23
N004463,CCCCUGUUUACCUCAUUAGGG,0,negative,train,GSE136967,URS0000A8E179_9606,222
P080633,AGAAAUGGGCUACAUUUUCUA,1,positive,train,GSE279647,URS000044DFF6_9606,717
N014192,AACCUGUAGCUGUCUAGUGAC,0,negative,train,GSE279647,URS00006501FF_9606,49
P058525,CCCAUCCGCUGGUUCUAUCCU,1,positive,train,GSE136967,URS00000CC074_9606,122
N013099,CUCUUAAUCUCAGGGUCAUGG,0,negative,train,GSE279647,URS0000637361_9606,42
P075938,GGCGCAAUCGGUUAGCGCGUU,1,positive,train,GSE308686,URS00006ABBAC_9606,19
P066403,CGUGGCUCAGUCUUAUUUCAU,1,positive,train,GSE308686,URS00005F2496_9606,112
N008146,GCAGGGCUUAGCUGCUUGUGA,0,negative,train,GSE279647,URS0000233054_9606,18
N015061,AUGCACUAGAUGUCAUCUGAU,0,negative,train,GSE279647,URS00006633F5_9606,34
N056009,NUCCUCCUACAAAGGCGUGUC,0,negative,train,GSE308686,URS00000B589B_9606,10
P064655,ACGAGUAGCUGCGCUCCCCUG,1,positive,train,GSE308686,URS0000734D8F_9606,204
N030446,CAUGGGUCGGAAAAAAGGAUU,0,negative,train,GSE308686,URS00004E56CF_9606,105
P070675,UACUUCCCAGGGCUGUUGUCU,1,positive,train,GSE308686,URS0000706530_9606,82
N007813,AUGGCAGGAUUUUCGCUAACA,0,negative,train,GSE279647,URS0000205DCB_9606,86
P062565,AUUCGAGUUUCCCGACCAUGA,1,positive,train,GSE136967,URS00006F4F8C_9606,42
N029864,CCUUGGCUGUGUCUGAGCACC,0,negative,train,GSE308686,URS000075E488_9606,78
N015146,AUGUGGUUAAUGUCUCUGCGU,0,negative,train,GSE279647,URS0000665D2F_9606,86
N037686,UAGUGAGUGUUGAGACUCUGG,0,negative,train,GSE308686,URS0000434604_9606,51
N000021,CUUUUAAGCCCAGUGUGUAAA,0,negative,train,GSE136967,URS000021BC29_9606,122
P059102,UCAUGAGCGUGAUGAUUGGGU,1,positive,train,GSE136967,URS000064F355_9606,24
P061313,UUCUUCAUGUGGAUGACUCUG,1,positive,train,GSE136967,URS000063C47F_9606,98
N016435,NNNNNNNNGGCUGGCUCUGAG,0,negative,train,GSE279647,URS000068B213_9606,3
P070998,CAUCGGAAUCUGAACAAAAUG,1,positive,train,GSE308686,URS000075A82F_9606,40
N018787,NNGUCUACAGCCAUAACACCG,0,negative,train,GSE279647,URS00006CB247_9606,9
P065184,UUGGGAAGGUCUGAGACUAGG,1,positive,train,GSE308686,URS000013F331_9606,81
P060346,GUUCGAGCCCCACGUUGGGCG,1,positive,train,GSE136967,URS00001AD596_9606,63
N082966,GAGGUUGCAGUGAGCCGAGAU,0,negative,train,GSE136967,URS0002869C7E_9606,208
P061216,AAUGAUGAAUGGUCCAAAACA,1,positive,train,GSE136967,URS000081501D_9606,15
P059331,CCUAUUUAUUGAUCGAUUUAG,1,positive,train,GSE136967,URS000043549A_9606,117
N025144,AGAGAGAGAGAAACGAGCUGG,0,negative,train,GSE279647,URS00022B097C_9606,194
P070496,AGAAGAAAAGUAACAGCACUA,1,positive,train,GSE308686,URS00025E358E_9606,95
P071221,AUCAGAUCGACCCUGUUGAUC,1,positive,train,GSE308686,URS00006B5455_9606,44
N015685,AAUGAUGAGUAUUCUGGGGUG,0,negative,train,GSE279647,URS00006762EA_9606,17
P082619,CCGCCUUUUUUGUCCCCUAAC,1,positive,train,GSE279647,URS0000ABD8D1_9606,31
P064760,GAGUUCUGGGCUGUAGUGCGC,1,positive,train,GSE308686,URS00000478B7_9606,84
N026491,CUGAACGCGUCCAGUCUCAUC,0,negative,train,GSE279647,URS00032E0C50_9606,26
N022909,UUCGGUUAUCAUGGUACCGAU,0,negative,train,GSE279647,URS000075A0E6_9606,21
P064149,AUAUUGCUUAUAGGGUUUUGG,1,positive,train,GSE308686,URS000070F95C_9606,81
N014501,NNNNGUCCAAGGCCAUACCAU,0,negative,train,GSE279647,URS0000657F6C_9606,7
N025039,UGAAAAUCACCUCGGAGCUGN,0,negative,train,GSE279647,URS00021FCC84_9606,57
P064766,CGCUAUGCCGAUCGGGUGUCC,1,positive,train,GSE308686,URS00000478B7_9606,102
P057781,AUGAGUAAGGAAAAUAACGAU,1,positive,train,GSE136967,URS00006ECA78_9606,24
N009454,CCCUCACGGAGGCGGGGGUUC,0,negative,train,GSE279647,URS00003848F7_9606,53
P063802,AAUGUCAAAGUGCUUACAGUG,1,positive,train,GSE308686,URS000032AA22_9606,19
N083350,AAGGAGUUUUUUUACUUUUUU,0,negative,train,GSE136967,URS00023473A4_9606,483
N003186,AGCUGCAGCUGCUUCCGCAUA,0,negative,train,GSE136967,URS0000A8F432_9606,28
N011618,UUCAAGCAGGAGCCUAAAGAA,0,negative,train,GSE279647,URS0000599BEA_9606,53
P076242,CAAUGGAUAGCGCAUUGGACU,1,positive,train,GSE308686,URS0000755838_9606,23
P074352,AAAUAUCUGAUAUUCUGNNNN,1,positive,train,GSE308686,URS000069573D_9606,71
N009896,AUGGGGGUGAUGGCCAGUCCU,0,negative,train,GSE279647,URS00003D103A_9606,61
P061737,CGUCUCUGCGUAAUCAGGACU,1,positive,train,GSE136967,URS000069D3EA_9606,96
P058708,CGUGAGUUCGAGCCUCACACG,1,positive,train,GSE136967,URS000072890F_9606,58
P065006,CUGGUUUCUCUUCAUAACGAA,1,positive,train,GSE308686,URS0000759ECB_9606,15
P068012,NNNNNNNNNUGCACUUAUGUA,1,positive,train,GSE308686,URS00006607B4_9606,2
N026346,UAGCACUUGGAUGGAAAUAGU,0,negative,train,GSE279647,URS0003239187_9606,83
P075849,ACCAGGAUGGCCGAGUGGUUA,1,positive,train,GSE308686,URS000064E10F_9606,11
N023107,UACUUGGACGGGAGACCGCCU,0,negative,train,GSE279647,URS000075B93F_9606,86
P062024,UGGCAUUGUCAGCCAAUCCCC,1,positive,train,GSE136967,URS000065235D_9606,29
P059835,NNNNNNNCUGCCUCUGAUGAA,1,positive,train,GSE136967,URS0000830239_9606,4
P061077,NNNNUGAUGGCUGUUCCUCUC,1,positive,train,GSE136967,URS0000704142_9606,7
N009214,AGACACCAUGCAAAAGCAGUC,0,negative,train,GSE279647,URS000031F86D_9606,53
N007634,UCGACUCAUUAAAUUAUGAUA,0,negative,train,GSE279647,URS00001EC0B3_9606,41
P060428,UGAAGAGAUGAUGACGAGUCU,1,positive,train,GSE136967,URS00003A9200_9606,17
P070009,UGUCAGCUAUCCAGGCUCAUG,1,positive,train,GSE308686,URS0000148398_9606,21
P076074,CCUCAAAGCAAUACACUGAAA,1,positive,train,GSE308686,URS00003E8921_9606,28
P072009,ACUCUGAUUUCAGCCAGAGAU,1,positive,train,GSE308686,URS000075A742_9606,82
N008947,AAUCCUAUAUAUCUUAAUGGC,0,negative,train,GSE279647,URS00002EDD4B_9606,63
N004737,CUGAUGACUUGCUGUUGAGAC,0,negative,train,GSE136967,URS00004E0FA9_9606,43
P061255,AAAGGGACUUAAUACUGAAAC,1,positive,train,GSE136967,URS0000626A32_9606,30
P063528,AUUUUUGGAGCAGGGAGAUGG,1,positive,train,GSE308686,URS00006A3E7F_9606,109
P063829,AAAAGGUCACAAUCAACAUUC,1,positive,train,GSE308686,URS0000530EBF_9606,32
P062643,GGAGUUCUUGACGUUUUUCUC,1,positive,train,GSE136967,URS00003B57B1_9606,58
P058845,UCUGGUAUAUGGCAUGUGGGC,1,positive,train,GSE136967,URS00005D459D_9606,105
P068561,UUGUUUUCCAUUUGUCUUGGG,1,positive,train,GSE308686,URS000027BAE7_9606,100
P058756,UCUUUAUUGAGGUUUGGCUCC,1,positive,train,GSE136967,URS00007136D1_9606,84
N005584,UAACUUGACCGCUCUGNNNNN,0,negative,train,GSE279647,URS0000059DA7_9606,64
N018914,AUAGUUACAGGUUUCUUUGUU,0,negative,train,GSE279647,URS00006CD342_9606,54
P071901,NNNNNUGCAAUGAUGUCGUAA,1,positive,train,GSE308686,URS0000535D45_9606,6
P065684,UUAGCCAAGGCUGGAGGCCAA,1,positive,train,GSE308686,URS000075C168_9606,49
P063456,GUGGACCUCUUUCUUAAUGUC,1,positive,train,GSE136967,URS000067FCA5_9606,133
P061066,UCUAGAGGGAGUCAGUCUGCA,1,positive,train,GSE136967,URS00004C6FD8_9606,50
N052495,AUGAUCUCUACAGUUCUGAGA,0,negative,train,GSE308686,URS000075AAF7_9606,98
N007409,NNNNNNGGCCGGCUGGGGUUC,0,negative,train,GSE279647,URS00001CC864_9606,5
N025962,UCGCUUCCCUGUGCCAAUAUU,0,negative,train,GSE279647,URS00030F0213_9606,46
P068770,AAUUGCAGGACUCUAAACAUU,1,positive,train,GSE308686,URS000075E772_9606,126
P068052,UCCAAGGGCUGUGGCUGGUCA,1,positive,train,GSE308686,URS000002FDBC_9606,20
N017565,UCCUCUGUCCGAGGACAAUAU,0,negative,train,GSE279647,URS00006B0107_9606,79
N023575,NUUUUCAUAUCAUUGGUCGUG,0,negative,train,GSE279647,URS00007EC19C_9606,10
N035292,CUACAAUUCCUUGGCUGUGUC,0,negative,train,GSE308686,URS000075E488_9606,70
P071306,UUGGUCCCUGACCUUCCUAGA,1,positive,train,GSE308686,URS000062A15C_9606,88
N032560,UUGAAGCAAUGUGAAAAACAC,0,negative,train,GSE308686,URS0000446770_9606,41
P082781,CGGGUGCGCACGGGCCCUGUG,1,positive,train,GSE279647,URS0000EED6D6_9606,41
N002992,GCAGUUGACCCGGGUUCGAUU,0,negative,train,GSE136967,URS000034AAC2_9606,49
N000103,NNNCCCUUGGCCCUUAUCGAA,0,negative,train,GSE136967,URS0000A8F432_9606,8
N016475,CCCAGAUAGCUCAGUCAGUAG,0,negative,train,GSE279647,URS000068C2BC_9606,12
N023207,UGCAGUAACAGGUGUGAGCAU,0,negative,train,GSE279647,URS000075C42D_9606,24
N019957,CCUGGGAAUACAAGGUGCUGC,0,negative,train,GSE279647,URS00006E9D7F_9606,103
N002212,CAAGAUUCCCAUUCUUGCGAC,0,negative,train,GSE136967,URS0000502C74_9606,36
P060989,GACCUGAAAUGAAGAGAAUAC,1,positive,train,GSE136967,URS0000651282_9606,43
P057845,AUUCAGACUACAAUAUAGCUG,1,positive,train,GSE136967,URS00006623A0_9606,18
N024651,NNNUGUCUGAUAAAAGAGUUA,0,negative,train,GSE279647,URS0000DCD0F0_9606,8
N035337,ACAAUGAACUGAACUCNNNNN,0,negative,train,GSE308686,URS000062C164_9606,62
N016710,UAAUAUAUGAUACAUCUUCUA,0,negative,train,GSE279647,URS0000691F44_9606,65
N031168,GGGAGAUGAAGAGGACAGUGA,0,negative,train,GSE308686,URS00004D7B5D_9606,68
N004493,GAACAAAGGAACCACUGAAGU,0,negative,train,GSE136967,URS00006F0D71_9606,52
P066356,UAAGUAACAGUUNNNNNNNNN,1,positive,train,GSE308686,URS00001BD443_9606,132
P071282,UCCCUGACCUUCCUAGAGGCA,1,positive,train,GSE308686,URS000062A15C_9606,92
N016244,GAGGAUGAUUUAAAGUUAUCC,0,negative,train,GSE279647,URS0000686085_9606,18
P074989,UUCCCUGAGCUGUGGGACGUG,1,positive,train,GSE308686,URS00004A7003_9606,416
N018746,AAUAGGGCUGGCUCUUAAAGG,0,negative,train,GSE279647,URS00006C9D52_9606,112
P074098,AAAAGUUUCGGUCCCAGAUGA,1,positive,train,GSE308686,URS000051B5A1_9606,24
N024480,NNNNNNNNNNGGGAGCCAGGA,0,negative,train,GSE279647,URS0000D51796_9606,1
N015080,AGCCGGUUACAGAUUUAUUUG,0,negative,train,GSE279647,URS0000664169_9606,55
P076191,ACUUUGAAUCCAGCAAUCCGA,1,positive,train,GSE308686,URS000070F1D2_9606,41
P073467,GAAAGAUUUGUGGUUGCUGUG,1,positive,train,GSE308686,URS000075DF00_9606,14
N021824,UUCCACCGGUUAAGACCUCCA,0,negative,train,GSE279647,URS0000723018_9606,52
P070199,UUCGGAAAGGGAGGGAAAGCA,1,positive,train,GSE308686,URS00003852FE_9606,56
P069658,NNCCUGUAUUCGAAAGUGAUC,1,positive,train,GSE308686,URS000045555D_9606,9
P066925,GCCUGCUCUUCUCCUCUGCAU,1,positive,train,GSE308686,URS000028CE2F_9606,75
N012379,UACAGAUUUAUUUGUUUCUUC,0,negative,train,GSE279647,URS0000625E5C_9606,59
P065879,UACACAAAUUGGGCUGAAAUA,1,positive,train,GSE308686,URS0000608804_9606,22
P076491,NNNNNNNGUUUCCGUAGUGUA,1,positive,train,GSE308686,URS0000161979_9606,4
P064518,ACAUUCCCCGCUUCCCACUCC,1,positive,train,GSE308686,URS00026A2211_9606,130
P059900,NNNNNNNAAGUAGGGUGAUGA,1,positive,train,GSE136967,URS0000650132_9606,4
P082291,GGGAGGCAGAGAAAGGCUCUC,1,positive,train,GSE279647,URS0000034D55_9606,66
P059054,NNNNCUACCAAAAGUUAGCUU,1,positive,train,GSE136967,URS000063EA00_9606,7
P076327,GGUUAAGGCGAUGGACUGCUA,1,positive,train,GSE308686,URS00002034DC_9606,27
N023245,UGGGGGGUGGGAACGGCUUCA,0,negative,train,GSE279647,URS000075CFEA_9606,23
N007445,CCGACACCUCCANNNNNNNNN,0,negative,train,GSE279647,URS00001D4EE9_9606,70
P061222,UUCAUAACUUUGGAAAUGUAA,1,positive,train,GSE136967,URS0000599BEA_9606,100
N027167,GGAAACUGCCAUGUCACCCUU,0,negative,train,GSE308686,URS000065DEBC_9606,55
P059749,UCCCAGGGCGAGGCUUAUCCA,1,positive,train,GSE136967,URS000032B6B6_9606,55
P072412,UGUGAGGUACAAAAGUUAAUA,1,positive,train,GSE308686,URS000015A7CF_9606,43
N003120,AUGAUCUUAUCCCGAACCUGA,0,negative,train,GSE136967,URS00002524EE_9606,19
P072219,UGCCCAGUGAUGACACCAUCC,1,positive,train,GSE308686,URS00006D051B_9606,11
P074209,AUGAAGAGAUGUACUAUCUGU,1,positive,train,GSE308686,URS000082A21B_9606,49
P065307,CCCAGGGACCUUUGGCCUGUU,1,positive,train,GSE308686,URS0000569A4A_9606,59
P059468,CUCUGUCCAAGUGGCGUAGGG,1,positive,train,GSE136967,URS00004A4D73_9606,48
P075331,UCCCCGCCUGUCACGCGGGAG,1,positive,train,GSE308686,URS000013899F_9606,35
N011573,NNNNCGAGAAAGCUCACAAGA,0,negative,train,GSE279647,URS0000595B38_9606,7
N015196,CUCACUUCGGCAGAGCAUAUA,0,negative,train,GSE279647,URS0000668A4E_9606,12
N020987,UCAGGGGUCACUUCUAUAGUU,0,negative,train,GSE279647,URS00007093B4_9606,23
P079174,UUUGUCCCCUAACUUGAGAUG,1,positive,train,GSE279647,URS0000ABD8D1_9606,39
N010782,NNNNNNUUUAAAGGAUAACAG,0,negative,train,GSE279647,URS00004A0EB2_9606,5
N017266,GUAGAGUGCUUGCUUAGCAUG,0,negative,train,GSE279647,URS00006A7FD7_9606,29
P075345,NNNNUCCUCGUUAGUAUAGUG,1,positive,train,GSE308686,URS00006D74B2_9606,7
P059867,UCUAUACCGUCAUUCUCGUCG,1,positive,train,GSE136967,URS00006BC7F5_9606,71
P070983,UGUGCCACUUCUGUGAGCUGA,1,positive,train,GSE308686,URS000075A82F_9606,78
N000648,GAUAACAUAAAUAUGAGGGUG,0,negative,train,GSE136967,URS0000653FA4_9606,51
P060398,AGUGAUCCAUCGGCUAAGUGU,1,positive,train,GSE136967,URS00006A38AA_9606,36
P058363,CUGUGGCUAAUGACCUAUUGA,1,positive,train,GSE136967,URS0000634EB5_9606,36
P063385,NNNGGUCAAUGAUGUAAUGGC,1,positive,train,GSE136967,URS0000725609_9606,8
P061897,CUGUGAUGAGUGAUUGUUAAA,1,positive,train,GSE136967,URS000066E3F5_9606,14
N019248,AGCAGGGAGAUAGAGUAGGAG,0,negative,train,GSE279647,URS00006D4DB0_9606,117
P075020,NNNNNNNGGGGAAUUAGCUCA,1,positive,train,GSE308686,URS000052A1C9_9606,4
N014289,UGCAAUUCUGAAGGGAUUNNN,0,negative,train,GSE279647,URS000065235D_9606,72
N008151,UUAGCUGCUUGUGAGCAGGGU,0,negative,train,GSE279647,URS0000233054_9606,25
P070028,GUAGCUGAGUACCUUUGGGCA,1,positive,train,GSE308686,URS0000148398_9606,124
P081786,CCGUUAAGACUAUACUUUCAG,1,positive,train,GSE279647,URS0000E91FA5_9606,15
P062315,GUGCGCUGGGCACAGCGCCCG,1,positive,train,GSE136967,URS000027315D_9606,36
P069924,NNNNNNNNUCCAACGUGGAUA,1,positive,train,GSE308686,URS00000DE3E2_9606,3
P070990,UUCUGUGCCACUUCUGUGAGC,1,positive,train,GSE308686,URS000075A82F_9606,75
P080822,UACGAGCCUUAAGGACAUUGA,1,positive,train,GSE279647,URS00006F5B60_9606,88
P082379,UCUACCUUUCAUACUAUCUUU,1,positive,train,GSE279647,URS00008E3A5F_9606,79
N015373,NNNNNNAGCGGGUCUGAUGGU,0,negative,train,GSE279647,URS0000670DF5_9606,5
P067081,NNNNNNNNNUACCCCCUUUUC,1,positive,train,GSE308686,URS00005F1DD0_9606,2
P064970,NAACCAUCCUUUUCUUGGGGU,1,positive,train,GSE308686,URS000075ADBA_9606,10
N007616,UAAAAAGAGGCCUAACCCCUG,0,negative,train,GSE279647,URS00001E8232_9606,14
P065698,CUUUGGGGGGUCCCUGUUCUC,1,positive,train,GSE308686,URS000075C168_9606,27
N016708,UGUUUUUAUCAGUUUAAUAUA,0,negative,train,GSE279647,URS0000691F44_9606,51
P069632,GUUGUAUGGGUUGCUCUAAGG,1,positive,train,GSE308686,URS00000D55EA_9606,109
P070510,GCUGGAUGCUGUUGUGCAUGG,1,positive,train,GSE308686,URS000064B135_9606,22
P081396,NNNNNNNNNNUCCUGCAUCCG,1,positive,train,GSE279647,URS00006EC784_9606,1
P064284,NNNNNGGGUGAGGUAGUAGGU,1,positive,train,GSE308686,URS00004BC34C_9606,6
P063027,CCAAUGAAGAAACUUUCACAU,1,positive,train,GSE136967,URS000066FABB_9606,13
P074342,AAGUCUUUCGCUCCUAUCUGA,1,positive,train,GSE308686,URS000050BD61_9606,59
N013065,AAGUGGUAGAGCGCUUGCUUA,0,negative,train,GSE279647,URS0000636BA8_9606,24
N025677,CCUUAUUUACCGAGAAAGCUC,0,negative,train,GSE279647,URS0002915778_9606,69
P071296,UUGAGACUCAAGAAAAGGAUU,1,positive,train,GSE308686,URS000062A15C_9606,39
P066756,AUAGAGUAACUCUGUGGUUUU,1,positive,train,GSE308686,URS0000202A89_9606,69
P073769,CUUUCUGUGACUGAGCAUGAN,1,positive,train,GSE308686,URS0000ABD834_9606,64
P071227,UAACUACCUGAGUUUCCUGGA,1,positive,train,GSE308686,URS000075D829_9606,75
N025805,UGUGGGAGUCGCGCUGGGGAC,0,negative,train,GSE279647,URS0002A6BF65_9606,78
N001857,UGAGCCAUGACUCCCCACUGU,0,negative,train,GSE136967,URS000014FF3E_9606,116
P058268,NNNNUCGCUAUGAUGAUGGAU,1,positive,train,GSE136967,URS000071EB91_9606,7
N001291,CAUUGGCCUCCUAAGCCAGGG,0,negative,train,GSE136967,URS00003A4B65_9606,35
P067575,UUGCCUCCCAGCCUACAAAAN,1,positive,train,GSE308686,URS000061AA47_9606,123
P076309,GACGAGGUGGCCGAGUGGUUA,1,positive,train,GSE308686,URS0000664EAD_9606,11
N022035,UUUUACUUUUUUCUUUCCUUU,0,negative,train,GSE279647,URS00007288AA_9606,252
N003362,AAAUCGCCCCCGGCUUUGGCC,0,negative,train,GSE136967,URS00006D48F7_9606,20
N014235,CAUGCCUGACCUCAUCUGAUC,0,negative,train,GSE279647,URS0000651D23_9606,34
P059264,UGUUGGCUUUGACCAGGGUAU,1,positive,train,GSE136967,URS00005D7632_9606,61
P063610,UUCUUUACAGUGCUGCCUUGU,1,positive,train,GSE308686,URS0000561D92_9606,24
N013709,CAGAUUGCCUUGUUUCUUCUC,0,negative,train,GSE279647,URS0000646A59_9606,61
P065067,GUCAGACUGGGCAGGAGAUGC,1,positive,train,GSE308686,URS000013F331_9606,177
N006478,AGUUGGUUUGUGUACACUGGC,0,negative,train,GSE279647,URS00000FFC8B_9606,43
P075773,AGAACAUCAGACUUUUAAUCU,1,positive,train,GSE308686,URS00006CC2CC_9606,31
P066391,AGUCCAAAGGGCUGCGCUUCU,1,positive,train,GSE308686,URS00005F2496_9606,89
N026296,CCCCGAUCUUCUCUGAUCUCA,0,negative,train,GSE279647,URS000320CB9E_9606,37
P078874,UGACACAAAAUAGACUACGAA,1,positive,train,GSE279647,URS000044DFF6_9606,369
N023150,UCAUGCCAGGGUGAGGUAGUA,0,negative,train,GSE279647,URS000075BF40_9606,21
N001619,CUCUCUGUCCUAGUCCCAGAG,0,negative,train,GSE136967,URS000066FABB_9606,40
N014644,NNNNNAAGACUAUAUUUUGAG,0,negative,train,GSE279647,URS000065A7A0_9606,6
P076803,UGGAUCACUCGGCUCGUGCGU,1,positive,train,GSE279647,URS00006CE1FB_9606,23
P079807,GCUAAAACUCACCUGAGUUGU,1,positive,train,GSE279647,URS000044DFF6_9606,335
P076980,NNNGAGGCCGUUAAGACUAUA,1,positive,train,GSE279647,URS0000E91FA5_9606,8
P061565,UCCAUUGGGGUCUCCCCGCGC,1,positive,train,GSE136967,URS000038D8D3_9606,49
P069057,GUUUCCCGUGUUUGGAGGGUU,1,positive,train,GSE308686,URS0000468B49_9606,88
P058673,AGCCAAUGAGGUUUAUCCGAG,1,positive,train,GSE136967,URS0000149178_9606,35
N024894,AGAGAAACGAGCUGGCGGAGA,0,negative,train,GSE279647,URS0000EF2D06_9606,48
N018789,CACCGUGAAUGCACCUGAUCU,0,negative,train,GSE279647,URS00006CB247_9606,25
N004610,CCGGUUCUUCCCGGAGUCGGG,0,negative,train,GSE136967,URS00006FED78_9606,37
P068370,GAGCAUGUGCUUGCGCAUAAC,1,positive,train,GSE308686,URS0000726F61_9606,72
N005268,AAGUCUUUAACUCCACCAUUA,0,negative,train,GSE279647,URS0000019953_9606,20
P070135,GGUGCUGUGGCUGCCUCACCU,1,positive,train,GSE308686,URS00006C8370_9606,81
P061633,NNNNNNGAUUCGAUGGGCCAU,1,positive,train,GSE136967,URS000075DEE5_9606,5
N013816,GCAUUGGAGUUAUGGACGAUG,0,negative,train,GSE279647,URS000064A1E7_9606,34
P073948,CUGACUGACUGUGCUGAGUCU,1,positive,train,GSE308686,URS00006292A1_9606,40
N083086,ACGCCGAUCGUGCGCAUCCGU,0,negative,train,GSE136967,URS00004416C5_9606,488
P067527,UGUGGACAUGACCAUAAAAAA,1,positive,train,GSE308686,URS00004AEC70_9606,52
P073403,GAUUUACCGUGAAAAUUAAUA,1,positive,train,GSE308686,URS000005BADB_9606,42
N012858,UCUCCAUCAGCAGUUUGCUCU,0,negative,train,GSE279647,URS0000633321_9606,49
N015695,GGUGUCUGAAUCAAUGAUUUU,0,negative,train,GSE279647,URS00006762EA_9606,34
P063900,UUUCCUGUUGUUGGGAUCCAC,1,positive,train,GSE308686,URS000075D019_9606,32
P058859,UGAACACUGGUCUUGGUGGUC,1,positive,train,GSE136967,URS00005D459D_9606,39
P059946,CGUAACGGACAGAUACGGGGC,1,positive,train,GSE136967,URS0000608804_9606,113
P068478,UUGUAAACUUCUUGUUUCUUG,1,positive,train,GSE308686,URS000075B5A7_9606,63
P061366,UAAAUUUUUUCCACUGCUGUU,1,positive,train,GSE136967,URS0000A76B4D_9606,23
P066279,AAGGAUAUAAAGGUCACCAAG,1,positive,train,GSE308686,URS0000ABD812_9606,54
P079039,GCAGCAAUGCAGCUCAAAACG,1,positive,train,GSE279647,URS000044DFF6_9606,129
P062664,UCCUGUGGUCUGUUGGCUGUU,1,positive,train,GSE136967,URS0000552BBC_9606,81
P068102,GCUGUAGUGCAAAAGAAUUCC,1,positive,train,GSE308686,URS0000018549_9606,60
N019916,GGUGUGAUUAUUGCUAAUUGA,0,negative,train,GSE279647,URS00006E9214_9606,55
N015639,UAGCAUGCAAGAGGUAGCAGG,0,negative,train,GSE279647,URS0000674B10_9606,43
N024091,UUGCUUCUCAGUCUUUUGGCU,0,negative,train,GSE279647,URS0000AA3ECF_9606,12
N082963,UGUAGAUGAGAUGGCAGGAGG,0,negative,train,GSE136967,URS0000A8C404_9606,91
P058214,AAGCACUGUGCUAAAAUUGCA,1,positive,train,GSE136967,URS000075EAF7_9606,26
N023433,AUGUGUAUACAUACACACACA,0,negative,train,GSE279647,URS000079BE2A_9606,48
N025316,GCUGAGUGAAGCAUUGGACUG,0,negative,train,GSE279647,URS0002311975_9606,58
N019333,CAGCUCCUGUGUCAAUGAACA,0,negative,train,GSE279647,URS00006D7B81_9606,32
P075054,AGCUCAAGCGGUAGAGCGCUU,1,positive,train,GSE308686,URS0000674B10_9606,19
P061195,UUGCCCUGCUCCAUCCAGAGC,1,positive,train,GSE136967,URS000033FC0E_9606,98
N016593,ACCCAAUCUCGUCUGAUCUCA,0,negative,train,GSE279647,URS000068E89F_9606,37
P069464,NNNNNNNNNNAUUGCACCUAA,1,positive,train,GSE308686,URS00005357F7_9606,1
N000644,UUGUUGUUCACCUGAUAACAU,0,negative,train,GSE136967,URS0000653FA4_9606,38
P058464,GGCGAAUGCGACUCCGUGCUC,1,positive,train,GSE136967,URS000014FF3E_9606,28
N015731,CACAUUUGGGAAAUUCGUCUG,0,negative,train,GSE279647,URS000067708D_9606,110
N025389,GUGCUGAUUUCCGUGAUUUCC,0,negative,train,GSE279647,URS000231FA35_9606,88
P069373,CCUCUCAGGAAAGUAGCAGCU,1,positive,train,GSE308686,URS00004C8BD1_9606,47
P061204,CCGGGGGGCGGGCGGCGGUGC,1,positive,train,GSE136967,URS000075B0DE_9606,27
P076090,AAAGCAAUACACUGAAAAUGU,1,positive,train,GSE308686,URS00003E8921_9606,32
N024432,GUUGGGUGCCANNNNNNNNNN,0,negative,train,GSE279647,URS0000C8E9E8_9606,74
P062917,ACCCCGCAGGGGACCUCAUAA,1,positive,train,GSE136967,URS000013F331_9606,301
N015118,GAGACAUUGUAGGAGCUCAUC,0,negative,train,GSE279647,URS0000664D60_9606,97
P072843,GCCGUCUUGGUCACCUGUGUG,1,positive,train,GSE308686,URS0000010A7C_9606,48
N003813,GUUUCAGACAGGUNNNNNNNN,0,negative,train,GSE136967,URS00005D459D_9606,128
P062057,GAUGACUUCCUGUUAGUGCCA,1,positive,train,GSE136967,URS00006A65B9_9606,18
N013181,UGGAUGAAAUGUCUGCAUGAG,0,negative,train,GSE279647,URS0000638337_9606,90
P069196,CUUAACUAUACCUGUCUGCUA,1,positive,train,GSE308686,URS00004B4AC7_9606,85
P074422,GUACAGCGCCCGAAUCGGACA,1,positive,train,GSE308686,URS000054DD16_9606,45
N002863,AGCACGCUCAUGAUGAGCAAA,0,negative,train,GSE136967,URS000068C891_9606,47
P070552,NNNNNNNGCCCUGUGGUUGCU,1,positive,train,GSE308686,URS000064B135_9606,4
P066238,UCAGCUCCGCUUAACCACACG,1,positive,train,GSE308686,URS0000034D55_9606,17
P077463,NNNNNNNNNNAGAGGCACCGC,1,positive,train,GSE279647,URS000075CEC3_9606,1
N011080,NNNNNNNNNAUGACUGAUUUC,0,negative,train,GSE279647,URS00004E9304_9606,2
N027175,GAGAUCCAACUCUGAGCUCAC,0,negative,train,GSE308686,URS00008E3A6E_9606,59
P064188,GUGUGUCCUCUUCUCCCUCCU,1,positive,train,GSE308686,URS00006A5378_9606,71
N009229,UUUCAUAGCAUAUCAUUAUUA,0,negative,train,GSE279647,URS000031F86D_9606,108
P064923,CCCGAUCUCGUCUGAUCUCGG,1,positive,train,GSE308686,URS000075B93F_9606,38
P064413,AUACAAUCUAUUGCCUUCCCU,1,positive,train,GSE308686,URS00004BFD1E_9606,75
N014461,ACCCUGAAUGCUCCCGAUGUC,0,negative,train,GSE279647,URS000065782C_9606,26
P068876,UCAGUACCUGUCCUAUGCAUG,1,positive,train,GSE308686,URS00001FC3CF_9606,27
P059832,UGCCUCUGAUGAAGCCUGUGU,1,positive,train,GSE136967,URS0000830239_9606,12
N026043,GAUGGGAGAAAAUGUUCACUU,0,negative,train,GSE279647,URS0003137BF9_9606,92
N010176,CUUAAAGUACUGUAGCAGCAC,0,negative,train,GSE279647,URS000041CB9C_9606,18
N014654,NNNNNNNGGUUGGUUUGAGUG,0,negative,train,GSE279647,URS000065BE98_9606,4
N052775,UUUUGGCACAUUUGUUAAGUU,0,negative,train,GSE308686,URS000002084A_9606,28
P069366,CAAGGUGAUUCCCUCUCCAAG,1,positive,train,GSE308686,URS00004C8BD1_9606,14
N016921,GGUGUGCUCAGAGCAGGGGGC,0,negative,train,GSE279647,URS000069B54D_9606,13
P072659,GUUCUGCUACUGAAGGGAGAG,1,positive,train,GSE308686,URS00003640C3_9606,35
P059019,GAGUCCUGUGGACAAUGACUG,1,positive,train,GSE136967,URS00006422E6_9606,167
P065604,NNNNNNNNNACGGUCUGGGGA,1,positive,train,GSE308686,URS000015F227_9606,2
N022336,UCAUGCAUCAACCUGGCAUUG,0,negative,train,GSE279647,URS000072D805_9606,160
N011985,CUUGACUAGCCUUUUNNNNNN,0,negative,train,GSE279647,URS00005CF03F_9606,98
N027956,UGAAACAAAUGAUUUUGUGGA,0,negative,train,GSE308686,URS00003DDA12_9606,47
N017187,GAGACACCAUGAUGGAACUGA,0,negative,train,GSE279647,URS00006A65B9_9606,54
N002959,GUGUUUCUGAAACAAAUGAUU,0,negative,train,GSE136967,URS000062F4C6_9606,40
N004577,AACUGGGGCCGCCUGGCCUCC,0,negative,train,GSE136967,URS0000726F61_9606,90
N053137,CUCCGCAGGCUCAAGAUCAAC,0,negative,train,GSE308686,URS000075B384_9606,108
N049467,GGCCAGCCUCCAAAUUCCCAC,0,negative,train,GSE308686,URS0000818C5D_9606,173
P074033,AUUUAAGUGAUCUGACUCAUU,1,positive,train,GSE308686,URS0000ABD8C9_9606,43
P063952,UUAUAGUGCAGGUAGUGUUUA,1,positive,train,GSE308686,URS0000507C9B_9606,26
N015661,UGGAUGGGAGAUUAGAUUAGU,0,negative,train,GSE279647,URS000067510B_9606,90
N015980,AGAAGAUUAGCAUGAGGAUGA,0,negative,train,GSE279647,URS000067D376_9606,55
N021889,CUACGGUACUUGGAGAGAAUC,0,negative,train,GSE279647,URS0000724753_9606,50
P071158,AGCAGGAUUACUCUGAGAUCC,1,positive,train,GSE308686,URS000075EC44_9606,76
P058472,UGUAAAUGAUGACUUCACUUU,1,positive,train,GSE136967,URS000071403B_9606,16
P060402,NNNNNNUGUGUGUUGGAGGAU,1,positive,train,GSE136967,URS00006A38AA_9606,5
P063525,NNNNNNNAACUUCCUGUAUAA,1,positive,train,GSE308686,URS00006CEBFE_9606,4
P076839,AAAACGUCCUUAUGCCUUAAA,1,positive,train,GSE279647,URS0002A398C5_9606,608
P058632,CUGAAACCAAUUUUUUGAGGC,1,positive,train,GSE136967,URS0000673862_9606,89
N002232,CGUCUGAUUCCGGAUCAGAAG,0,negative,train,GSE136967,URS00001D909A_9606,35
P060485,AAUUUCCUAAAGAUGACUUAG,1,positive,train,GSE136967,URS00003A9200_9606,119
P068566,CUGCCUCGUGCCGGUGUGGGG,1,positive,train,GSE308686,URS000027BAE7_9606,38
N008801,NNNAGAAAUUUAGGUUAAAUA,0,negative,train,GSE279647,URS00002C899E_9606,8
P062607,GAGUGGACAUCCAUGGAUGAG,1,positive,train,GSE136967,URS00006E3D71_9606,36
N004418,CUCGAAAUCCAAUGGGGUUUC,0,negative,train,GSE136967,URS0000278E1B_9606,42
P073806,GCUGUGUUUACUGAGCAUGAU,1,positive,train,GSE308686,URS00006A82CA_9606,24
P071798,AUGUUCUGUGGUGCUGUGCAC,1,positive,train,GSE308686,URS000043549A_9606,75
N013105,GAUUGGUAAAAGGUCUGAUUG,0,negative,train,GSE279647,URS00006375AD_9606,21
P063902,UAUGCAAAACUGAUGGUGGCC,1,positive,train,GSE308686,URS0000539083_9606,69
P071539,AAUACUUAAAUGAGGAUAUGU,1,positive,train,GSE308686,URS0000A76DCB_9606,73
N019662,GAGUCUUACAUGAUGAAUACG,0,negative,train,GSE279647,URS00006DFE33_9606,40
P063198,GCCAAGGAUGAGAACUCUAAU,1,positive,train,GSE136967,URS0000708227_9606,13
P082030,CCAAUGAAUCUGCUUACCUGA,1,positive,train,GSE279647,URS00006F5B60_9606,18
P067813,UUGGACAUGUAAGAAUUGGAG,1,positive,train,GSE308686,URS000075B384_9606,45
N015914,CGUAUGAGUCAUUGACGGUGA,0,negative,train,GSE279647,URS000067B8ED_9606,35
P070837,AUUUCUGGCUUCAAAGUAAAC,1,positive,train,GSE308686,URS0000467AB5_9606,55
P059803,CAUCUGAGAGUAAUGAUGAAU,1,positive,train,GSE136967,URS0000830239_9606,42
N026179,NNNNAAUCUUUCACAUACCAC,0,negative,train,GSE279647,URS000318B3AE_9606,7
P064434,AGUUUGAGGGUCUAUGAUACC,1,positive,train,GSE308686,URS00003DBD40_9606,33
P060070,CUGGAGUUUGGUAGUACUCGC,1,positive,train,GSE136967,URS0000714944_9606,131
N045319,GUCGGAGUUAGCUCAAGCGGU,0,negative,train,GSE308686,URS0000A76E3A_9606,14
N017907,GUCCCCGGUUCGAAUCUAGGU,0,negative,train,GSE279647,URS00006B9174_9606,55
P061851,UCCGUAGUAAGACAGAGACGC,1,positive,train,GSE136967,URS00006FE7CD_9606,99
P061038,NNNNNNNGUUUUAGGGAGGGA,1,positive,train,GSE136967,URS000023DE4C_9606,4
P078743,UCCUUAUGCCUUAAACUUAUG,1,positive,train,GSE279647,URS0002A398C5_9606,614
P069974,AGUCCCUUUCCACAACGUUGG,1,positive,train,GSE308686,URS00000DE3E2_9606,99
P076629,GCCUCACACGCGGGAGACCCG,1,positive,train,GSE308686,URS0000676AD7_9606,39
P074452,NNNNNGCUGUUCAGUGAUGAG,1,positive,train,GSE308686,URS000027315D_9606,6
P065440,GGGCUGGCUCUUAAAGGCACG,1,positive,train,GSE308686,URS00001B2620_9606,116
N001894,CGUCUGACUCCAGAUCAGAAG,0,negative,train,GSE136967,URS000038F4B2_9606,34
N023941,NNNNNNNNNUAUGGCCUUACC,0,negative,train,GSE279647,URS0000A79BC6_9606,2
N023140,UGGGUGCGGGCGUGUGAGUGU,0,negative,train,GSE279647,URS000075BE91_9606,21
N021596,NNNCUGUGAAUAUUCUCGCUG,0,negative,train,GSE279647,URS000071D11D_9606,8
P070235,CUAGUAUUCUGCCAGCUUCGG,1,positive,train,GSE308686,URS00003852FE_9606,40
N018292,GGAUGGGAGGAAUACGUCUUA,0,negative,train,GSE279647,URS00006C1AFB_9606,91
P059555,GGCCAAGGGUCCUAAAGGACU,1,positive,train,GSE136967,URS0000569A4A_9606,263
N015785,GAAUGCAUCCAAUUUCAUUGG,0,negative,train,GSE279647,URS0000677DFC_9606,31
N023334,GAUAAAUUGCAGGACUCUAAA,0,negative,train,GSE279647,URS000075E772_9606,122
N015991,ACCUGUCGUCCUAGCUACUCA,0,negative,train,GSE279647,URS000067D387_9606,287
P068252,UGUUAUAACUGGGGCUCUUCA,1,positive,train,GSE308686,URS0000013F57_9606,86
N053686,CUGUGAGCACUGAAGGGGGUU,0,negative,train,GSE308686,URS00003D5684_9606,116
P070136,CCUAUCCAGGGCGAUGCAGCU,1,positive,train,GSE308686,URS00006C8370_9606,99
N004885,UAGGGAAAAUGAUUGGAUNNN,0,negative,train,GSE136967,URS0000259AE4_9606,17
P061115,UGCUGAUGUGUAAUAACACUU,1,positive,train,GSE136967,URS00000A3335_9606,48
N019366,UGGCCUUCUGGCUAAGAUCAU,0,negative,train,GSE279647,URS00006D8741_9606,20
P059988,GAACCUGAUGUGUCUUGUUUG,1,positive,train,GSE136967,URS000063F860_9606,22
P068623,AGUGGUGAGUUCUUCUGUCCA,1,positive,train,GSE308686,URS00004C6FD8_9606,77
P057687,GCUUUCUGGCGUUGCUUGGCU,1,positive,train,GSE136967,URS0000650B1E_9606,129
P058857,UGGUCGUAAAAGGAGGAAAAG,1,positive,train,GSE136967,URS00005D459D_9606,55
P075183,UGGUUCAAAUCCAGGUGCCCC,1,positive,train,GSE308686,URS00004CF9D8_9606,60
P079842,CAUAGGUUUCAUCUGUGUCUG,1,positive,train,GSE279647,URS000232424B_9606,21
P063433,NNNNCUACGGGGAUGAUUUUA,1,positive,train,GSE136967,URS0000197BB5_9606,7
P065356,GGCAGACCAACAAGAACUUUU,1,positive,train,GSE308686,URS0000569A4A_9606,132
N008558,UACCUCCUCAAAGCAAUACAC,0,negative,train,GSE279647,URS00002902E1_9606,22
P079178,CCCUCGGGCCUGACAACACGC,1,positive,train,GSE279647,URS00006C0FA0_9606,65
P067530,NNNNNNNNNNUGGUCAUUACC,1,positive,train,GSE308686,URS00004AEC70_9606,1
N000496,UGCAUAGUUCAGCAGAUUUAA,0,negative,train,GSE136967,URS000082A21B_9606,26
N003950,UGAUGGAACUGAGGAUCUGAG,0,negative,train,GSE136967,URS00006A65B9_9606,63
N019855,UUUGCUAAAGAUUUCCAUGAA,0,negative,train,GSE279647,URS00006E439A_9606,51
P074145,CCAACCGCUCUGAUGGUGGNN,1,positive,train,GSE308686,URS000002951F_9606,64
N015428,CAAUUUUGGAUAGUCUCUAUG,0,negative,train,GSE279647,URS0000672AEB_9606,126
N057222,UCGACUCCCGCACCGGCCANN,0,negative,train,GSE308686,URS00006E0DAF_9606,66
P071450,UACCCGUCUGACCNNNNNNNN,1,positive,train,GSE308686,URS000064F355_9606,102
N015010,CCACCCUGGCUUCAUCUUGGA,0,negative,train,GSE279647,URS0000661831_9606,24
N025443,NNUCUGUAGCACUAAAGUGCU,0,negative,train,GSE279647,URS00023291C5_9606,9
P062925,UCACGGCCAGCGAAGUGAGUU,1,positive,train,GSE136967,URS000013F331_9606,262
P060644,GUCCAAAAAUAGUUAAUGUGG,1,positive,train,GSE136967,URS00004ACFCF_9606,48
N015920,AGUCUGAGGUCCAANNNNNNN,0,negative,train,GSE279647,URS000067B8ED_9606,69
P071649,NNNNNNNNNNUCACUGUGAUG,1,positive,train,GSE308686,URS000032B59A_9606,1
N004052,CAAACCAUGCAGGAAACAUAU,0,negative,train,GSE136967,URS00006422E6_9606,194
N014672,AAGACUGUAUUUUCAGGGAUC,0,negative,train,GSE279647,URS000065CF88_9606,11
P064121,AUCCCAGCACUUUGGGAGGCU,1,positive,train,GSE308686,URS000075A325_9606,28
P062440,CCAGGACCUUUGACACCUGGG,1,positive,train,GSE136967,URS00006611EB_9606,67
N025769,CAGCUGCGCUUUGAGCCGGUC,0,negative,train,GSE279647,URS0002A398C5_9606,938
P080714,AGUGCGUGUCCGCGCACCAAC,1,positive,train,GSE279647,URS0000D5B596_9606,228
P065368,UGAUGAUAUCAAGGCUGUUGU,1,positive,train,GSE308686,URS0000569A4A_9606,17
N004842,GAGUGUGCGCGCUUGGAGCGU,0,negative,train,GSE136967,URS0000EB4911_9606,155
N003990,CAGCAGCUGCCAUAGCCCGGU,0,negative,train,GSE136967,URS000064B135_9606,110
N015372,GAUAACUAAUGUGAAUUGCAG,0,negative,train,GSE279647,URS0000670B0B_9606,67
P082692,UCGCUAACACCACAAGGGUCU,1,positive,train,GSE279647,URS0000716F59_9606,100
P059470,UGUCCAAGUGGCGUAGGGGAG,1,positive,train,GSE136967,URS00004A4D73_9606,51
P062505,AAUUGGAACGAUACAGAGAAG,1,positive,train,GSE136967,URS000035C796_9606,39
P072206,ACUGUCUGAGGGAUNNNNNNN,1,positive,train,GSE308686,URS000066FABB_9606,123
N014805,GUCUAUGCCAUACCACACCGA,0,negative,train,GSE279647,URS000065F6B5_9606,11
P075373,CUAGUGGUUAGGAUUCGGCGC,1,positive,train,GSE308686,URS0000635088_9606,22
P081057,UGUAAAAAACUCCAGUUGACA,1,positive,train,GSE279647,URS000044DFF6_9606,353
P080526,GAGUUUUUAUUCAAUUUUUUG,1,positive,train,GSE279647,URS00006F88C8_9606,83
N042579,AUCAUUAUUAAAGGUGAAUAC,0,negative,train,GSE308686,URS00006C8A51_9606,121
P059303,CCUCGUAUGAAAACUGCACGU,1,positive,train,GSE136967,URS000053336F_9606,42
N013327,AAGCAUGGGAACAGCCNNNNN,0,negative,train,GSE279647,URS000063C47F_9606,125
P072666,UGAAGGGAGAGAGAUGAGAGC,1,positive,train,GSE308686,URS00003640C3_9606,45
P076789,UGUGCUGGGGUUCGAGACCCG,1,positive,train,GSE308686,URS0000A76E3A_9606,71
N022284,UGCACCCAGUGGGGGAGCCAG,0,negative,train,GSE279647,URS000072D134_9606,13
P064461,UCAUCCGUCAGCUCCCUCUAG,1,positive,train,GSE308686,URS00026A2211_9606,199
N017188,GAUCUGAGGAANNNNNNNNNN,0,negative,train,GSE279647,URS00006A65B9_9606,76
P076656,NNNNNNGGCCUCGUGGCGCAA,1,positive,train,GSE308686,URS00001618FC_9606,5
P066804,UGCUUGUAGUCUCACAGUGAU,1,positive,train,GSE308686,URS00005682D3_9606,27
N023991,CCCUGAACACUCUCGAUCUCG,0,negative,train,GSE279647,URS0000A91C06_9606,27
P072600,CAGCAUUGCAUCUGAGGCAAA,1,positive,train,GSE308686,URS0000215639_9606,58
N003716,AUUGCUGAUCACUUNNNNNNN,0,negative,train,GSE136967,URS0000651282_9606,66
N032867,AACCACGAGGAAGAGAGGUAG,0,negative,train,GSE308686,URS000053962A_9606,84
P070119,NNNNNNNNNNGUCUUCUCAUU,1,positive,train,GSE308686,URS00004640CB_9606,1
P074737,GAACCUGUCUGAAGCAUCCCA,1,positive,train,GSE308686,URS0000269B1D_9606,43
P062121,AUACCCCGCCGUGACGACUUG,1,positive,train,GSE136967,URS00003F07BD_9606,88
N006275,NNNNNNNCUGGGGGCUCCAAA,0,negative,train,GSE279647,URS00000DDD35_9606,4
P069309,CUUUCCUUGAGGGGUGCAACA,1,positive,train,GSE308686,URS0000210FD6_9606,121
P075908,CUGAGUUCGAACCUCAGAGGG,1,positive,train,GSE308686,URS000025E031_9606,59
P080856,AGGCUACCGGUAAGAAUGGUU,1,positive,train,GSE279647,URS00006BA413_9606,161
N001843,CUGGCAGCAGCCUGCAGGGAG,0,negative,train,GSE136967,URS000014FF3E_9606,195
P062278,CCUUAUCUCACGAUGGUCUGC,1,positive,train,GSE136967,URS000026935A_9606,23
P078433,UUGGUCCGAGUGUUGUGGGUU,1,positive,train,GSE279647,URS00004A2461_9606,13
P067810,UUGUCUUUGGACAUGUAAGAA,1,positive,train,GSE308686,URS000075B384_9606,39
N024950,GCCUCUUUUUANNNNNNNNNN,0,negative,train,GSE279647,URS00019EB608_9606,63
N004111,GUGAGUUCUAAAAUUACACUG,0,negative,train,GSE136967,URS0000725609_9606,55
N026065,UGGAUGGGAGAAUAGGAAAGC,0,negative,train,GSE279647,URS000313FDA5_9606,87
N048173,GGUUGGUGGUUCCAGCCCACC,0,negative,train,GSE308686,URS00006ABBAC_9606,56
N002837,NNNNNNNNNNGCUGGCAUAUA,0,negative,train,GSE136967,URS0000643FAE_9606,1
P057768,GAACGCGGUCUGAGUGGUNNN,1,positive,train,GSE136967,URS0000650B1E_9606,210
P059025,GAUGAUUUAAAGUUAUCCCUG,1,positive,train,GSE136967,URS0000686085_9606,21
P061197,UGAAACGGUUUGAGGCCUUGC,1,positive,train,GSE136967,URS000033FC0E_9606,81
N022300,CUACGCAGGGUCUGGCCUGGU,0,negative,train,GSE279647,URS000072D430_9606,52
P072943,ACUCUGAGUGUGUCGCUGAUG,1,positive,train,GSE308686,URS00002E0EE8_9606,31
P059199,GAUGCAUAUGUUAGCGACCAA,1,positive,train,GSE136967,URS0000692106_9606,20
P064346,NCCUAGGAAGAGGUAGUAGGU,1,positive,train,GSE308686,URS000075B243_9606,10
P060609,ACUCUGUACUAUCAUCUUAGU,1,positive,train,GSE136967,URS000063EF58_9606,69
N024965,NNNUUGGUACAUAGUUUAAAU,0,negative,train,GSE279647,URS0001FFA663_9606,8
P074011,UCAAUGAUGUAUUCUUCUUGG,1,positive,train,GSE308686,URS0000679D94_9606,21
N052364,CUCAGUUUAGGAGGGCCGUCC,0,negative,train,GSE308686,URS00001B2620_9606,87
P059406,CCUGGUUCAUGCCAACUCUUG,1,positive,train,GSE136967,URS0000AAB145_9606,104
P064858,GCUACUCGGGAGGCUGAGGUG,1,positive,train,GSE308686,URS00003ACFC1_9606,43
N047589,GAAAUAAACUCUUUCUCGUAA,0,negative,train,GSE308686,URS000071BC75_9606,82
P064405,AGUGAUUUUACCCUGUUCAGG,1,positive,train,GSE308686,URS00004BFD1E_9606,46
P070134,NNNNNNGCAGACUCACUAUGC,1,positive,train,GSE308686,URS00006C8370_9606,5
N002555,AGCAGUUUGAUGAUCAUGUAU,0,negative,train,GSE136967,URS000015F227_9606,161
N016047,AACGCACCAGAUCUCAUCUGA,0,negative,train,GSE279647,URS000067F521_9606,32
P076024,CGAGCCCAUCCAGGGACGNNN,1,positive,train,GSE308686,URS00005A1E0D_9606,67
P068296,UAUAACUGGGGCUCUUCAGCU,1,positive,train,GSE308686,URS0000013F57_9606,89
P066047,CCAUUGUGGCUCAGGCAGGUU,1,positive,train,GSE308686,URS000010A63C_9606,17
N023229,GUGAGUGGGGCUCCCGGGACG,0,negative,train,GSE279647,URS000075C987_9606,11
N004990,GCUUUCCAGCUCUUUUNNNNN,0,negative,train,GSE279647,URS0000000A8C_9606,83
P064662,CCAUUUGUAGGAGAACGUAGG,1,positive,train,GSE308686,URS0000734D8F_9606,253
N023439,NNNNNNNNNNCCAUACCCCGA,0,negative,train,GSE279647,URS00007AFD01_9606,1
P062241,GCUUGGCGUGUUUUCAGGGAG,1,positive,train,GSE136967,URS000063B35D_9606,50
P070800,NNNNGGCCUGCUGUGAUGACA,1,positive,train,GSE308686,URS00000C304D_9606,7
P058565,NNNNNNNAUACUCUGGUUUCU,1,positive,train,GSE136967,URS0000673862_9606,4
P075492,CCUCCCAUGCGGGAGACCCGG,1,positive,train,GSE308686,URS00006B479B_9606,40
P059697,CCCAAAUGUGGGAAACUCGAC,1,positive,train,GSE136967,URS000032B6B6_9606,109
N023420,NNNNNNNNNNUAUCGGGCCCA,0,negative,train,GSE279647,URS000078EA85_9606,1
N019595,ACACAUAGAGGAUUAGCAUGG,0,negative,train,GSE279647,URS00006DE9C5_9606,49
N006003,AGUGGUUAGCAUAGCUGCCUU,0,negative,train,GSE279647,URS00000AED6F_9606,24
P069136,AGUGUAGGUAGUGUGCUACAU,1,positive,train,GSE308686,URS00001696A6_9606,66
P063038,ACUCUUUCCCCCCUUCUCACU,1,positive,train,GSE136967,URS0000103047_9606,82
P079814,AGGAACAAGCAUCAAGCACGC,1,positive,train,GSE279647,URS000044DFF6_9606,110
P063813,GUGAAGGCACUUGUAGCAUUA,1,positive,train,GSE308686,URS000032AA22_9606,67
P058284,CGCUUCCCCGUGUUUGAAGGG,1,positive,train,GSE136967,URS0000A8E179_9606,108
P072668,NNUUCUCGUGAUGAAAACUCU,1,positive,train,GSE308686,URS00003640C3_9606,9
P066724,NNNNNNNNGUUGAGGUCUAUC,1,positive,train,GSE308686,URS0000202A89_9606,3
N020101,AUGAGUCAUAGACAAUGAAUA,0,negative,train,GSE279647,URS00006EEEE6_9606,38
P067915,AGGUUUUUAAGUAACCUUUGC,1,positive,train,GSE308686,URS000000AB5A_9606,37
N010336,GCAUCUAACCAUCGUUUUUNN,0,negative,train,GSE279647,URS0000443498_9606,117
P075077,GCUCAGGCGGUAGAGCGCUCG,1,positive,train,GSE308686,URS0000643F30_9606,20
P066832,GGGCCACUGUAAAUUGAGAUG,1,positive,train,GSE308686,URS00005682D3_9606,82
P070128,NGUCUUCUCAUUGAGCUCCUU,1,positive,train,GSE308686,URS00004640CB_9606,10
N033633,UGGACUUCUAAUUCAAAGGUU,0,negative,train,GSE308686,URS0000738059_9606,38
P079334,GUAAUCAGGACUUGCAACACC,1,positive,train,GSE279647,URS00006B483D_9606,105
P064916,UGGGAAUACCGGGUGCUGUAG,1,positive,train,GSE308686,URS00000F9D45_9606,106
N005033,CUUAGCUUUGGGUGCUAAUGG,0,negative,train,GSE279647,URS0000003B66_9606,33
P068135,UGUUGCACAGCUGACUUGUGC,1,positive,train,GSE308686,URS0000018549_9606,89
N008241,AACUCCAAAUAAAAGUNNNNN,0,negative,train,GSE279647,URS0000245BF4_9606,66
P062202,NNNGGUGGGGGUUGGAGGCGU,1,positive,train,GSE136967,URS0000759B7F_9606,8
P070943,UUAGUCACUACCUCUUCUGAG,1,positive,train,GSE308686,URS000063A91D_9606,70
P059952,NNUGGGAGGCUGAUACACAAA,1,positive,train,GSE136967,URS0000608804_9606,9
P079647,NNUAAGACUAUACUUUCAGGG,1,positive,train,GSE279647,URS00008189C2_9606,9
P057699,UGCUUGGCUGCAACUGCCGUC,1,positive,train,GSE136967,URS0000650B1E_9606,141
P066809,ACGCAUGGGAUAAAAUAACAU,1,positive,train,GSE308686,URS00005682D3_9606,60
P069556,AAAAGCCGUGUUAAUCAUUUU,1,positive,train,GSE308686,URS00002982D8_9606,72
N024096,CAUGAACGUGCCCGAUCUCAU,0,negative,train,GSE279647,URS0000AA4149_9606,28
P075500,NGCCUUGGUGGUGCAGUGGUA,1,positive,train,GSE308686,URS00007131F2_9606,10
N039640,CCCCGUUAGUGCCCAGAUCAG,0,negative,train,GSE308686,URS0000451E99_9606,113
P075470,UCCCGGCCAAUGCANNNNNNN,1,positive,train,GSE308686,URS00004BF687_9606,68
P079751,GACUCCAGACACAUCCAAAUG,1,positive,train,GSE279647,URS0000D56E44_9606,296
N052820,AGGUGAAUACAAAUNNNNNNN,0,negative,train,GSE308686,URS00006C8A51_9606,132
P064561,CGUGGCGCGGGGGCGUCAUCC,1,positive,train,GSE308686,URS00026A2211_9606,184
P065855,UGGCAGUCAUGGGUGUGAUGG,1,positive,train,GSE308686,URS000075D68F_9606,237
P063932,UUCUGCUGUGCAAAUCCAUGC,1,positive,train,GSE308686,URS00003BACA4_9606,58
P065481,CUCCUAAAUGAAAAGGUAGAU,1,positive,train,GSE308686,URS00005172B7_9606,63
P073849,UGGAAUUACCGGCAGAUUGUG,1,positive,train,GSE308686,URS00006B6C71_9606,36
N038783,UGGCCAAGUGGUAAGGCGUCG,0,negative,train,GSE308686,URS00001D9AFB_9606,18
P064396,AUCUAUUGCCUUCCCUGANNN,1,positive,train,GSE308686,URS00004BFD1E_9606,80
P075318,NNGGGGGUAUAGCUCAGGGGU,1,positive,train,GSE308686,URS00003A8311_9606,9
P078304,UAGUGGGAUCGCGCCUGUGAA,1,positive,train,GSE279647,URS000014C5D2_9606,245
N019245,UGUCCUCUAUCCAAGGGCAAU,0,negative,train,GSE279647,URS00006D4DB0_9606,77
P061905,AAGCAAAUCAGUAUGAAUGAA,1,positive,train,GSE136967,URS000075C2C2_9606,32
N020434,UGGUCUUUUGGCUAAGAUCAA,0,negative,train,GSE279647,URS00006F6B56_9606,20
N052402,UGCAAAAUAAAUUCAAGACCU,0,negative,train,GSE308686,URS00005172B7_9606,99
P076119,NNNNNNNNNNUAGAUUGAAGC,1,positive,train,GSE308686,URS00004206E2_9606,1
N007045,NNNNNNNNNNAGCUACAUUGU,0,negative,train,GSE279647,URS0000170CF4_9606,1
N054080,UUUUUAACCCUGAGCAANNNN,0,negative,train,GSE308686,URS000061A537_9606,66
P075753,NNNNNNNNNGCCCGGAUAGCU,1,positive,train,GSE308686,URS000022DD4A_9606,2
P072217,GCCCCCCAGGGGCUAUGGGCG,1,positive,train,GSE308686,URS00006D051B_9606,43
P076828,CGGCCCCGGGUUCCUCCCGGG,1,positive,train,GSE279647,URS0000005270_9606,123
P059321,UGACGAGUCAGAAAGGUCACG,1,positive,train,GSE136967,URS000043549A_9606,28
N018620,UGGCUGCCUCACCUAUCCAGG,0,negative,train,GSE279647,URS00006C8370_9606,88
N020681,CCCCUCCGCCUUCUCUUCCCG,0,negative,train,GSE279647,URS00006FED78_9606,19
N020109,CACACAUAUUAAAAUUGGAAU,0,negative,train,GSE279647,URS00006EEFB6_9606,27
N030413,UCUACGGAGACUGNNNNNNNN,0,negative,train,GSE308686,URS00003F07BD_9606,142
P081847,AGUAAAUGGAUUUUUUGAGCA,1,positive,train,GSE279647,URS00006DD183_9606,101
P067019,GUCUAGUGUUGUCUCUGGACA,1,positive,train,GSE308686,URS0000818C5D_9606,141
N003193,NNNNNNNNCUGGAAAAGACAA,0,negative,train,GSE136967,URS00006826C4_9606,3
N004259,GUUUCAAGCAGAGGCCUAAAG,0,negative,train,GSE136967,URS0000552BBC_9606,52
N020942,NNUGGCCAAGGAUGAGAACUC,0,negative,train,GSE279647,URS0000708227_9606,9
N019465,CUAAGUAGGGUGGGUCCUGGU,0,negative,train,GSE279647,URS00006DA5DB_9606,56
P070753,CCUCACUGAGAACAAAGUUCG,1,positive,train,GSE308686,URS000075CFA2_9606,37
N004353,CUGAUGUCUCCAUGUCUCUGA,0,negative,train,GSE136967,URS000062ED01_9606,61
N014957,CACCCUAAAUGCACCCGAUCU,0,negative,train,GSE279647,URS0000661539_9606,25
N019460,ACCUCGGAAGCUAAGUAGGGU,0,negative,train,GSE279647,URS00006DA5DB_9606,46
N000455,AACAUAGUUCAGCAGACUAAC,0,negative,train,GSE136967,URS000050BD61_9606,22
P061308,CACUGCAUGGUAUCUGCACUC,1,positive,train,GSE136967,URS00003A960A_9606,13
P072053,AGAAAUGAAGAAACUAAAAUU,1,positive,train,GSE308686,URS0000ABD85F_9606,12
P077508,GAUCGCUUGAGUCCAGGAGUU,1,positive,train,GSE279647,URS000233AD7D_9606,149
N022565,GAUUCUGGUCUCCAAUGGAGG,0,negative,train,GSE279647,URS0000747665_9606,70
P080905,NNNNNNNNNNAGCUUUGAGCA,1,positive,train,GSE279647,URS0000664BA8_9606,1
P061914,UUUGAGUUUCAAGCAAAUUUU,1,positive,train,GSE136967,URS00006729B1_9606,82
N019004,AUCUCAGAAACUAAGCCAGGU,0,negative,train,GSE279647,URS00006CE795_9606,52
P067516,CUUUCCGUCUGUCUAAUUGUG,1,positive,train,GSE308686,URS0000721537_9606,94
P064784,GUAGUCCCAGCUACUCGGGAG,1,positive,train,GSE308686,URS00000478B7_9606,34
P058597,ACUAAAGAUUUCCGUGGAGAG,1,positive,train,GSE136967,URS0000673862_9606,54
P063625,NNNNNNNNNGAAAAAGUCAUG,1,positive,train,GSE308686,URS0000BA5588_9606,2
P062187,NNNNNNAGCUUUGCGCAGUGG,1,positive,train,GSE136967,URS00003F07BD_9606,5
P063179,NNGCUGUCCUGGACCUGUUGG,1,positive,train,GSE136967,URS00006CC68C_9606,9
N052828,CCUUGACGGUCGCCGUUCUGU,0,negative,train,GSE308686,URS00006020BE_9606,84
P060252,GAUGUUUGUUUUCACGAUGGU,1,positive,train,GSE136967,URS00006561BE_9606,18
P076082,GUUUAUGUAGCUUACCUCCUC,1,positive,train,GSE308686,URS00003E8921_9606,11
N000845,AAGUAAGUCUCCAUAAAACCC,0,negative,train,GSE136967,URS00006810EA_9606,62
P059261,AAGUAGAGCCUGACCUGGUAU,1,positive,train,GSE136967,URS00005D7632_9606,26
N015340,GUAUGGCUGCUCUAAGGGACC,0,negative,train,GSE279647,URS000066DE68_9606,110
P068948,ACAGCUCAUGGGCCCUGGGUC,1,positive,train,GSE308686,URS000072157F_9606,85
N007536,CUUCAAACCUGUAGCUGUCUA,0,negative,train,GSE279647,URS00001DA281_9606,44
P078326,NNNNNCCGCCGGGCGCGGUGG,1,positive,train,GSE279647,URS000014C5D2_9606,6
P059901,NAAGUAGGGUGAUGAAAAAGA,1,positive,train,GSE136967,URS0000650132_9606,10
N024320,AACCCAGAUAGCUCAGUUGAU,0,negative,train,GSE279647,URS0000C8E9CE_9606,16
P063011,GCCUGUAAAGGUGAACCCACU,1,positive,train,GSE136967,URS000066FABB_9606,60
P071587,UCUUCCUUGGAUGUCUGAGUG,1,positive,train,GSE308686,URS0000080E9E_9606,80
P070867,GUAAACGCCCUGACGCACUGU,1,positive,train,GSE308686,URS000075DF1C_9606,75
P064613,CCUUCCUCCCUCACCGCUCCA,1,positive,train,GSE308686,URS0000734D8F_9606,99
P075002,CCUUCCACCGUUCAUUCUAGA,1,positive,train,GSE308686,URS00004A7003_9606,154
P060457,AGGUGGCCUACUCUGUGCUGC,1,positive,train,GSE136967,URS00003A9200_9606,62
P067634,NNNNNNNNNNUUCCAAAGUGU,1,positive,train,GSE308686,URS000061AA47_9606,1
N011103,CUGGUCUGUAUUGUGAAUGGG,0,negative,train,GSE279647,URS00004F2BDE_9606,113
P058723,AUUGCACCUAAACCCAAGAAU,1,positive,train,GSE136967,URS00005357F7_9606,11
P061508,AUCAGGUCUCACACACCCUGA,1,positive,train,GSE136967,URS00006AC439_9606,103
P060775,NNNAGCUUAUCAGUGAUGUUG,1,positive,train,GSE136967,URS000071E913_9606,8
P058219,CACUAGGACCAUGUCUUGGUU,1,positive,train,GSE136967,URS000075EAF7_9606,49
P074250,GAGCAUGUAGACAAAGGUAAC,1,positive,train,GSE308686,URS00006CFC33_9606,46
P064014,GAUCCUGUCUUUCGUAAUCAG,1,positive,train,GSE308686,URS000075C381_9606,57
N019894,GGAACAGCAUAGAUAAGAUUA,0,negative,train,GSE279647,URS00006E7F01_9606,45
P057894,GAGUGAAAACUCUAUACCGUC,1,positive,train,GSE136967,URS00004219CE_9606,61
N015587,GCCUGAUCUUCUCUGGUCUGU,0,negative,train,GSE279647,URS00006747C7_9606,37
N016111,GUACUUCCUCUAUCCCAGGAC,0,negative,train,GSE279647,URS0000680D17_9606,74
P062060,CCUGUUAGUGCCACGUGUCUG,1,positive,train,GSE136967,URS00006A65B9_9606,26
N025753,CAGACCGACGGGACAGCGGCA,0,negative,train,GSE279647,URS0002A2F5E0_9606,47
N001779,AUGGUGUCCAAAAAUAGUUAA,0,negative,train,GSE136967,URS00004ACFCF_9606,43
P075655,GCGCAAUCGGUUAGCGCGCGG,1,positive,train,GSE308686,URS0000757938_9606,20
N014596,NNNNNNNNCCCCGGCUGGCUC,0,negative,train,GSE279647,URS00006596D4_9606,3
N023695,NNNNAAUUAAGUAUUGCAACU,0,negative,train,GSE279647,URS000083354E_9606,7
N023897,GUUCACAUCAUGAUUUGUUGU,0,negative,train,GSE279647,URS0000A76B4D_9606,41
P076325,CCAUUGUGCUCUGCACGCGUG,1,positive,train,GSE308686,URS00002034DC_9606,50
N025892,NAUACUUUCUUGGCCUUUUGG,0,negative,train,GSE279647,URS000305EF31_9606,10
P064468,UUCUCAGCGCGGCUGUUNNNN,1,positive,train,GSE308686,URS00026A2211_9606,264
P071477,UCCUACUUAGAGAGAAUAGGA,1,positive,train,GSE308686,URS00008E3A5F_9606,32
N007607,CGACUCCUGGCUGGCUCGNNN,0,negative,train,GSE279647,URS00001E7E7D_9606,67
P066999,CAGUGUCUGUCUGUGUUUUUC,1,positive,train,GSE308686,URS0000818C5D_9606,56
P072024,CCAACUCUGAUUUCAGCCAGA,1,positive,train,GSE308686,URS000075A742_9606,79
P059433,ACAAUGAUGACAGUUUAUUUG,1,positive,train,GSE136967,URS0000361A8E_9606,15
P062338,GCUAUUGCCUGAGUGUGCUAG,1,positive,train,GSE136967,URS00002BF97D_9606,40
P073552,AGUUUGCUGAAGCCAGAUGCA,1,positive,train,GSE308686,URS000075A693_9606,52
N022695,UAUCUCUGCCUGUCAUGCGUG,0,negative,train,GSE279647,URS00007501FD_9606,33
P063151,GGAACCAGUGGGCACUGAGAA,1,positive,train,GSE136967,URS00006CC68C_9606,106
N045868,AGGGUGAGGCCAGGCGCAGUG,0,negative,train,GSE308686,URS00006CEBFE_9606,130
P059184,UCGCAAGUGUAGGUAGUGUGC,1,positive,train,GSE136967,URS0000716F59_9606,61
P073013,CAAAGCCUGAUCUUUGCUGAU,1,positive,train,GSE308686,URS0000456F03_9606,39
P074509,UGUCUGAGUGAUUNNNNNNNN,1,positive,train,GSE308686,URS00003D103A_9606,84
N015179,NNNAUUAAUGGCCAUACCACC,0,negative,train,GSE279647,URS0000668495_9606,8
P071340,UGAAAGAUUUGGUCUGUAUGU,1,positive,train,GSE308686,URS000075CB76_9606,31
N018081,AAAGUGAUCAUGAGCUGCCCG,0,negative,train,GSE279647,URS00006BEDDC_9606,22
P060916,UAAAGAGUCCCAUGGAGAGGA,1,positive,train,GSE136967,URS000071EA53_9606,56
N015198,UAGUUCAUUACUAGAGAAGUU,0,negative,train,GSE279647,URS0000668D1E_9606,39
N001989,NNNAGUUUGCCAUGAUGAAAU,0,negative,train,GSE136967,URS00006DE18B_9606,8
P074087,AUGUCUGAACAUAUGAAUGCA,1,positive,train,GSE308686,URS000071E913_9606,38
P082373,UCUUUCACUUUACUUCUCUUU,1,positive,train,GSE279647,URS00008E3A5F_9606,99
P065081,AGGAGAUGCCGUGGACCCCGC,1,positive,train,GSE308686,URS000013F331_9606,189
P060097,CCCGCGGGCGGCCUUUUUAAC,1,positive,train,GSE136967,URS0000A9F116_9606,111
P071245,ACUGAGACUGAGUCUUUCCAN,1,positive,train,GSE308686,URS000075AF9C_9606,70
N025461,UCUUUCUAUCCUAGUACAGNN,0,negative,train,GSE279647,URS000232A742_9606,123
N021309,AUGGUGUUUACAACUACUUAA,0,negative,train,GSE279647,URS0000714A39_9606,27
N023067,AUUUUGCCCACAAGGAGGUAA,0,negative,train,GSE279647,URS000075B243_9606,51
N017199,ACAUUAGCCUGGCCCCUGCGC,0,negative,train,GSE279647,URS00006A6692_9606,55
P058079,UUGGUGGUUCGAGCCCACCCA,1,positive,train,GSE136967,URS000059D2BF_9606,58
N048880,CAGGGCCAAGGGUCCUAAAGG,0,negative,train,GSE308686,URS0000569A4A_9606,260
P065449,AUUUGUUAGUUGUACAGUGCA,1,positive,train,GSE308686,URS0000180559_9606,35
N014604,GGUCGUGGGUUCACGCCCCAC,0,negative,train,GSE279647,URS00006596D4_9606,55
P065386,CUAACAGGGUAGUCUGGCAGG,1,positive,train,GSE308686,URS00001B2620_9606,49
P079688,UAAGCUAAUUUUUUGAGGCCU,1,positive,train,GSE279647,URS00006E1BD2_9606,91
P069833,AUGCGGGAAAGGUUGCUGUGU,1,positive,train,GSE308686,URS00005B5A80_9606,76
P057909,UUAACUAAAAGGUUGGCGGUU,1,positive,train,GSE136967,URS000068D6AF_9606,46
N022037,UUUCCUUUUUUUUUUUUUUUU,0,negative,train,GSE279647,URS00007288AA_9606,265
P070805,AGUCUGAGCCUGCCNNNNNNN,1,positive,train,GSE308686,URS00000C304D_9606,77
P073139,AUAUGGUUUCGCUGCUGGCUG,1,positive,train,GSE308686,URS000065DBA2_9606,28
P060141,CAGUCUCAUAAUCUGAAGGUC,1,positive,train,GSE136967,URS00006E998F_9606,38
N021227,GCUUUUUAACCCUGAGCAAUN,0,negative,train,GSE279647,URS00007131DA_9606,64
N034360,AGCAGUUGUGGCAUUCCUCUG,0,negative,train,GSE308686,URS0000488BFE_9606,46
P081987,CUAACAGGGCUCUCCCUGAGC,1,positive,train,GSE279647,URS0000D5E272_9606,113
N001774,AUGUGGCUAAAUUGAGACAGG,0,negative,train,GSE136967,URS00004ACFCF_9606,63
N003116,CUACAGCUCUGCCACAUUUNN,0,negative,train,GSE136967,URS0000673CF7_9606,127
P061000,GUGCAACCAUAGACAGUCACA,1,positive,train,GSE136967,URS00006B01A6_9606,51
N007249,UAGUGGUUAUCAUGUUCGCCU,0,negative,train,GSE279647,URS00001A86BB_9606,23
P082745,NUUAUUUAAAACCUGACAGGG,1,positive,train,GSE279647,URS000071CE2E_9606,10
N015106,CACCCGAUCUUGUCUGAUCUC,0,negative,train,GSE279647,URS0000664D60_9606,36
P058736,GGUGCAAACAGCAAGCGGAUC,1,positive,train,GSE136967,URS00005357F7_9606,63
N003842,GCGCAGCGGAAGCGUGCUGGG,0,negative,train,GSE136967,URS000030BAD5_9606,20
N041815,NNNNNGCAGCGAUGGCCGAGU,0,negative,train,GSE308686,URS0000092302_9606,6
P071968,ACAUGAUUUUCUCGGAUGUUC,1,positive,train,GSE308686,URS00004DF250_9606,55
P059059,UGGGGGGCAGGUUUUUAAGUA,1,positive,train,GSE136967,URS000063EA00_9606,30
P072848,AUAGUUACACUGACUNNNNNN,1,positive,train,GSE308686,URS0000010A7C_9606,94
N023770,UGCCUUCUAUUAGGCCAUGAC,0,negative,train,GSE279647,URS00008E3964_9606,154
P067894,UUUUGGGGGGCAGGUUUUUAA,1,positive,train,GSE308686,URS000000AB5A_9606,26
N016586,AAACAUAGUCGGUAUUGGCAA,0,negative,train,GSE279647,URS000068E5BE_9606,109
N021005,AAGUGUAAUAUCUAUCUUUAU,0,negative,train,GSE279647,URS000070BCE2_9606,39
P078918,GCCUUUCUAUUAGCUCUUAGU,1,positive,train,GSE279647,URS000044DFF6_9606,27
P077584,UGAGGCUGGAGGAUCGCUUGA,1,positive,train,GSE279647,URS000233AD7D_9606,138
N030914,AGUGAAGACAUGAGAUCCAAC,0,negative,train,GSE308686,URS00008E3A6E_9606,48
N014860,CCAGCAAAGCUGUCACCAUUU,0,negative,train,GSE279647,URS00006602E1_9606,84
N033805,GUUAUCACAUCUGCUUUACAC,0,negative,train,GSE308686,URS000064D54F_9606,28
P067776,AAUGUGGAUUUGGGAAACUUU,1,positive,train,GSE308686,URS00000B589B_9606,74
P059277,AGUGAUGACUUUCUUAGGACA,1,positive,train,GSE136967,URS000005BADB_9606,15
N010057,GACAGUAAGUGAAGAUAAAGU,0,negative,train,GSE279647,URS000040478E_9606,46
N027288,UUCGGGGAGGGGCCCGGCGGA,0,negative,train,GSE308686,URS000013F331_9606,212
P059396,CUUGUACCUAGGCAAGUGUUA,1,positive,train,GSE136967,URS0000AAB145_9606,39
N026492,GCGUCCAGUCUCAUCUCAUCU,0,negative,train,GSE279647,URS00032E0C50_9606,32
P059038,GGGUUCCCCGCGCAGGUUCAA,1,positive,train,GSE136967,URS0000530C88_9606,57
P063560,ACGAAGGUGGUUUUUCUCAGG,1,positive,train,GSE308686,URS000075AD80_9606,44
P062015,AGUGAGGACAUGUCCUGCAAU,1,positive,train,GSE136967,URS000065235D_9606,57
N015234,CUGAACUCCUGGUUCUAUUUU,0,negative,train,GSE279647,URS0000668F7D_9606,66
P069123,AGUAAUAGUGAAGCUGGCCUA,1,positive,train,GSE308686,URS00005D459D_9606,74
N000569,GCGCUCGCUUAGCAUGCGAGA,0,negative,train,GSE136967,URS00003D2CC9_9606,34
P073987,CUCUUAAUCUUCUCUCUGAGC,1,positive,train,GSE308686,URS00005D7632_9606,85
P058323,CUGCAGAUCAAGAAGUCCCCG,1,positive,train,GSE136967,URS0000646601_9606,41
P079694,GAACAGGGCCCUGAAGCGCGU,1,positive,train,GSE279647,URS000044DFF6_9606,820
N016771,NNNNNNNNAGAUGGUCCGAAG,0,negative,train,GSE279647,URS0000696377_9606,3
P067216,AAUCAAGACCAAUGGUUUGCU,1,positive,train,GSE308686,URS00002E5E66_9606,20
N003432,GGGCUAGUUUCAGACAGGUNN,0,negative,train,GSE136967,URS00005D459D_9606,122
P082046,GACUGUAUAGAAAGAGGAGGU,1,positive,train,GSE279647,URS00004F2BDE_9606,49
N000716,GGUCUCUGGCCCAAUGAGUGG,0,negative,train,GSE136967,URS0000716F59_9606,116
P068964,AGUGUCGGAAGUGUGCUAUAU,1,positive,train,GSE308686,URS00004C6257_9606,63
P068108,CUCUGUUGCACAGCUGACUUG,1,positive,train,GSE308686,URS0000018549_9606,86
N009416,GAGAUAUAAAANNNNNNNNNN,0,negative,train,GSE279647,URS00003818BD_9606,134
N015123,CAGGUAGAGAUUUCUUUGUUC,0,negative,train,GSE279647,URS0000664E8D_9606,55
P064229,GGGCUCCAAAGUGCUGUUCGU,1,positive,train,GSE308686,URS00000DDD35_9606,15
P064499,AAGUCCGCCAAGAAGCGUAUC,1,positive,train,GSE308686,URS00026A2211_9606,152
N006242,ACCUGCCGGGGNNNNNNNNNN,0,negative,train,GSE279647,URS00000CF8FB_9606,66
N029429,ACUGUGGUGAUGGAAAUGUGU,0,negative,train,GSE308686,URS0000656AFD_9606,77
N014649,GAGUAUAUCUGAACGUGUAGA,0,negative,train,GSE279647,URS000065A7A0_9606,55
N025496,CAGGAGAAAAUACGGCCAUGA,0,negative,train,GSE279647,URS0002334056_9606,23
P063644,UGCUAAAAUUGCAGACACUAG,1,positive,train,GSE308686,URS000075EAF7_9606,34
P059865,AAAACUCUAUACCGUCAUUCU,1,positive,train,GSE136967,URS00006BC7F5_9606,66
N018135,CCCGCUUGCCUCUGAUCUGUU,0,negative,train,GSE279647,URS00006BFD06_9606,37
N017343,UUCCACUCUUUCUUCCUUCUC,0,negative,train,GSE279647,URS00006A9CD9_9606,61
N029560,CCAGUUUUGUCUGAUGCAUUG,0,negative,train,GSE308686,URS00006B5455_9606,78
N014404,UUUCCGUGGAAGGGAACAAUU,0,negative,train,GSE279647,URS00006555EC_9606,62
N006490,CUGCACUUGACUAGUCUUUUN,0,negative,train,GSE279647,URS0000103047_9606,104
P066242,GGUCUCUCAGCUCCGCUUAAC,1,positive,train,GSE308686,URS0000034D55_9606,11
P068663,UCCAGCGUCAGUAUUUUGAUG,1,positive,train,GSE308686,URS00004C6FD8_9606,94
P063066,UCUCAAUUGAUUGUUCACAGU,1,positive,train,GSE136967,URS0000103047_9606,35
P065858,AGUCAUGGGUGUGAUGGUGCA,1,positive,train,GSE308686,URS000075D68F_9606,241
N026477,AAGCAGGGCCGGGCCUGGUUA,0,negative,train,GSE279647,URS00032DF58C_9606,66
N007517,GUUCGAACCCCGUCCGUGCCU,0,negative,train,GSE279647,URS00001D9AFB_9606,62
P058049,AGUGUCACUAAAGUUGGUAUA,1,positive,train,GSE136967,URS0000007D24_9606,53
P060962,GCUUUAGCAGGGCUNNNNNNN,1,positive,train,GSE136967,URS000071EA53_9606,114
N005352,GAGUUCGAUCCUCGCUGGGGC,0,negative,train,GSE279647,URS0000023412_9606,61
P082870,AGUGAUGAUCACUAUUCCUAC,1,positive,train,GSE279647,URS00008E3A5F_9606,17
P079219,CAUUGCCACCUACUUCGUGGC,1,positive,train,GSE279647,URS00006C0FA0_9606,98
P064849,CCAGCUACUCGGGAGGCUGAG,1,positive,train,GSE308686,URS00003ACFC1_9606,40
N008613,AGCAACACAUAUACUAAAAUU,0,negative,train,GSE279647,URS000029C48F_9606,22
N025739,NNNNNNNGAGAGAGAGAGAGA,0,negative,train,GSE279647,URS0002A21FEC_9606,4
N036832,AAUACCUGCAAGCUGCCACUC,0,negative,train,GSE308686,URS000002FDBC_9606,107
P082849,CUGAGGGAGCUCGUCGGUGUG,1,positive,train,GSE279647,URS0002A59E14_9606,71
P059270,GGACACCUUUGGAUUUACCGU,1,positive,train,GSE136967,URS000005BADB_9606,31
P068554,AUGGGUUCCAUUCCGGUGCAA,1,positive,train,GSE308686,URS00003CCCBE_9606,48
N024537,CACCCUGAACGCGACUGAUCU,0,negative,train,GSE279647,URS0000DA5E3A_9606,25
P068806,UGCCUGACUGUGCUCAUGUCC,1,positive,train,GSE308686,URS000075E772_9606,29
N011978,GUUCCUUCUCCACUCCCACUG,0,negative,train,GSE279647,URS00005CF03F_9606,72
N025893,CCUAAUAUCACCCUGAAUGUG,0,negative,train,GSE279647,URS000305F8A1_9606,12
P072193,NNNNNNNNNNUCCCAAUGAAG,1,positive,train,GSE308686,URS000066FABB_9606,1
P064608,CACCCCAUUGAUCGCCAGGGU,1,positive,train,GSE308686,URS0000734D8F_9606,43
N008596,GUUAAUCAUUUUUGAUUUUGC,0,negative,train,GSE279647,URS00002982D8_9606,81
N012561,CUUGGAUGGGAGACUUCAAGG,0,negative,train,GSE279647,URS000062A50C_9606,90
N008581,AUUUUGUGGAAGUACUGCCAU,0,negative,train,GSE279647,URS00002982D8_9606,37
P070640,NNNGCUCUGUGAUGGAGCCCA,1,positive,train,GSE308686,URS0000706530_9606,8
P079273,ACUGCUCGCCAGAACACUACG,1,positive,train,GSE279647,URS000044DFF6_9606,490
N007633,AAACGAAUGAUUUCGACUCAU,0,negative,train,GSE279647,URS00001EC0B3_9606,29
N001997,GUCUUGUAAACCAGGGGUCGC,0,negative,train,GSE136967,URS0000725A6A_9606,40
N026379,UGGUUAGAACUUGGCUGAAAG,0,negative,train,GSE279647,URS000325852A_9606,78
P058305,CAAAUCCGGGUGCCCCCUNNN,1,positive,train,GSE136967,URS0000646601_9606,65
N006805,CCCCGCCCUUCGGGGAGGGGC,0,negative,train,GSE279647,URS000013F331_9606,204
N014821,NNNGGGACCCCGUGAUGUCCA,0,negative,train,GSE279647,URS000065F8CD_9606,8
P065950,UAUGAUGGUUUCUACACUUGA,1,positive,train,GSE308686,URS000075AAF7_9606,333
P079987,CCUGGCAGGGAAGAUUACCAU,1,positive,train,GSE279647,URS0000642E17_9606,18
P079392,NNNNNNUGGCAACUGUGAUGA,1,positive,train,GSE279647,URS000072E179_9606,5
N000224,UUCAAAGGUUCCGGGUUCGAG,0,negative,train,GSE136967,URS000047CD44_9606,49
N019011,GUUCUUAUCAGUUAAAAAUAC,0,negative,train,GSE279647,URS00006CEC8E_9606,49
N002380,UGCCUUCCAAGCAGUUGACCC,0,negative,train,GSE136967,URS0000716B70_9606,39
P070222,GGAAAGCAAGCCUGGCAGAGG,1,positive,train,GSE308686,URS00003852FE_9606,69
P069633,GCUCUAAGGGACCUUGGAGAC,1,positive,train,GSE308686,URS00000D55EA_9606,121
P060025,UGACUGCAGAUCAAGAGGUCC,1,positive,train,GSE136967,URS0000417A0F_9606,38
N026743,CAUAGCGAGACCCCGUCUCUN,0,negative,train,GSE308686,URS00000478B7_9606,290
P074012,GAUGUAUUCUUCUUGGAACUG,1,positive,train,GSE308686,URS0000679D94_9606,26
P071917,UGGUACAGAAGGUUGACGAAA,1,positive,train,GSE308686,URS0000535D45_9606,75
N024737,NNNNNNNNNNUAGCUUAACAC,0,negative,train,GSE279647,URS0000DDCC12_9606,1
N020750,UGUGAUCUCAGAAACUAAGCA,0,negative,train,GSE279647,URS0000700638_9606,48
N018910,CUGCUUUAGAGCCUCUGCGUG,0,negative,train,GSE279647,URS00006CD075_9606,14
N009624,GUCCCACCUGGGGUGNNNNNN,0,negative,train,GSE279647,URS0000390F3A_9606,69
N030996,AGAAGGAACUGUCUGAGGGAU,0,negative,train,GSE308686,URS000066FABB_9606,116
P078219,GCUUGGGCUGGUGACGCGUGC,1,positive,train,GSE279647,URS0000EF4B94_9606,48
P081092,UCCAGAUGUGUUGACCCCUGC,1,positive,train,GSE279647,URS0000308A28_9606,82
N003473,NNNNNNNGUCAGGAUGGCCGA,0,negative,train,GSE136967,URS000042F13F_9606,4
N009789,AUUAGCAUCUACUGCCCUAAG,0,negative,train,GSE279647,URS00003B0CDB_9606,47
P075426,CGGGUUUCGGCANNNNNNNNN,1,positive,train,GSE308686,URS000029CCC5_9606,72
P059367,UGAUUUGAAUUGAUAAGCUGA,1,positive,train,GSE136967,URS000015A7CF_9606,17
N032721,AAGAUGAGUGGUGAAAAUCUG,0,negative,train,GSE308686,URS00006BA413_9606,222
P063831,AGUCUGAUCGUUCCCCUCCGU,1,positive,train,GSE308686,URS0000D5073B_9606,67
P078890,CUGUAGGCUCAUUAAGCAAGG,1,positive,train,GSE279647,URS0000758799_9606,42
N018726,NNNNNNCUCCAUUCUCAGCCU,0,negative,train,GSE279647,URS00006C9A39_9606,5
N011778,GACCAAUGGGACUUAAACCCA,0,negative,train,GSE279647,URS00005B0FBE_9606,14
P062474,AGGAUGACACGCAAAUUCGUG,1,positive,train,GSE136967,URS000035C796_9606,80
P067621,CUAUUCAUUUGCCUCCCAGCC,1,positive,train,GSE308686,URS000061AA47_9606,115
P070772,CACUGAGAACAAAGUUCGGUA,1,positive,train,GSE308686,URS000075CFA2_9606,40
N022383,UCUGAAUUAAGUCUCCAGUCU,0,negative,train,GSE279647,URS00007317AF_9606,37
P077726,NNNNNNNNNNACUCUGGUUUC,1,positive,train,GSE279647,URS000291574E_9606,1
P071207,UUGGCCAGUUUUGUCUGAUGC,1,positive,train,GSE308686,URS00006B5455_9606,74
P060241,UGGUUCGAGCCCAUCCAGGGA,1,positive,train,GSE136967,URS00005A1E0D_9606,62
P064860,GGGAGGAUCGCUUGAGCCCAG,1,positive,train,GSE308686,URS00003ACFC1_9606,63
N002540,NNNNNNNNNNACAAGCCUAUG,0,negative,train,GSE136967,URS000072C309_9606,1
N028645,GAAAAAUUACAAGAUCCAACU,0,negative,train,GSE308686,URS000075A742_9606,64
P073615,CACGUGCAGUCUGAUUAUUUA,1,positive,train,GSE308686,URS000053336F_9606,58
N020798,UAUUUACAGCUAAUUGAGCAC,0,negative,train,GSE279647,URS0000703102_9606,31
N044284,NUCCUCGUUAGUAUAGUGGUU,0,negative,train,GSE308686,URS000013899F_9606,10
N019314,CGAAUCCCUCCGUGGUUANNN,0,negative,train,GSE279647,URS00006D69C0_9606,66
P058276,UUCCAAACUCUGGAGCUUUCG,1,positive,train,GSE136967,URS0000A8E179_9606,143
N014731,CACCCUGAGUACAUGUGAUCU,0,negative,train,GSE279647,URS000065E81E_9606,25
P063596,NNAUACUUACUUGGCGGGGGA,1,positive,train,GSE308686,URS000069B06F_9606,9
P065341,AUACAGAGUUAUGUGUGUUCA,1,positive,train,GSE308686,URS0000569A4A_9606,104
N011234,AUAGUCCUAGANNNNNNNNNN,0,negative,train,GSE279647,URS0000521EE0_9606,72
P061069,AGGAUGGGCUGGCUGUCCGUU,1,positive,train,GSE136967,URS0000704142_9606,105
N020182,UAUGAGUCUUUUGCGAUGAAU,0,negative,train,GSE279647,URS00006F0FAC_9606,37
P063055,CACAGUCAGUUACAGAUCGAA,1,positive,train,GSE136967,URS0000103047_9606,50
P075565,GGGAGGCCCGGGUUUGAUUCC,1,positive,train,GSE308686,URS000009AC8B_9606,50
N054717,CCCAGGUUUGAUUCCUGGCCC,0,negative,train,GSE308686,URS00006D4584_9606,56
P061186,AGUGAUGACUUGCGAAUCAAA,1,positive,train,GSE136967,URS000062ED01_9606,15
P067337,UGCUGAGAGAAAACCCUUGAU,1,positive,train,GSE308686,URS000022C1CA_9606,65
P075016,CAAAUGGUAGAGCGCUCGCUU,1,positive,train,GSE308686,URS000052A1C9_9606,23
P079201,NNNNNNNNNNUUGCAUGUGGA,1,positive,train,GSE279647,URS00005A2612_9606,1
P061919,GGAGAGAAACCGUUUUGAGUU,1,positive,train,GSE136967,URS00006729B1_9606,69
P068246,CUUCACGGGCCAAGCAACAGU,1,positive,train,GSE308686,URS0000013F57_9606,48
P066232,GAAUGGCCUCUCUGUUCCUAG,1,positive,train,GSE308686,URS0000034D55_9606,110
N005489,AGAUGAAAACCUUUUUCCAAG,0,negative,train,GSE279647,URS000004601F_9606,53
P060908,GCCUUUUACUAAAGAGUCCCA,1,positive,train,GSE136967,URS000071EA53_9606,47
P065956,AUCUUUGUAACUAUGAUGGUU,1,positive,train,GSE308686,URS000075AAF7_9606,322
N006320,GGUUAGAGCACUGGUCUUGUA,0,negative,train,GSE279647,URS00000F30A4_9606,27
N032341,GUCUUGGGGCCUGUCUCUACA,0,negative,train,GSE308686,URS000027BAE7_9606,113
P067142,NNNNAAGCAACACUCUGUGGC,1,positive,train,GSE308686,URS00000F8A5F_9606,7
P077790,AUGAGGUGGCAAGAAAUGGGC,1,positive,train,GSE279647,URS000044DFF6_9606,706
P064292,GGUUGUAUAGUUUGGGGCUCU,1,positive,train,GSE308686,URS00004BC34C_9606,24
N021848,GAUGACCACUGGUGGCGUUUG,0,negative,train,GSE279647,URS00007234FC_9606,20
P066589,AUUAGAGAGGCUAUGUCUACG,1,positive,train,GSE308686,URS000008230A_9606,74
N009587,GAAGGCUGCGUGUUCGAAUCA,0,negative,train,GSE279647,URS000038F4B2_9606,51
N049646,CAUUGAAACUGGCUAGGGAAA,0,negative,train,GSE308686,URS000068A4EE_9606,71
P076133,GCUCGUUGGUCUAGGGGUAUG,1,positive,train,GSE308686,URS000072540A_9606,12
P058221,AUGUCUUGGUUUUUGCAAUAA,1,positive,train,GSE136967,URS000075EAF7_9606,59
N023183,AGUGUAGAUCCUGUCUUUCGU,0,negative,train,GSE279647,URS000075C381_9606,51
P066918,GUGCUAGAGCAUUGCCUGCUC,1,positive,train,GSE308686,URS000028CE2F_9606,62
N022669,CCUUAGACAUCCUUAGGUCGC,0,negative,train,GSE279647,URS000074FC25_9606,58
N011729,GUUUCUCCUUUGUCCUGCAUG,0,negative,train,GSE279647,URS00005ACA64_9606,74
N012345,GUGUUUACAACCAAUUAAUCA,0,negative,train,GSE279647,URS0000624D17_9606,30
P074741,GCAUCCCAGUGAUGCAACUUC,1,positive,train,GSE308686,URS0000269B1D_9606,56
N048904,UGCAUUUGUUAGUUGUACAGU,0,negative,train,GSE308686,URS0000180559_9606,32
N011550,CUGGCUUUAGCUCAGCGGUUA,0,negative,train,GSE279647,URS000058CD99_9606,13
N020983,AACCGGAAAGUUGGUGGUUCG,0,negative,train,GSE279647,URS00007082D4_9606,48
P081505,CCUAAAGGACUUAGCUUGUGU,1,positive,train,GSE279647,URS0000569A4A_9606,274
P078193,CCUCCCCAAUAAAGCUAAAAC,1,positive,train,GSE279647,URS000044DFF6_9606,322
N001370,NNNNGUCCAGAAAACAAUGAU,0,negative,train,GSE136967,URS00006457BC_9606,7
N056288,UGUCUUGUCUUCAUCCGGUUG,0,negative,train,GSE308686,URS000000D517_9606,79
P075597,GAGGCCCAGGUUUGAUUCCUG,1,positive,train,GSE308686,URS00006D4584_9606,52
N012847,GGGUCAAGCCUGAUUAGUACU,0,negative,train,GSE279647,URS0000632BBF_9606,68
P066102,GCGCGGGCCCUCGGACCCUCA,1,positive,train,GSE308686,URS000002A4F1_9606,38
N003795,UGUCAUAGUUACACUGACUGU,0,negative,train,GSE136967,URS0000650132_9606,92
N039052,GACCUCUCCGCUCCGCACAGN,0,negative,train,GSE308686,URS000075AFFE_9606,65
N021726,GAAUGUCUGAUCUCAUCUGGU,0,negative,train,GSE279647,URS00007202B6_9606,41
P059658,GGGGACUGCGUUCGCGCUUUC,1,positive,train,GSE136967,URS000032B6B6_9606,149
P063395,AUUAGCUGAAUCUAAAGUUGA,1,positive,train,GSE136967,URS0000725609_9606,33
N029587,UAAUGUAUGUGGAUGAGGACA,0,negative,train,GSE308686,URS0000A76B4D_9606,65
N015415,ACAAUGGUAUUUACAACUUAU,0,negative,train,GSE279647,URS00006729E8_9606,24
P065185,CGUCCUGUCACUCCACUCCCA,1,positive,train,GSE308686,URS000013F331_9606,54
N008208,UACAAUGUAGAUUUCUGUGUU,0,negative,train,GSE279647,URS0000245997_9606,43
N018592,UAUGCACCUGACUGUACUUCC,0,negative,train,GSE279647,URS00006C8370_9606,21
P059758,AGGUGGUUUUCCCAGGGCGAG,1,positive,train,GSE136967,URS000032B6B6_9606,46
N021215,AAUCUCUCACUGAAUUCAACC,0,negative,train,GSE279647,URS00007131DA_9606,24
P079930,UGCCGCCGGCGGCGGUGAGGC,1,positive,train,GSE279647,URS000075A546_9606,87
N030981,GAAUUUGAAUAUCUGAAACUC,0,negative,train,GSE308686,URS000031EDF0_9606,73
N044775,AUUCUCGCUUCGGGUGUGAGA,0,negative,train,GSE308686,URS00006744D5_9606,33
N005264,GAGAAAAAGUCUUUAACUCCA,0,negative,train,GSE279647,URS0000019953_9606,14
P059782,CUGGCAGGGGAGAUACCAUGA,1,positive,train,GSE136967,URS000032B6B6_9606,19
P081961,UGCUUACCUGAUUGUGUUUGU,1,positive,train,GSE279647,URS00006F5B60_9606,28
P061019,GAUCGGAUCGUGACCCCAGCC,1,positive,train,GSE136967,URS0000EB4911_9606,238
N006257,CAAUACACUGAAAAUGUUUAG,0,negative,train,GSE279647,URS00000D3418_9606,38
P066608,NNNNACUGCCCCUAGAGGCGU,1,positive,train,GSE308686,URS000008230A_9606,7
N004562,CCAGAUGUCUACUGAAGAAAG,0,negative,train,GSE136967,URS00000335D1_9606,43
N028013,UAGAAUUACUCUGAGACCUUN,0,negative,train,GSE308686,URS00000A3335_9606,75
P061242,AAACCUGAUGUUACAUUGUAG,1,positive,train,GSE136967,URS0000626A32_9606,47
P066611,CCCGUGAACGUUUGAAUGUUU,1,positive,train,GSE308686,URS000008230A_9606,108
N015099,CCAUACCACCCUGAACGCACC,0,negative,train,GSE279647,URS0000664D60_9606,19
N019408,ACCCAAAAUGAAAAGAAUACU,0,negative,train,GSE279647,URS00006DA061_9606,44
P066779,NNNNNNNNNNGUGCACAUUUC,1,positive,train,GSE308686,URS000033A30E_9606,1
P058114,UGGCUGAACUUUCAAGUGAUG,1,positive,train,GSE136967,URS000041615F_9606,42
P059442,CCCUGACUGAAGACCAGCAGU,1,positive,train,GSE136967,URS000047E28E_9606,14
N024606,NNNNNNNNUAAAUCUAAAGAC,0,negative,train,GSE279647,URS0000DC9DD3_9606,3
N005978,GAGAAUCGAACCCAUCCCUGA,0,negative,train,GSE279647,URS00000A75D2_9606,21
P062606,CAUCCAUGGAUGAGAAAUGCG,1,positive,train,GSE136967,URS00006E3D71_9606,43
P078875,GGAUGGAAGAGGCCCUCGGGC,1,positive,train,GSE279647,URS00006C0FA0_9606,53
N055367,NNNNNAUAGGGCGGAGGGAAG,0,negative,train,GSE308686,URS000013F331_9606,6
N004916,NNNNNNNNGCAGCGAUCCUAC,0,negative,train,GSE136967,URS0000D5073B_9606,3
P068203,CAUCCCAGCUUGGCUUUUGAU,1,positive,train,GSE308686,URS0000438819_9606,89
N025504,AGUGCAGAUAGUGGUCCUCUC,0,negative,train,GSE279647,URS0002335424_9606,33
P081926,AAACUAAAAACGUCCUUAUGC,1,positive,train,GSE279647,URS0002A398C5_9606,602
N004692,GAGUCUUUCCACNNNNNNNNN,0,negative,train,GSE136967,URS00006826C4_9606,80
P073036,GUUCAGAUGAUGAAUUUAACU,1,positive,train,GSE308686,URS0000694F71_9606,11
P060606,ACAAAAUGAGUGGGAACUCUG,1,positive,train,GSE136967,URS000063EF58_9606,54
P079416,GCGUACACACCGCCCGUCACC,1,positive,train,GSE279647,URS000044DFF6_9606,837
P073932,ACUGACUGUGCUGAGUCUGUU,1,positive,train,GSE308686,URS00006292A1_9606,43
P069597,CUUCCUUGGUAGUGUACGCAG,1,positive,train,GSE308686,URS00000D55EA_9606,81
P058437,UGGGGUCCACGGUAGGGCUGG,1,positive,train,GSE136967,URS000014FF3E_9606,225
P065448,ACAGUCACACACAUUAAAACA,1,positive,train,GSE308686,URS0000180559_9606,63
P058861,AUCGGAUCUGAACACUGGUCU,1,positive,train,GSE136967,URS00005D459D_9606,31
P067150,UAACCUAUUCCGGUGUUCUCU,1,positive,train,GSE308686,URS00000F8A5F_9606,79
P060248,CACGCAGAAGGUCCUGGGUUC,1,positive,train,GSE136967,URS000070B37B_9606,46
N006097,GUGGUUCCCUGUCUUUGGACA,0,negative,train,GSE279647,URS00000B589B_9606,32
N004237,UGGCCUACAUGNNNNNNNNNN,0,negative,train,GSE136967,URS000063EA00_9606,138
N033840,GUUCUUUAAUUGAAACAAGCA,0,negative,train,GSE308686,URS00005CCF67_9606,42
P058357,CGCUUUUGGGUGAAGUGGCAA,1,positive,train,GSE136967,URS0000634EB5_9606,86
N083035,UUUAAGAGCUUUUUGAAGUGC,0,negative,train,GSE136967,URS000067CAFD_9606,40
P075754,CCUGUUCGGGCGNNNNNNNNN,1,positive,train,GSE308686,URS000022DD4A_9606,72
P064258,GGUGAGGUAGUAAGUUGUAUU,1,positive,train,GSE308686,URS000075BF40_9606,30
P058436,GGUAGGGCUGGGCACAAGCCA,1,positive,train,GSE136967,URS000014FF3E_9606,235
P068593,GGAGUCAGUCUGCAACAGUAA,1,positive,train,GSE308686,URS00004C6FD8_9606,57
P074766,GUUUUUAUUCAAAAUGUCUGA,1,positive,train,GSE308686,URS0000269B1D_9606,24
P073272,UGAUGACAACUCGGUAAUGCU,1,positive,train,GSE308686,URS000029360B_9606,16
N003688,UGCAGUGUCUCCAUCAGCAGU,0,negative,train,GSE136967,URS0000633321_9606,42
P073424,NNNCUGCGAUGAUGGCAUUUC,1,positive,train,GSE308686,URS00004BB247_9606,8
P064321,GCCCCUCGGAAGAUAACUAUA,1,positive,train,GSE308686,URS000075A6A4_9606,54
N011347,UGAACUGUGUGGACAAGCUCA,0,negative,train,GSE279647,URS0000530EBF_9606,69
N024052,NNNNNNNNGUCUACCGCCAUA,0,negative,train,GSE279647,URS0000A9E2B5_9606,3
P068171,GUUCAUCCCAGCUUGGCUUUU,1,positive,train,GSE308686,URS0000438819_9606,86
N018879,UGAUGAAUAUCAUGGGGUUUC,0,negative,train,GSE279647,URS00006CC403_9606,19
N003349,CUGCUCUUUUAAAAACAAGGU,0,negative,train,GSE136967,URS0000013F57_9606,120
P068884,CAGGGAUAAAUUUGGUUACAG,1,positive,train,GSE308686,URS00001FC3CF_9606,118
P058500,UCCUUUUCUUGGCGGGGAUCG,1,positive,train,GSE136967,URS00000CC074_9606,13
P065198,CCCAUGUCCCUUGGGAAGGUC,1,positive,train,GSE308686,URS000013F331_9606,71
N017378,ACGCCGGAUGUCAUCUCAUCU,0,negative,train,GSE279647,URS00006AA0BB_9606,35
N011251,ACGUUGGGCGAUNNNNNNNNN,0,negative,train,GSE279647,URS0000527A9F_9606,72
N004567,GCACCGCUCUGAGACCUGNNN,0,negative,train,GSE136967,URS00006D7506_9606,77
P057995,CCUACCCCAUAUACACCUCAG,1,positive,train,GSE136967,URS00004F2BDE_9606,78
N002253,UCGCAGUCUCCCCUGGAGGCG,0,negative,train,GSE136967,URS00000FB60D_9606,49
N003972,ACAAACCCGUAGAUCCGAACU,0,negative,train,GSE136967,URS000054969A_9606,20
N001221,NNNNNNAAUCAAUGAUGAAAC,0,negative,train,GSE136967,URS00006F8A66_9606,5
P060701,UCUUCUCAAGGUGAAGAUAAC,1,positive,train,GSE136967,URS0000466492_9606,34
P073195,UGAGUUCCAGUGAUGCCUCUU,1,positive,train,GSE308686,URS00006C2FB0_9606,47
P068092,UUUAAACCUGUGGAUGGGAAU,1,positive,train,GSE308686,URS0000018549_9606,20
P061647,CAGUGGUAGAAUUCUCGCCUG,1,positive,train,GSE136967,URS000013B42D_9606,23
P063022,UCUUACUCUCUGUCCUAGUCC,1,positive,train,GSE136967,URS000066FABB_9606,35
N014716,AUAAUCUGAAAGUCCUGAGUU,0,negative,train,GSE279647,URS000065DEBF_9606,45
P071321,CUGAUGAUUCUUCUUCCUGAG,1,positive,train,GSE308686,URS000068C891_9606,28
N011785,UUAGUUAACAGCUAAGCACCC,0,negative,train,GSE279647,URS00005B0FBE_9606,42
P078044,GAACUCCUGGGCUCNNNNNNN,1,positive,train,GSE279647,URS000233AD7D_9606,477
N028466,GAGCAGAGGAAAUCCAGACAG,0,negative,train,GSE308686,URS000027BAE7_9606,78
N053613,UACCCCAGGAUGCCAGCAUAG,0,negative,train,GSE308686,URS0000ABD80F_9606,132
P068395,GGACCAGAGCACCCUAGAAGC,1,positive,train,GSE308686,URS00003E7565_9606,64
N015887,UAGGCAAGGCUNNNNNNNNNN,0,negative,train,GSE279647,URS000067B2B1_9606,117
P070224,GGGAUCGCAUCUGGAGAGUGC,1,positive,train,GSE308686,URS00003852FE_9606,19
P077244,CUCCUGGGCUCNNNNNNNNNN,1,positive,train,GSE279647,URS000233AD7D_9606,480
N026572,UCAUUUCCAUAGUUCGUUACU,0,negative,train,GSE279647,URS00033866C4_9606,30
P058692,AGGCAUUGGCCUCCUAAGCCA,1,positive,train,GSE136967,URS000005A7A9_9606,32
P071535,AUCCAGUGAUUAAACCUUUUC,1,positive,train,GSE308686,URS0000A76DCB_9606,17
N032037,CCUUGCUUUGGCAAGGCUANN,0,negative,train,GSE308686,URS000075BAAE_9606,109
N023823,GGGUGCUAAUGNNNNNNNNNN,0,negative,train,GSE279647,URS00008F389C_9606,43
P066337,UGUUGCCCAUUCACUUUGGAA,1,positive,train,GSE308686,URS00001BD443_9606,19
P067273,CUGAAUCAAGGCCAGCAGUUU,1,positive,train,GSE308686,URS0000599BEA_9606,17
P070970,GUCUGUAUCUCUGAGGUCCAU,1,positive,train,GSE308686,URS00006B57E0_9606,67
N023945,AAAUGUACUUGCUCUCAUGUG,0,negative,train,GSE279647,URS0000A7CD39_9606,31
P079888,UCAAGUAUACUUCAAAGGACA,1,positive,train,GSE279647,URS000044DFF6_9606,862
P067302,NNNNNNNNNNGUGGCCCUGAC,1,positive,train,GSE308686,URS0000552BBC_9606,1
P076946,ACAAUAUAUUAAAUGGAUUUU,1,positive,train,GSE279647,URS00021ED9AF_9606,351
N001872,UUCCAGUGGCCCUGACUGAAG,0,negative,train,GSE136967,URS000075D26F_9606,18
N012559,GGGUCAGGCCUGGUUAGUGCU,0,negative,train,GSE279647,URS000062A50C_9606,71
N050294,AUUGCCCAGUCCCCUUACCUG,0,negative,train,GSE308686,URS00003D5684_9606,91
N012772,GAUGUCUUAGUUCCUUCUCCA,0,negative,train,GSE279647,URS0000631AD9_9606,67
N007102,GGGUAUGAUUCUCGCUUAGGA,0,negative,train,GSE279647,URS0000185B47_9606,24
P062970,GGUGGGGGCAGUCGGUGCCCC,1,positive,train,GSE136967,URS0000451E99_9606,95
P059829,CUCUGAUGAAGCCUGUGUUGG,1,positive,train,GSE136967,URS0000830239_9606,15
N017557,AGCCUUUUGGCUAAGAUAGAG,0,negative,train,GSE279647,URS00006B0107_9606,21
P060474,AAAGAGCCCUGGUUGAAGUAA,1,positive,train,GSE136967,URS00003A9200_9606,100
P066401,GUGAAUGCUAUAGAAAUUGCA,1,positive,train,GSE308686,URS00005F2496_9606,64
P068914,CUCCACAGCUCAUGGGCCCUG,1,positive,train,GSE308686,URS000072157F_9606,81
N012798,CUAGGAAGCUAAGCAGGGUUG,0,negative,train,GSE279647,URS0000631CEE_9606,54
P076364,NNNNNNNNNGCAGCGAUGGCC,1,positive,train,GSE308686,URS0000092302_9606,2
N006529,UAGAGUCUCCGAUGCUGGUCA,0,negative,train,GSE279647,URS000011C781_9606,32
P062960,CGAAGAGAAUCUACUGGUCUU,1,positive,train,GSE136967,URS0000451E99_9606,66
P061547,AAGCACGUGUUAGACUGCUGA,1,positive,train,GSE136967,URS00006F39E7_9606,32
N019254,AAAAAAAAAGACAUGACAUUU,0,negative,train,GSE279647,URS00006D4E42_9606,92
N004373,UGUUUCUGAAACACAUGAUAU,0,negative,train,GSE136967,URS000072BDC5_9606,43
P061589,AUCUGAGUGUCGGUGCUGAAA,1,positive,train,GSE136967,URS00006CCF53_9606,36
N011616,UUGGUUUCAAGCAGGAGCCUA,0,negative,train,GSE279647,URS0000599BEA_9606,48
P072119,UAAAGUUAUCCCUGUCUGAAA,1,positive,train,GSE308686,URS0000ABD829_9606,29
N005457,NNNNNNAGUAAGGUCAGCUAA,0,negative,train,GSE279647,URS000004104A_9606,5
N023844,CUAAUGGUGGANNNNNNNNNN,0,negative,train,GSE279647,URS00008F72D4_9606,48
N024332,CUGUUCCUUAANNNNNNNNNN,0,negative,train,GSE279647,URS0000C8E9CE_9606,79
P060204,AUCACGUCGGGGUCANNNNNN,1,positive,train,GSE136967,URS0000222FD2_9606,68
P068612,CUAGUCUGGCUCGUGGGACUC,1,positive,train,GSE308686,URS00004C6FD8_9606,31
P076086,CUCACAUCACCCCAUAAACAN,1,positive,train,GSE308686,URS00003E8921_9606,62
N003280,UCUUGUUUGCAAAAUAAAUUC,0,negative,train,GSE136967,URS00005172B7_9606,92
N023311,AAACCCUAGGUCUGCUGACUC,0,negative,train,GSE279647,URS000075E1CD_9606,15
